Iteration	Posterior	Likelihood	Prior	rate01	rate_log_sd	tree_length
0	-71.96379	-233.6506	161.6868	0.8315295	1.400379	0.5795625
6	-73.12399	-234.4522	161.3282	0.7322186	1.845615	0.3658102
12	-69.25888	-229.9732	160.7143	1.442927	0.5081068	1.795482
18	-81.06711	-241.3302	160.2631	1.442927	1.102581	1.695085
24	-69.18866	-230.9861	161.7974	0.7399353	1.118613	0.9852435
30	-72.75739	-233.1689	160.4115	2.332639	0.8904654	1.32844
36	-73.33677	-235.032	161.6952	0.8263875	0.6100444	1.422397
42	-71.96355	-233.2095	161.2459	0.7676668	0.4908257	1.881186
48	-84.19825	-243.7761	159.5779	1.422304	0.4677723	2.571263
54	-73.73609	-235.3308	161.5947	0.2523562	0.6825111	2.110651
60	-67.3024	-229.3975	162.0951	0.5245344	0.752483	1.315806
66	-70.51954	-233.0653	162.5458	0.4160363	0.9318452	0.9105416
72	-69.69916	-230.8188	161.1197	1.40649	0.9245352	1.194878
78	-69.66539	-232.0511	162.3857	0.2412151	1.291762	1.098824
84	-80.66054	-243.2129	162.5524	0.265735	1.256724	0.9031637
90	-83.86709	-245.3484	161.4813	0.810626	1.256724	1.075307
96	-80.59452	-243.3315	162.737	0.2247005	0.7652134	1.288626
102	-83.3054	-244.8588	161.5534	0.5352584	1.347169	1.2586
108	-86.25703	-247.7859	161.5289	0.6235808	1.347169	1.167298
114	-84.31035	-246.5738	162.2634	0.2430363	1.446911	1.063676
120	-85.87377	-248.1843	162.3105	0.4177838	1.376602	0.5694236
126	-92.92539	-254.8936	161.9682	0.4062405	1.727746	0.6118556
132	-80.63007	-242.6207	161.9906	0.5401366	1.486796	0.5722396
138	-80.84925	-242.4424	161.5932	0.6700462	1.690175	0.5930707
144	-84.05788	-245.7728	161.7149	0.683908	1.364342	0.887288
150	-85.46759	-245.0617	159.5941	1.039744	0.5182167	2.732653
156	-86.34387	-245.6865	159.3426	2.261249	0.5861594	2.310564
162	-84.33679	-244.6048	160.268	2.273355	0.7069536	1.600777
168	-71.04337	-232.1763	161.1329	0.4387327	1.035194	1.916461
174	-68.65501	-229.7057	161.0507	0.6402973	0.5585731	2.077106
180	-80.20141	-241.4152	161.2138	1.361658	0.7322498	1.30592
186	-86.94732	-245.9652	159.0179	4.422188	0.4637145	2.040013
192	-78.13127	-238.8401	160.7088	2.020141	0.77666	1.318974
198	-89.54674	-250.4045	160.8578	1.728943	0.348737	1.664897
204	-90.27668	-251.2631	160.9864	1.488845	0.6211735	1.493714
210	-77.94393	-239.2053	161.2614	1.135277	1.517622	0.5759371
216	-67.39083	-228.4084	161.0175	1.519414	1.45443	0.5579446
222	-71.23679	-232.6659	161.4291	0.5838105	1.104073	1.489358
228	-71.0619	-231.5955	160.5336	1.219957	0.339324	2.150235
234	-65.6976	-226.5037	160.8061	1.219957	0.06678858	2.150235
240	-69.89729	-228.084	158.1867	0.7149922	0.3069816	3.900123
246	-71.31899	-231.685	160.366	0.612743	0.505864	2.572115
252	-73.64585	-234.3114	160.6655	0.6549444	0.495465	2.353687
258	-75.7571	-236.141	160.3839	0.5926457	0.5929172	2.524966
264	-74.73298	-234.1704	159.4374	0.4743859	0.1467252	3.474534
270	-73.46915	-232.5781	159.109	0.4825888	0.4612029	3.474534
276	-86.34275	-246.1448	159.8021	1.270485	0.04115078	2.770366
282	-76.59274	-237.4183	160.8256	0.3443621	0.5744264	2.53235
288	-84.03296	-243.0602	159.0273	0.6039767	0.6145866	3.32123
294	-69.33551	-228.8599	159.5244	0.6785768	0.1283773	3.253782
300	-71.93308	-231.9738	160.0407	0.5978598	0.1302167	3.01231
306	-70.77676	-231.3509	160.5741	0.3860009	0.6209153	2.606592
312	-61.82013	-222.7999	160.9798	0.4084178	0.2377431	2.565759
318	-72.11562	-233.0687	160.9531	0.847693	0.5729525	1.960215
324	-69.26385	-229.8417	160.5778	2.169494	0.5175397	1.553677
330	-71.80721	-231.8838	160.0766	0.6986837	0.3570115	2.769581
336	-70.89716	-231.9083	161.0112	1.606149	0.8892897	1.19271
342	-62.14013	-223.4448	161.3047	1.0391	1.291491	0.9765305
348	-73.63496	-236.4819	162.8469	0.2912308	0.7489821	1.057443
354	-69.60946	-231.4986	161.8891	0.6819829	1.393674	0.4956962
360	-73.46326	-235.2344	161.7711	0.5610831	1.489395	0.8792738
366	-67.22989	-229.2162	161.9863	0.618764	1.141706	0.932394
372	-71.47447	-232.8399	161.3654	1.13803	1.278176	0.8175593
378	-82.7364	-243.5585	160.8221	0.593865	0.110709	2.551269
384	-76.31809	-237.5979	161.2798	0.4339385	0.1993756	2.371915
390	-73.23484	-235.034	161.7991	0.5393653	0.7664094	1.515868
396	-76.09343	-237.2324	161.139	0.4150947	1.003541	1.963058
402	-71.98508	-233.565	161.5799	0.5809061	0.4457101	1.85505
408	-78.82125	-239.544	160.7228	1.955393	0.8440481	1.283912
414	-73.67183	-234.6416	160.9698	0.638515	0.566705	2.126488
420	-73.81065	-234.2454	160.4348	2.390107	0.1662744	1.822125
426	-75.04958	-233.2835	158.2339	0.4713535	0.2138913	4.131982
432	-65.79045	-225.512	159.7215	1.150009	0.3535876	2.692324
438	-74.5969	-235.243	160.6461	0.9347976	0.2556176	2.306131
444	-81.58642	-241.8055	160.2191	2.134253	0.301108	1.969605
450	-77.51907	-237.7448	160.2258	0.6662981	0.251937	2.768854
456	-78.08799	-239.3935	161.3055	0.5468921	0.7736731	1.853824
462	-83.61019	-243.2453	159.6351	1.941676	0.6315797	2.209548
468	-78.80778	-237.8318	159.024	0.9084266	0.1580696	3.369588
474	-70.80777	-231.7152	160.9075	0.374597	0.5360963	2.465986
480	-78.11984	-239.1457	161.0259	1.27754	0.3059767	1.810395
486	-78.06653	-238.2014	160.1349	0.5732475	0.5218824	2.740302
492	-82.95083	-243.3139	160.3631	0.9231635	0.6428377	2.247233
498	-68.82153	-229.9258	161.1043	0.5742732	0.338719	2.247233
504	-70.5299	-232.3162	161.7863	0.2318372	0.6909245	2.014699
510	-71.16307	-232.6733	161.5102	0.3941222	1.066461	1.691646
516	-83.38982	-243.9398	160.55	1.453144	0.673683	1.789238
522	-87.74528	-249.2212	161.4759	0.863379	0.9296597	1.3102
528	-77.69925	-240.3089	162.6096	0.2423513	1.451853	0.6154628
534	-69.88791	-232.3382	162.4503	0.2257778	1.414943	0.9567197
540	-76.90367	-238.7264	161.8227	0.6677154	1.054945	1.11163
546	-71.25338	-233.3394	162.086	0.3477056	0.9889904	1.392131
552	-74.11692	-234.4229	160.3059	1.287363	0.9239881	1.874774
558	-68.55782	-229.5148	160.957	0.9048881	0.9640962	1.642764
564	-62.81278	-223.4515	160.6387	1.482042	0.7560139	1.653443
570	-75.20782	-237.112	161.9042	0.3789386	0.7560139	1.653443
576	-83.43137	-245.3645	161.9331	0.3373613	0.8594721	1.620312
582	-80.03009	-241.8984	161.8683	0.739023	1.30293	0.6510722
588	-72.39394	-234.3663	161.9724	0.4910946	1.138441	1.139682
594	-90.19126	-250.6	160.4088	2.010112	1.006345	1.379523
600	-80.57983	-240.3236	159.7438	1.415702	0.7812498	2.272268
606	-70.2132	-229.5381	159.3249	1.146191	0.6074133	2.781764
612	-83.06969	-244.0273	160.9576	1.146191	0.6012419	1.731463
618	-77.04433	-237.6719	160.6276	0.8021679	0.8306172	2.040463
624	-78.29354	-238.9649	160.6714	1.022776	0.9590171	1.762702
630	-75.00776	-235.8696	160.8619	0.9437821	0.7438881	1.835191
636	-78.84437	-239.3557	160.5113	1.314565	0.5834568	1.951163
642	-82.05345	-241.8146	159.7612	2.426338	0.05631543	2.327027
648	-77.5913	-237.0542	159.4629	1.839961	0.07583127	2.706021
654	-65.5456	-226.7113	161.1657	0.9818677	0.43697	1.810308
660	-62.7334	-222.7653	160.0319	0.8255862	0.2958556	2.739281
666	-68.11392	-228.4663	160.3524	1.62281	0.2236184	2.141862
672	-72.82651	-234.5328	161.7063	0.3934255	0.7507055	1.776721
678	-72.81195	-233.6472	160.8352	1.930589	0.6995225	1.322021
684	-75.45415	-235.6098	160.1557	4.980953	0.06704517	1.398014
690	-70.47306	-230.3411	159.8681	1.528552	0.1526465	2.537619
696	-77.29027	-237.9062	160.6159	1.087208	0.3743235	2.151506
702	-77.1698	-238.1759	161.0061	1.709072	0.683954	1.309733
708	-75.71508	-236.9931	161.278	0.6196975	0.5782191	1.931865
714	-80.31096	-242.4949	162.184	0.2165375	0.7089488	1.760923
720	-73.96731	-234.4736	160.5063	0.9502668	0.5816365	2.175896
726	-73.62574	-234.7238	161.0981	1.046158	0.09411414	2.044591
732	-90.18829	-250.4637	160.2754	2.092734	0.2045385	2.012095
738	-78.35876	-238.7377	160.379	1.066001	0.6387804	2.146639
744	-82.28882	-242.8584	160.5696	1.261549	0.5660067	1.953172
750	-76.77467	-237.3017	160.527	0.9308846	0.6913973	2.103987
756	-69.90453	-232.3141	162.4095	0.3665414	1.022713	1.055538
762	-85.4391	-246.6318	161.1927	0.893809	1.022713	1.433492
768	-78.69793	-240.8666	162.1686	0.6030002	0.7853684	1.124275
774	-86.35644	-248.829	162.4726	0.3330801	1.301218	0.7475547
780	-80.40687	-241.6216	161.2148	0.5924263	0.8779715	1.797152
786	-67.00963	-228.3501	161.3404	0.5924263	0.8216107	1.748874
792	-70.43328	-231.5361	161.1028	0.8387565	0.930886	1.614383
798	-70.29647	-230.8311	160.5347	0.6139161	0.2764134	2.608744
804	-76.74551	-237.0452	160.2997	0.4009334	0.3112832	2.945115
810	-74.29495	-235.6973	161.4023	0.06139304	0.5027395	2.771505
816	-72.14449	-234.1927	162.0482	0.05989639	0.5994748	2.313583
822	-75.42538	-237.1046	161.6792	0.350024	1.21133	1.528703
828	-75.83735	-238.3579	162.5205	0.1716545	1.323498	1.13341
834	-75.15206	-237.2082	162.0561	0.4500297	1.091427	1.169797
840	-75.03355	-236.5406	161.507	0.5577223	1.08623	1.47367
846	-72.33731	-233.625	161.2877	0.3374689	0.5586846	2.259579
852	-66.63345	-227.3358	160.7024	0.4632535	0.2716295	2.654674
858	-65.49679	-227.6974	162.2006	0.3605783	0.4634932	1.677314
864	-63.82608	-226.1005	162.2745	0.1809188	0.8439841	1.677314
870	-71.7212	-232.028	160.3068	0.2200648	0.5101904	3.072176
876	-76.16829	-237.6407	161.4724	0.4603307	0.4777266	2.036674
882	-75.33628	-238.0482	162.7119	0.1427886	0.9507756	1.367225
888	-79.20045	-242.0761	162.8757	0.1427886	1.311851	0.8903877
894	-68.67744	-231.0461	162.3686	0.283745	1.23571	1.066443
900	-66.88661	-229.243	162.3564	0.3919855	1.013505	1.066443
906	-71.79237	-233.3481	161.5557	0.7443985	1.396729	0.941604
912	-69.36502	-231.1344	161.7694	0.7443985	1.363126	0.7113719
918	-69.93398	-232.2535	162.3195	0.3416697	1.203879	1.017781
924	-65.28642	-225.1885	159.9021	0.6057635	0.7748339	2.6986
930	-73.01193	-233.3303	160.3184	0.5445266	0.332831	2.770495
936	-68.51819	-229.453	160.9348	0.5445266	0.06760627	2.554258
942	-73.93482	-233.3673	159.4325	0.8911556	0.1461338	3.146385
948	-74.33006	-234.9076	160.5775	0.2974903	0.6350137	2.712839
954	-83.8234	-242.2209	158.3975	1.188971	0.2627313	3.515895
960	-77.20562	-236.4888	159.2832	0.9580244	0.2442279	3.134666
966	-68.34782	-228.4017	160.0538	1.259326	0.07704913	2.599356
972	-70.56288	-229.991	159.4281	0.9969167	0.1982268	3.05204
978	-69.21468	-229.8441	160.6295	0.4473994	1.00943	2.254524
984	-77.68104	-237.7132	160.0322	1.374183	0.2265701	2.461544
990	-75.13857	-235.6691	160.5305	1.153242	0.6453357	1.989145
996	-77.22277	-239.7867	162.564	0.277072	0.9674452	1.147754
1002	-69.49936	-231.7669	162.2675	0.277072	0.9180464	1.430968
1008	-73.98991	-235.2187	161.2288	0.3253927	0.8481559	2.1273
1014	-77.35864	-239.0118	161.6532	0.5283511	0.8340299	1.58649
1020	-80.72323	-241.7535	161.0302	0.9323277	0.770689	1.707583
1026	-77.56292	-239.0228	161.4599	1.001949	0.8617105	1.259275
1032	-79.25694	-239.8535	160.5965	1.472529	0.08599066	2.142698
1038	-79.12776	-240.0565	160.9287	0.9914754	0.1219909	2.172682
1044	-81.02546	-240.7415	159.7161	0.7604102	0.3251752	2.960001
1050	-69.87429	-229.8935	160.0192	1.687991	0.1480595	2.375942
1056	-75.25321	-236.4617	161.2085	0.8262801	0.9489868	1.534146
1062	-80.14706	-241.2566	161.1096	0.8262801	1.047951	1.534146
1068	-78.0955	-238.6077	160.5122	0.4546652	0.4280798	2.684679
1074	-77.67651	-239.2134	161.5368	0.8290876	0.8017833	1.394111
1080	-73.94026	-235.6139	161.6736	0.6312415	1.248225	1.11697
1086	-75.63155	-238.4361	162.8045	0.09888477	1.062325	1.341582
1092	-74.25768	-236.6349	162.3772	0.1025042	0.8468642	1.803146
1098	-70.63693	-231.1076	160.4706	0.7035912	0.6854727	2.315614
1104	-58.81017	-219.894	161.0839	0.9129234	0.7699185	1.684712
1110	-66.8145	-227.4229	160.6084	1.682886	0.959434	1.420008
1116	-73.99972	-235.8877	161.8879	0.4305831	1.78433	0.501277
1122	-65.84649	-227.6503	161.8039	0.6609371	1.506905	0.4875758
1128	-65.49263	-227.7654	162.2728	0.3156635	1.506905	0.7941009
1134	-69.77558	-231.7652	161.9896	0.566229	1.326558	0.8007521
1140	-73.92015	-236.6205	162.7003	0.1908199	1.278472	0.9446025
1146	-81.53247	-243.7767	162.2442	0.3306806	1.278472	1.041566
1152	-83.95838	-246.37	162.4116	0.2412859	0.9481267	1.366625
1158	-76.26453	-236.2337	159.9691	0.5385937	1.068429	2.538188
1164	-84.14667	-244.7519	160.6052	0.5164942	0.5208728	2.504915
1170	-74.93946	-235.2364	160.2969	0.8214337	0.4149396	2.504915
1176	-72.1215	-233.0209	160.8994	0.3033495	0.803086	2.399731
1182	-73.62835	-235.7325	162.1041	0.1562557	0.7878225	1.891177
1188	-82.58971	-243.6681	161.0784	0.1569432	1.046215	2.39089
1194	-74.80324	-235.3786	160.5753	0.5714304	0.8150787	2.283713
1200	-79.26662	-240.4034	161.1368	0.7681317	0.7267389	1.79368
1206	-81.84303	-242.518	160.675	0.1836949	0.4205564	2.970096
1212	-79.14017	-238.3414	159.2012	0.3349491	0.7400889	3.4224
1218	-81.25446	-241.0753	159.8209	0.3349491	0.3104645	3.31082
1224	-80.68241	-240.7285	160.0461	0.2674483	0.3901776	3.223589
1230	-66.13725	-227.358	161.2208	0.3047599	0.7976892	2.195646
1236	-76.19161	-236.6045	160.4129	0.2921084	0.7508912	2.750438
1242	-66.2834	-226.259	159.9756	0.4044776	0.6902904	2.907911
1248	-64.51105	-225.4782	160.9672	0.7399827	0.8933976	1.819744
1254	-64.61488	-225.521	160.9062	0.5638686	0.6708332	2.170779
1260	-67.28872	-228.2976	161.0089	0.5638686	0.2209917	2.393095
1266	-68.53584	-229.5152	160.9794	0.2692145	0.2307446	2.756139
1272	-72.21022	-232.6515	160.4413	0.6474143	0.245615	2.656397
1278	-68.96573	-229.8157	160.85	1.007683	0.3626767	2.055974
1284	-73.83604	-234.023	160.187	2.037249	0.8295696	1.664938
1290	-76.46706	-238.8137	162.3466	0.2125822	0.7351813	1.635104
1296	-70.22455	-231.2636	161.0391	0.4713037	0.7523231	2.128561
1302	-84.42285	-244.0059	159.5831	0.6040367	0.2913175	3.183804
1308	-80.3135	-240.6256	160.3121	0.5541587	0.4754301	2.677911
1314	-83.93529	-243.9811	160.0458	0.7272243	0.5008012	2.677911
1320	-77.6715	-236.7587	159.0872	1.691425	0.5934517	2.677911
1326	-73.07581	-232.9286	159.8528	1.002678	0.4070215	2.664557
1332	-69.12059	-229.5682	160.4476	1.004857	0.5376032	2.206435
1338	-90.74651	-251.8795	161.133	0.8383338	0.8342461	1.662566
1344	-85.37418	-246.5662	161.192	1.253839	1.436814	0.6883308
1350	-76.71253	-237.6749	160.9623	0.4771843	0.2166656	2.512669
1356	-81.95788	-242.3001	160.3422	1.154228	0.01936256	2.512669
1362	-74.14826	-234.3895	160.2412	1.137669	0.05471713	2.562819
1368	-68.17612	-228.7335	160.5574	0.5065425	0.03403631	2.843797
1374	-72.32562	-233.7016	161.376	0.5201572	0.5590207	1.979889
1380	-74.73972	-236.7506	162.0109	0.1060802	0.5199934	2.253835
1386	-68.27678	-229.7065	161.4298	0.5899679	0.1868072	2.119531
1392	-74.38292	-235.7315	161.3486	0.8289495	0.4290516	1.803376
1398	-72.42565	-233.9708	161.5451	0.5614792	0.5848942	1.803376
1404	-76.18638	-237.1457	160.9593	0.5614792	0.3491303	2.345588
1410	-70.23378	-231.4158	161.182	0.3656528	0.761522	2.158512
1416	-74.35197	-234.1795	159.8275	1.272889	0.4534064	2.498966
1422	-82.1031	-243.0499	160.9468	0.2257468	0.1056664	2.921249
1428	-80.10893	-241.7338	161.6248	0.1488428	0.5559896	2.373123
1434	-82.16678	-242.8559	160.6891	0.4541556	0.7518103	2.373123
1440	-88.73714	-249.6442	160.907	0.6598019	0.901168	1.926688
1446	-81.90602	-243.1404	161.2344	0.2844795	1.002515	2.084306
1452	-74.333	-236.338	162.005	0.5698913	0.9326402	1.181935
1458	-73.94346	-234.3966	160.4531	1.419989	0.410688	2.049732
1464	-66.89345	-228.1527	161.2593	0.7768065	0.2151058	2.049732
1470	-75.84052	-237.6339	161.7934	0.2986814	0.5425686	1.996399
1476	-68.08584	-229.3303	161.2445	0.8167884	0.6087122	1.760654
1482	-66.36549	-228.4656	162.1001	0.655296	1.175026	0.6625048
1488	-64.36027	-226.1881	161.8278	0.917924	1.131715	0.6625048
1494	-74.45534	-236.1469	161.6916	0.4791154	1.091461	1.425623
1500	-68.60436	-230.4526	161.8482	0.8755217	0.5831837	1.278124
1506	-72.59541	-233.9335	161.338	1.146858	0.926061	1.191747
1512	-64.4643	-224.036	159.5717	1.040441	0.7340407	2.613311
1518	-63.45238	-223.3909	159.9385	1.982826	0.08755207	2.347974
1524	-72.66803	-231.997	159.329	1.968813	0.1431287	2.69869
1530	-73.16116	-233.9495	160.7884	0.6294313	0.6161743	2.22044
1536	-72.36004	-232.5734	160.2134	0.6294313	0.8173748	2.458172
1542	-71.72711	-231.8547	160.1276	1.123633	0.2653209	2.510386
1548	-90.76234	-249.9544	159.1921	1.652502	0.2653209	2.830378
1554	-74.68318	-235.6779	160.9947	0.6655844	0.01020437	2.443167
1560	-76.60496	-237.1634	160.5584	0.6058883	0.01647297	2.76095
1566	-75.92336	-235.8959	159.9725	0.2258507	0.0456234	3.533407
1572	-73.66692	-234.9682	161.3012	0.3106227	0.0263074	2.623391
1578	-70.52666	-230.1932	159.6666	1.073847	0.1252664	2.907568
1584	-74.32844	-235.0596	160.7312	0.8715012	0.08561336	2.403406
1590	-69.69126	-229.8782	160.1869	0.614635	0.1276296	2.911385
1596	-86.68153	-247.6152	160.9337	0.8746926	0.7469852	1.834706
1602	-76.29562	-236.4778	160.1822	1.360496	0.7140952	2.058888
1608	-75.84349	-236.8491	161.0056	0.6611348	0.06605384	2.404873
1614	-70.32042	-231.0067	160.6863	0.4611818	0.4324363	2.567389
1620	-80.97469	-241.2573	160.2826	0.7553732	0.4078011	2.567389
1626	-81.61336	-241.5212	159.9079	1.068301	0.2872489	2.665022
1632	-67.56122	-227.2026	159.6414	1.385362	0.4497024	2.560747
1638	-68.19648	-228.9068	160.7104	1.385362	0.1309453	2.082213
1644	-83.92254	-243.7035	159.7809	0.4282609	0.08730848	3.356105
1650	-73.91241	-234.6894	160.777	1.105752	0.1019021	2.212514
1656	-75.25752	-235.1763	159.9187	1.852162	0.04573493	2.437005
1662	-78.54054	-239.1717	160.6311	1.976983	0.07814171	1.903049
1668	-81.44876	-242.1669	160.7181	1.427547	0.2975148	1.944599
1674	-80.45868	-239.0607	158.602	2.215443	0.1438266	3.05378
1680	-76.9953	-237.811	160.8158	0.4517733	0.2017484	2.640301
1686	-83.246	-240.5078	157.2618	1.121581	0.2486873	4.211201
1692	-75.60858	-235.6735	160.0649	2.310202	0.5852783	1.81672
1698	-80.63105	-239.7249	159.0939	0.8289171	0.2683876	3.315581
1704	-85.09286	-245.5961	160.5033	1.552068	0.6374411	1.796444
1710	-82.81124	-242.8631	160.0518	1.859101	0.314292	2.177791
1716	-88.92812	-248.1885	159.2604	1.043607	0.9245282	2.685863
1722	-90.08931	-249.9048	159.8155	0.6993298	0.3708877	2.919043
1728	-85.56891	-244.3142	158.7453	0.6993298	0.5851963	3.427213
1734	-86.20421	-245.8637	159.6595	1.59272	0.4221547	2.471006
1740	-92.68068	-253.6666	160.9859	1.793425	1.285357	0.6077766
1746	-70.87255	-232.3868	161.5142	0.8317672	1.259483	1.017642
1752	-66.83623	-228.4464	161.6101	0.7563154	1.2855	0.9853453
1758	-81.84858	-244.2221	162.3735	0.5069219	0.8279591	1.031294
1764	-80.66736	-242.3919	161.7245	0.2411295	0.9062339	1.894703
1770	-74.38066	-236.7871	162.4064	0.5105422	1.035411	0.7467149
1776	-78.96843	-240.9577	161.9893	0.5125314	1.413303	0.7978404
1782	-90.35528	-251.3142	160.9589	1.117728	1.826095	0.4053457
1788	-72.14631	-234.2003	162.054	0.2521486	1.922307	0.323387
1794	-69.46859	-231.5341	162.0655	0.256924	1.922307	0.3476272
1800	-72.48715	-233.9309	161.4438	0.5519121	1.922307	0.3063773
1806	-75.88398	-237.2769	161.393	1.143903	1.375073	0.5873058
1812	-79.53666	-241.6766	162.1399	0.3799829	1.625171	0.4570085
1818	-77.48728	-239.5811	162.0938	0.4540553	1.512805	0.6160823
1824	-69.67168	-232.9209	163.2493	0.07728386	1.369065	0.6571314
1830	-70.82097	-234.0896	163.2687	0.06805463	0.9292158	1.183326
1836	-64.79442	-227.577	162.7826	0.1482929	1.08389	1.183326
1842	-75.28978	-238.0908	162.801	0.2209653	0.9374677	1.093771
1848	-74.24081	-236.3546	162.1137	0.1928626	0.9403799	1.696644
1854	-77.60962	-237.9733	160.3637	0.6357908	0.8247167	2.353047
1860	-75.57614	-236.45	160.8739	0.447837	0.2776758	2.561658
1866	-71.91311	-232.7522	160.8391	1.065499	0.4017572	1.999921
1872	-72.31366	-232.9241	160.6104	0.4179593	0.3802186	2.694743
1878	-66.6306	-228.5184	161.8878	0.1647848	0.6671877	2.096877
1884	-69.12223	-230.2971	161.1749	0.5295756	0.5394353	2.115957
1890	-75.73641	-237.5449	161.8084	0.414585	0.4265084	1.901379
1896	-76.84214	-239.2331	162.391	0.3150353	0.4667414	1.608832
1902	-70.69134	-231.7328	161.0415	0.2701752	0.672215	2.442787
1908	-64.44335	-225.3125	160.8691	0.8876627	0.6374638	1.943399
1914	-73.82425	-234.8614	161.0371	0.8384737	0.4199079	2.013289
1920	-70.41226	-231.2814	160.8692	0.6724601	0.5651758	2.162882
1926	-70.94403	-231.2113	160.2673	2.213614	0.2925466	1.913567
1932	-79.82833	-240.5441	160.7158	1.107973	0.3916106	2.061968
1938	-75.98812	-237.2618	161.2737	0.7307507	0.2147093	2.077948
1944	-77.19805	-238.2913	161.0932	0.6356877	2.096251	0.2699067
1950	-82.66679	-243.4649	160.7981	0.6475215	2.076455	0.1610889
1956	-73.11839	-235.2988	162.1804	0.2268525	1.748633	0.2477304
1962	-78.45855	-239.3183	160.8597	1.265948	1.748633	0.3383114
1968	-76.38499	-237.1698	160.7848	1.286063	1.748633	0.2894608
1974	-80.26342	-241.8552	161.5918	1.521866	0.7509748	0.8049102
1980	-75.89934	-236.8221	160.9228	1.552035	1.525921	0.5566819
1986	-77.95152	-238.9565	161.005	1.168268	1.719793	0.3790264
1992	-85.5277	-245.5825	160.0548	0.6025415	0.1539967	2.985533
1998	-75.06573	-234.2007	159.135	1.461181	0.2020782	2.985533
2004	-77.73851	-239.8153	162.0768	0.2892182	0.5406586	1.820771
2010	-72.73969	-232.9522	160.2125	0.8401572	0.5600432	2.45344
2016	-63.71428	-225.0328	161.3185	0.6655417	0.842819	1.676789
2022	-67.39986	-229.3448	161.9449	0.2109361	0.9462387	1.773385
2028	-66.48867	-227.8594	161.3707	0.6685771	1.125674	1.426291
2034	-64.17266	-226.1619	161.9893	0.2774826	1.878519	0.7962172
2040	-58.81552	-220.7705	161.955	0.3334112	1.906208	0.4525223
2046	-73.94241	-234.9006	160.9581	1.029281	1.906208	0.3961922
2052	-79.0646	-239.8678	160.8032	1.661597	1.575053	0.4911793
2058	-68.8246	-230.1573	161.3327	1.010501	1.575053	0.4909814
2064	-70.57112	-230.9293	160.3582	2.503254	1.536441	0.4786577
2070	-74.83714	-236.085	161.2479	0.9698498	1.701046	0.4982084
2076	-85.61172	-245.445	159.8333	2.685182	1.857823	0.2950274
2082	-75.94946	-237.5434	161.5939	0.9379535	1.200985	0.8710792
2088	-86.28246	-248.3565	162.074	0.7676553	0.6706243	1.116289
2094	-73.79351	-235.797	162.0035	0.5558507	0.87484	1.25043
2100	-74.11809	-234.7237	160.6056	1.676073	1.464981	0.9911696
2106	-77.63318	-239.7214	162.0882	0.7235958	1.024945	0.7805631
2112	-71.24438	-233.8289	162.5846	0.1136531	1.135358	1.40901
2118	-76.56469	-239.0026	162.4379	0.1136531	0.7709849	1.781894
2124	-68.52151	-230.3414	161.8199	0.3252746	0.7709849	1.781894
2130	-73.67676	-234.8692	161.1924	1.516984	0.9187821	1.060183
2136	-75.31766	-237.562	162.2444	0.2214319	1.109658	1.413596
2142	-84.22054	-246.1578	161.9372	0.2399312	1.365999	1.413596
2148	-83.38335	-245.3187	161.9354	0.3793303	1.204186	1.288814
2154	-80.939	-242.1971	161.2581	0.3861738	1.039362	1.896129
2160	-95.69375	-256.9436	161.2499	1.140562	0.9285689	1.268736
2166	-82.94272	-244.7706	161.8279	0.7781987	1.271341	0.6975317
2172	-77.7519	-240.1673	162.4154	0.4312605	0.9988272	0.9486209
2178	-85.16123	-247.5185	162.3573	0.1829778	1.215382	1.331509
2184	-75.93113	-237.528	161.5969	0.09095451	1.012706	2.244773
2190	-71.87268	-233.6623	161.7896	0.3036647	0.8194693	1.803156
2196	-78.01554	-240.1353	162.1198	0.259038	0.8205888	1.646154
2202	-70.99561	-231.5325	160.5368	0.259038	0.2841233	3.007143
2208	-63.44779	-224.9763	161.5285	0.280123	0.7518602	2.062626
2214	-81.2466	-239.9006	158.654	0.4735757	0.5223092	3.712231
2220	-84.27127	-245.8778	161.6065	0.1608391	0.5929391	2.335036
2226	-76.52606	-236.708	160.1819	1.305433	0.5201424	2.214574
2232	-78.14319	-239.6242	161.481	0.2343134	0.6843415	2.214574
2238	-69.70329	-230.6565	160.9532	0.3892662	0.8565078	2.214574
2244	-76.48269	-234.9852	158.5025	1.380975	0.4109726	3.274169
2250	-76.01696	-236.7612	160.7443	1.286843	0.7890384	1.663528
2256	-71.05535	-232.7161	161.6607	1.168751	0.9623724	0.8083972
2262	-74.43157	-236.996	162.5644	0.2827854	1.326812	0.7444513
2268	-78.25978	-240.0025	161.7427	0.8421012	1.267948	0.7209728
2274	-87.2252	-248.1569	160.9317	0.4084747	1.059468	2.072005
2280	-81.18823	-243.5193	162.3311	0.3278361	1.27102	0.9687263
2286	-79.97497	-241.7764	161.8015	0.7496485	1.102609	0.9851405
2292	-65.43597	-227.8269	162.391	0.3005955	1.544145	0.550001
2298	-64.73504	-226.2579	161.5229	1.081579	1.264564	0.678574
2304	-58.89816	-219.9072	161.009	1.386195	0.7418373	1.444161
2310	-61.48749	-223.0073	161.5198	0.3113245	0.7722856	2.006218
2316	-59.26855	-219.2158	159.9472	0.7260656	0.06678579	3.002069
2322	-67.4914	-228.6362	161.1448	0.5649251	0.5126416	2.117276
2328	-68.96855	-228.82	159.8514	1.516306	0.3208091	2.448418
2334	-88.82737	-248.4578	159.6305	1.836002	0.3259507	2.448418
2340	-90.1326	-249.7106	159.578	0.450349	0.4476987	3.239771
2346	-86.80375	-247.9942	161.1904	0.1659361	0.994962	2.333142
2352	-78.16167	-239.7866	161.6249	0.9057944	1.142356	0.94013
2358	-77.25795	-239.6097	162.3517	0.2820496	1.178665	1.137885
2364	-72.5504	-234.4334	161.883	0.3873632	1.074509	1.420481
2370	-80.7582	-242.0168	161.2586	0.7474405	0.6071944	1.809733
2376	-86.43226	-247.9286	161.4963	0.7474405	1.121301	1.247994
2382	-83.48412	-242.5477	159.0636	1.222229	0.397085	3.026232
2388	-78.38346	-238.8582	160.4747	2.244178	0.186831	1.83294
2394	-76.16862	-237.8211	161.6524	0.7009378	1.307177	0.9914479
2400	-80.14463	-241.7238	161.5792	0.5086465	1.001294	1.541285
2406	-91.26721	-253.1673	161.9001	0.3156592	1.099281	1.503378
2412	-77.40469	-238.6445	161.2398	0.7711711	0.8302104	1.645495
2418	-83.90517	-245.2405	161.3353	0.1243337	0.5741222	2.599438
2424	-75.8776	-235.9234	160.0458	0.7444789	0.5741222	2.619393
2430	-72.00589	-233.6113	161.6054	0.7086763	0.7271213	1.510497
2436	-69.93763	-232.0957	162.1581	0.1829205	1.23822	1.468861
2442	-76.2847	-238.016	161.7313	0.3460828	1.554418	1.224225
2448	-73.29048	-234.1385	160.848	0.6192637	0.8277736	2.052724
2454	-76.29024	-238.333	162.0428	0.6192637	0.9848159	1.033913
2460	-76.63971	-238.6331	161.9934	0.336859	0.7802524	1.634737
2466	-80.72629	-241.7743	161.048	1.543029	1.019233	1.08376
2472	-72.37923	-232.2662	159.887	1.089902	0.5500079	2.502389
2478	-68.40244	-228.9223	160.5199	1.039536	0.4173302	2.215395
2484	-83.80814	-245.8002	161.9921	0.4046099	1.211621	1.19369
2490	-83.0215	-245.3632	162.3417	0.1839657	1.443568	1.150679
2496	-75.25465	-236.8472	161.5925	0.3701334	0.906586	1.779634
2502	-72.51863	-234.7046	162.1859	0.2152357	0.906586	1.621852
2508	-82.69549	-244.17	161.4746	0.2892543	0.8835375	1.99648
2514	-76.18132	-238.8483	162.667	0.2484811	1.145934	0.9472658
2520	-68.42742	-230.3311	161.9037	0.31274	0.5136941	1.920016
2526	-72.04568	-233.554	161.5083	0.09988053	0.1793133	2.79629
2532	-72.13469	-232.0114	159.8767	0.1532025	0.510034	3.449565
2538	-77.76498	-238.8038	161.0388	0.197022	0.2397653	2.834741
2544	-74.99287	-236.5917	161.5988	0.5602429	0.6194991	1.743186
2550	-76.56026	-235.152	158.5917	1.002512	2.981704	0.05346568
2556	-81.67008	-240.4882	158.8182	1.002512	2.981704	0.06919834
2562	-72.48648	-233.6568	161.1703	0.6832968	0.2381421	2.170354
2568	-71.62003	-232.2105	160.5905	0.1486279	0.06509254	3.301165
2574	-71.56435	-233.0941	161.5298	0.2511477	0.06965586	2.544573
2580	-84.11766	-244.9767	160.859	0.119412	0.01418746	3.236761
2586	-81.87854	-242.6986	160.8201	0.901629	0.1074428	2.312228
2592	-80.30657	-241.2378	160.9312	0.6294112	0.2085064	2.389577
2598	-79.52289	-240.2263	160.7034	0.6294112	0.4363071	2.389577
2604	-67.83363	-230.0644	162.2307	0.214033	1.113991	1.436946
2610	-71.67834	-233.9527	162.2744	0.3255071	1.120507	1.168775
2616	-79.72922	-242.3682	162.6389	0.2515912	1.120507	0.9940129
2622	-67.23723	-229.9385	162.7013	0.1273567	1.428986	1.011125
2628	-65.09513	-228.0143	162.9192	0.139354	1.268323	0.904459
2634	-74.63059	-236.5481	161.9175	0.1886649	1.203123	1.658478
2640	-71.81536	-233.8335	162.0181	0.3742391	1.760819	0.5288469
2646	-67.85908	-230.101	162.2419	0.2734206	1.760819	0.4674299
2652	-78.96765	-239.6852	160.7176	1.483566	1.786708	0.5107847
2658	-70.25044	-232.2312	161.9808	0.3787403	1.786708	0.4566317
2664	-72.21743	-234.1692	161.9518	0.3237601	1.896415	0.3730526
2670	-84.3519	-246.7312	162.3793	0.2616433	1.537593	0.7831261
2676	-71.00437	-233.4135	162.4092	0.2616433	1.537593	0.739632
2682	-77.81975	-239.5087	161.689	0.6940357	1.537593	0.6559278
2688	-67.37863	-229.9999	162.6213	0.1935099	1.417048	0.8690096
2694	-75.22153	-237.2578	162.0363	0.4990505	0.9864144	1.204993
2700	-81.81137	-240.4111	158.5997	0.5001386	0.3065146	3.842095
2706	-70.95528	-233.6587	162.7035	0.1854039	0.3983139	1.679138
2712	-67.07635	-227.9824	160.9061	0.7639354	0.1929576	2.303597
2718	-68.98083	-230.1948	161.214	1.138731	0.3122843	1.758985
2724	-72.35335	-231.6424	159.2891	0.8657489	0.1775066	3.22942
2730	-82.09237	-242.2941	160.2017	0.9462918	0.09373286	2.677992
2736	-88.06763	-246.699	158.6314	0.9462918	0.6121651	3.309862
2742	-85.09527	-246.0591	160.9638	0.7755248	0.9347368	1.763126
2748	-83.05726	-243.8732	160.8159	1.978761	1.056009	0.9989458
2754	-78.7063	-241.1489	162.4426	0.3086619	1.353117	0.7939207
2760	-85.83633	-247.3418	161.5055	0.299006	0.7000992	2.08228
2766	-78.88843	-241.056	162.1675	0.2764622	1.265397	1.233946
2772	-79.00979	-240.8454	161.8356	0.4018674	1.265397	1.28421
2778	-76.04186	-238.2756	162.2337	0.2844065	1.304296	1.125968
2784	-71.11382	-232.1904	161.0766	0.3414537	1.304792	1.901507
2790	-68.95852	-230.8143	161.8557	0.3414537	0.8072114	1.706684
2796	-75.32126	-236.3558	161.0345	0.9979075	0.11353	2.10494
2802	-84.38054	-244.9368	160.5562	0.3933736	0.5048696	2.680275
2808	-78.44181	-238.3912	159.9494	0.8668022	0.3415064	2.733274
2814	-76.26636	-237.1798	160.9134	0.6324493	0.3813258	2.28827
2820	-67.09297	-228.6203	161.5273	0.1922968	0.3179603	2.49468
2826	-84.00484	-245.3322	161.3274	0.3914738	0.5394079	2.174805
2832	-72.56534	-234.4447	161.8793	0.3118181	0.2880086	2.08801
2838	-75.8927	-235.6654	159.7727	0.384768	0.2140651	3.33519
2844	-84.97076	-245.7307	160.76	0.8816492	0.686984	1.987795
2850	-79.66451	-239.2186	159.5541	0.681013	0.6213773	2.940132
2856	-75.21421	-236.0911	160.8769	0.6802196	0.686231	2.071803
2862	-72.26543	-231.2624	158.997	0.8963654	0.2772382	3.323071
2868	-79.29203	-239.6063	160.3143	1.127507	1.146519	1.81156
2874	-78.40251	-237.8629	159.4604	1.53528	0.350546	2.664441
2880	-72.56184	-232.2891	159.7272	0.8261736	0.7092815	2.67216
2886	-67.38624	-228.8251	161.4388	0.9461853	0.5662701	1.549748
2892	-75.24588	-235.29	160.0441	2.145633	0.3309003	2.061947
2898	-71.15675	-230.056	158.8992	0.6764428	0.4269489	3.447392
2904	-76.0863	-236.9023	160.816	0.3401576	0.7460371	2.436557
2910	-71.51243	-230.8194	159.3069	1.231404	0.5421096	2.786953
2916	-75.74655	-235.221	159.4745	1.208873	0.4027897	2.781541
2922	-67.54881	-227.8398	160.291	0.669735	0.1392408	2.794955
2928	-73.39091	-233.8463	160.4553	0.5287391	0.3998464	2.66073
2934	-75.36892	-236.317	160.9481	1.738614	0.09296835	1.777077
2940	-72.79776	-232.8241	160.0263	0.7777496	0.07015177	2.914039
2946	-81.97056	-242.1466	160.1761	2.158059	0.0505134	2.15474
2952	-78.14162	-238.675	160.5334	1.677633	0.7313375	1.647657
2958	-75.03712	-236.8822	161.8451	0.56914	1.075352	1.197759
2964	-70.30212	-232.3362	162.0341	0.279112	0.62742	1.807188
2970	-72.66288	-233.9913	161.3284	0.2475305	0.3323707	2.512229
2976	-82.43077	-243.6578	161.227	0.6368025	0.5341053	1.97957
2982	-74.3128	-234.4655	160.1527	0.3351797	0.2787575	3.132899
2988	-71.19744	-232.3537	161.1562	0.699145	0.2035705	2.188407
2994	-70.14629	-231.0464	160.9002	0.5952327	0.2457753	2.416563
3000	-75.97227	-236.6175	160.6452	0.5952327	0.5007115	2.416563
3006	-64.17362	-225.5143	161.3407	0.8812947	0.5105939	1.710818
3012	-74.28784	-235.6521	161.3642	0.909486	0.5745197	1.626477
3018	-69.16852	-230.3963	161.2278	1.676708	0.9737922	0.8466154
3024	-70.09382	-230.8974	160.8036	1.676708	0.1919782	1.836944
3030	-76.99415	-237.2557	160.2615	0.8332368	0.1304249	2.694559
3036	-66.67185	-227.0092	160.3374	1.199365	0.07553508	2.455541
3042	-68.94713	-229.7065	160.7594	1.398911	0.4222816	1.84676
3048	-67.01583	-227.4697	160.4539	2.619149	0.5116975	1.479443
3054	-67.49903	-226.8714	159.3724	2.351694	0.2860477	2.45166
3060	-70.66226	-230.7502	160.0879	2.164597	0.1075784	2.172615
3066	-72.06389	-233.2275	161.1636	0.533835	0.0784922	2.414721
3072	-86.93765	-247.0338	160.0962	1.471604	0.06341469	2.476993
3078	-67.44682	-228.0784	160.6316	0.7055241	0.05767815	2.607065
3084	-66.69057	-228.134	161.4434	0.591027	0.4511632	1.933918
3090	-69.70421	-230.0484	160.3442	1.145902	0.8311585	1.993871
3096	-84.24806	-245.4267	161.1786	0.9290378	0.4914462	1.801517
3102	-69.48714	-229.5865	160.0993	1.932566	0.7847205	1.801517
3108	-70.38955	-230.3329	159.9434	0.9063891	0.2979225	2.737121
3114	-71.05612	-231.0456	159.9895	0.8439649	0.3207969	2.737121
3120	-70.2093	-231.6205	161.4113	0.6648787	0.652465	1.746345
3126	-81.52832	-243.389	161.8607	0.6648787	0.6402559	1.42663
3132	-80.54775	-241.5307	160.9829	0.354432	0.4269937	2.512918
3138	-78.41188	-238.9891	160.5773	0.3947555	0.2753198	2.806142
3144	-84.75511	-244.3937	159.6386	0.5648922	0.07443625	3.313403
3150	-80.46143	-240.1512	159.6898	0.5648922	0.02328196	3.313403
3156	-86.68997	-244.8386	158.1487	1.589435	0.5438503	3.313403
3162	-76.16953	-236.7221	160.5526	0.5064904	0.4393643	2.598462
3168	-77.25341	-237.8649	160.6115	0.7774727	0.3223752	2.39809
3174	-75.47744	-237.021	161.5436	0.8625442	0.3706183	1.680917
3180	-80.43362	-241.9055	161.4718	1.020003	1.24937	0.8596054
3186	-80.95168	-242.7353	161.7836	0.6372072	1.24937	1.003851
3192	-65.33796	-226.7707	161.4327	1.002299	1.447882	0.6453525
3198	-73.36117	-234.6426	161.2814	1.06833	1.445754	0.7927842
3204	-71.62674	-233.7824	162.1557	0.2629509	1.846883	0.3897438
3210	-78.80644	-241.2076	162.4012	0.2602901	1.60778	0.6302224
3216	-91.5697	-253.4268	161.8571	0.5894281	1.470835	0.7341196
3222	-73.11826	-234.9672	161.8489	0.3789117	1.039528	1.485955
3228	-72.64279	-234.4625	161.8198	0.3403776	1.103682	1.519516
3234	-70.50607	-232.3921	161.886	0.4775563	0.83242	1.476929
3240	-73.49546	-234.2762	160.7808	0.320624	0.9123335	2.380818
3246	-68.99666	-230.4465	161.4498	0.1169574	0.7363745	2.444822
3252	-70.81873	-232.2303	161.4116	0.1675216	0.5646462	2.461962
3258	-69.57815	-230.3791	160.8009	1.481	0.5776047	1.665612
3264	-72.51872	-233.4088	160.8901	1.481	0.9156414	1.345189
3270	-66.94561	-227.7964	160.8508	0.9819362	0.7128445	1.837148
3276	-77.641	-239.3303	161.6893	1.026625	0.8742544	1.021438
3282	-88.70312	-249.3655	160.6624	2.028652	0.8471013	1.295511
3288	-80.25623	-242.1912	161.935	0.5493751	0.8346336	1.346952
3294	-80.40201	-242.9667	162.5647	0.3241755	1.00855	1.006146
3300	-74.37191	-235.3343	160.9624	1.360755	0.4355097	1.717223
3306	-75.18909	-235.8657	160.6767	1.507888	1.30615	1.182144
3312	-69.00019	-231.1862	162.186	0.5751913	1.127066	0.7866869
3318	-62.7558	-225.6198	162.864	0.1913785	0.8606442	1.18359
3324	-66.58741	-227.7127	161.1253	1.768942	1.152264	0.6321676
3330	-64.89989	-225.8526	160.9527	1.737447	1.136406	0.9292924
3336	-63.59855	-225.3415	161.7429	0.8011889	0.9579024	1.11963
3342	-68.10661	-228.8145	160.7079	2.317179	0.3776661	1.502138
3348	-62.00951	-222.1214	160.1119	0.9922547	0.3134764	2.568677
3354	-75.68227	-235.2454	159.5632	1.666297	0.2018517	2.636377
3360	-93.06914	-253.6239	160.5548	1.817016	0.616989	1.649134
3366	-81.35704	-242.5487	161.1917	0.7768472	0.8663733	1.649134
3372	-84.64175	-247.7429	163.1012	0.249821	0.7372686	0.9158856
3378	-83.25458	-244.1124	160.8578	2.1811	0.4433378	1.393011
3384	-78.37111	-238.7057	160.3346	0.3748359	0.12582	3.066257
3390	-81.10145	-240.7961	159.6946	0.7656791	0.162946	3.066257
3396	-79.88982	-240.9112	161.0214	0.4412689	0.6043301	2.270053
3402	-73.38134	-234.9427	161.5613	0.4847483	0.3225531	2.052719
3408	-69.12709	-230.7602	161.6332	0.1976696	0.7283732	2.155299
3414	-82.78461	-244.7391	161.9545	0.09430877	0.7786797	2.155299
3420	-76.51928	-239.803	163.2837	0.1143918	0.4866352	1.367278
3426	-76.57456	-239.2341	162.6595	0.126887	0.6759748	1.656127
3432	-82.59342	-245.1454	162.552	0.3014787	0.9719494	1.102043
3438	-79.27641	-241.9428	162.6664	0.2413769	0.9719494	1.133847
3444	-74.50197	-235.9284	161.4264	0.05725535	0.4683013	2.790284
3450	-74.90773	-236.8132	161.9055	0.08964544	0.8358877	2.163288
3456	-85.6336	-244.1097	158.4762	0.2872545	0.7553447	3.896515
3462	-82.19012	-244.1928	162.0027	0.1957003	1.412783	1.424097
3468	-82.88413	-244.8599	161.9758	0.3730187	1.288216	1.195201
3474	-71.43031	-233.3528	161.9225	0.5334385	0.8963968	1.327488
3480	-68.78499	-230.6014	161.8164	0.5205964	0.9443373	1.389731
3486	-68.51495	-229.283	160.7681	0.4639354	0.810609	2.274441
3492	-70.41283	-231.1894	160.7766	0.9794675	0.9332485	1.737415
3498	-67.13541	-228.9405	161.8051	0.5017452	0.4803547	1.761165
3504	-64.85279	-226.6392	161.7864	0.5361049	1.261833	1.130358
3510	-74.73162	-237.2294	162.4978	0.1569298	1.386416	1.141427
3516	-77.63999	-240.3694	162.7294	0.2018264	1.445184	0.617687
3522	-76.31801	-238.6354	162.3174	0.3047719	1.484385	0.7978413
3528	-83.05474	-244.362	161.3073	0.3047719	1.236749	1.846161
3534	-81.41889	-243.7178	162.2989	0.3047719	1.236749	1.084234
3540	-74.16427	-236.6447	162.4805	0.3047719	1.236749	0.9007653
3546	-79.1659	-241.5597	162.3938	0.2157925	1.536553	0.9170987
3552	-81.34768	-243.6948	162.3471	0.1995265	1.037907	1.43868
3558	-80.01657	-242.5473	162.5308	0.2312152	1.40494	0.8616472
3564	-82.77746	-244.3118	161.5344	0.6753223	1.269811	1.167986
3570	-76.36502	-239.4496	163.0846	0.09079779	1.269811	0.9345853
3576	-73.755	-235.0256	161.2706	0.8374463	1.240627	1.247434
3582	-90.06442	-249.8844	159.82	1.596397	0.2903097	2.451396
3588	-82.22538	-241.6112	159.3858	1.599663	0.2439793	2.747536
3594	-70.07504	-230.3682	160.2931	1.599663	0.2778817	2.15562
3600	-63.16089	-224.0272	160.8663	1.476111	0.4055781	1.743609
3606	-60.20786	-221.0439	160.8361	0.922847	0.6651561	1.921447
3612	-62.81672	-224.2405	161.4238	0.8671087	0.4120893	1.732714
3618	-70.27117	-231.4123	161.1411	1.288367	0.5337613	1.55999
3624	-73.58139	-234.2108	160.6294	1.377516	0.2282594	2.075505
3630	-69.33962	-228.7833	159.4437	2.268902	0.3885389	2.369396
3636	-70.09069	-230.6102	160.5195	2.762585	0.2355647	1.586311
3642	-67.31132	-227.731	160.4197	0.4034632	0.03625013	3.035316
3648	-74.66588	-234.7467	160.0808	0.6853515	0.0404307	2.969297
3654	-78.63859	-238.9528	160.3142	1.765247	0.238682	2.094734
3660	-85.98979	-247.3331	161.3433	0.3658124	0.4698561	2.242615
3666	-81.02161	-241.9616	160.94	1.063776	0.1577693	2.095687
3672	-80.37264	-240.7492	160.3765	1.20995	0.1811543	2.358361
3678	-92.94057	-253.0426	160.102	1.74777	0.1229974	2.314138
3684	-84.20095	-245.1112	160.9102	0.5200223	0.3996103	2.385864
3690	-78.52105	-238.6694	160.1483	0.3700054	0.8567484	2.743127
3696	-71.21927	-232.4219	161.2027	0.3467555	0.6233833	2.259865
3702	-71.87074	-232.8273	160.9566	0.8899639	0.5419554	1.947123
3708	-81.51174	-241.3153	159.8036	0.8899639	1.213195	2.263231
3714	-68.31747	-229.2121	160.8946	0.5098897	0.9414331	2.056734
3720	-67.06826	-227.9767	160.9084	0.7588766	0.4268975	2.155283
3726	-64.4313	-223.95	159.5187	0.7588766	0.1082055	3.208387
3732	-67.41693	-227.7399	160.323	0.7881943	0.1381303	2.684404
3738	-69.8666	-230.0729	160.2063	0.7837912	0.04147968	2.818005
3744	-75.97873	-235.4852	159.5064	1.712258	0.07740074	2.7288
3750	-77.00911	-237.5223	160.5132	1.712258	0.01631626	2.132743
3756	-69.46452	-231.0841	161.6195	0.8933728	0.01161219	1.854631
3762	-61.89118	-222.4332	160.5421	1.822634	0.003706222	2.075282
3768	-73.47437	-234.7576	161.2832	1.487391	0.009246871	1.723297
3774	-81.02003	-240.511	159.491	2.369673	0.1089985	2.482515
3780	-76.37683	-237.685	161.3081	0.895025	0.8445558	1.480204
3786	-76.50416	-236.7535	160.2493	0.895025	0.6594981	2.328693
3792	-76.15279	-235.8679	159.7151	3.441392	0.5291155	1.750122
3798	-70.20966	-231.7232	161.5135	0.6523887	0.561779	1.750122
3804	-86.31139	-244.7182	158.4068	1.161958	0.1344373	3.599023
3810	-83.87505	-243.1581	159.2831	0.4396888	0.1483751	3.599023
3816	-78.7107	-238.744	160.0333	1.272904	0.5247824	2.324114
3822	-72.79866	-232.0117	159.2131	0.400479	0.4812369	3.488587
3828	-74.29072	-234.5844	160.2937	1.426894	0.3530897	2.188317
3834	-81.41635	-241.2172	159.8009	1.991225	0.873101	1.92125
3840	-65.38858	-226.0761	160.6875	1.212955	0.3664742	2.035214
3846	-74.98624	-232.2981	157.3119	1.560579	0.552085	3.80735
3852	-75.48782	-234.5972	159.1094	0.4345025	0.3682917	3.57763
3858	-71.42221	-231.5005	160.0783	1.295754	0.4977412	2.300598
3864	-88.03036	-248.6022	160.5718	0.8620997	0.4001418	2.311589
3870	-82.36394	-242.3666	160.0027	2.914367	1.309287	1.083588
3876	-71.58823	-232.094	160.5057	3.094601	0.8764525	0.9382045
3882	-77.158	-237.6643	160.5063	1.726569	0.8656122	1.545933
3888	-73.14362	-233.3792	160.2356	2.168833	0.6152439	1.729824
3894	-84.23293	-243.8139	159.581	0.9767073	0.2679144	2.930708
3900	-91.82699	-252.965	161.138	0.3812001	0.7985291	2.142583
3906	-88.16382	-249.6071	161.4433	0.3930996	0.676633	2.00631
3912	-97.07097	-258.8877	161.8168	0.5857399	1.49687	0.7638
3918	-74.84475	-235.8488	161.004	1.258781	1.672549	0.5520216
3924	-71.29705	-233.2562	161.9592	0.4507398	1.672549	0.546949
3930	-77.67377	-240.1786	162.5048	0.3198052	1.121776	0.9618303
3936	-77.5285	-239.3509	161.8224	0.5439683	1.121776	1.210474
3942	-86.67359	-247.5974	160.9238	0.6383337	0.8455356	1.972645
3948	-83.57505	-244.4192	160.8441	0.6383337	0.8348157	2.032874
3954	-93.97595	-254.8047	160.8287	0.6701	0.4089822	2.291734
3960	-85.21631	-245.1065	159.8902	0.5999924	0.8589472	2.65936
3966	-85.19251	-246.3771	161.1846	0.5999924	0.6880948	1.939841
3972	-78.16903	-237.218	159.049	1.526591	0.6018472	2.766415
3978	-67.33226	-226.646	159.3137	1.526591	0.3371614	2.766415
3984	-72.25143	-231.8053	159.5538	2.136795	0.5380242	2.249509
3990	-77.30175	-238.4671	161.1653	1.342492	0.7257764	1.36202
3996	-79.51931	-240.3542	160.8349	2.350322	0.4413424	1.341738
4002	-74.33047	-235.8132	161.4827	0.7595732	1.199061	1.180717
4008	-87.15313	-247.4312	160.278	2.340363	0.4145727	1.776435
4014	-79.49324	-240.1488	160.6555	2.062393	0.6732934	1.423112
4020	-83.58488	-243.8809	160.296	2.062393	0.2713652	1.965201
4026	-75.88412	-235.8844	160.0002	0.6827762	0.3633564	2.824918
4032	-82.41791	-242.0158	159.5979	0.4375284	0.7271842	3.075559
4038	-72.16569	-232.2999	160.1342	0.9957704	0.3790358	2.511764
4044	-74.6541	-234.5111	159.857	1.288839	0.3583469	2.531665
4050	-78.76095	-239.2076	160.4467	1.953303	0.8830465	1.471169
4056	-72.17223	-232.1214	159.9492	1.060322	0.5868192	2.45795
4062	-72.81056	-233.3242	160.5136	1.040926	0.04104276	2.45795
4068	-79.99597	-241.1916	161.1956	0.3671414	0.2724819	2.460084
4074	-74.38495	-236.1749	161.79	0.5322202	0.6530875	1.614136
4080	-66.72386	-229.48	162.7562	0.2450187	0.5799791	1.377388
4086	-69.46191	-230.6065	161.1446	0.4479146	0.7728367	2.07277
4092	-78.85161	-240.7244	161.8728	0.4139159	1.202435	1.286602
4098	-73.25611	-235.5715	162.3154	0.2156098	0.9273552	1.510729
4104	-71.05496	-232.6946	161.6396	0.2716756	0.5944506	2.106745
4110	-75.02479	-236.4687	161.444	0.201333	0.5897212	2.358867
4116	-88.37061	-249.4028	161.0322	1.072175	0.3905662	1.873038
4122	-80.64783	-241.6767	161.0289	0.6705861	0.3930496	2.172595
4128	-79.30721	-241.198	161.8908	0.3435824	0.6839358	1.765416
4134	-73.92161	-235.7527	161.8311	0.5341643	0.7731022	1.493045
4140	-76.46801	-235.6685	159.2005	0.5860458	0.4681359	3.320905
4146	-85.51344	-246.9238	161.4103	0.1961624	0.7424083	2.2929
4152	-84.02664	-245.6373	161.6107	0.3226368	0.9064903	1.836858
4158	-81.42162	-241.9612	160.5396	1.598259	0.5869342	1.783645
4164	-82.80108	-243.2364	160.4353	1.955842	0.3807512	1.838773
4170	-85.92995	-246.9198	160.9898	0.5554068	0.8255741	2.022701
4176	-81.34459	-242.1144	160.7698	0.5554068	0.5821161	2.323842
4182	-89.91685	-250.0556	160.1388	0.655115	0.1293246	2.905289
4188	-87.84318	-247.5166	159.6734	0.6223097	0.06637496	3.247985
4194	-92.639	-253.528	160.889	0.6854512	0.5106378	2.174242
4200	-90.02352	-251.9874	161.9638	0.1149631	1.010553	1.938723
4206	-80.39952	-242.0434	161.6439	0.4108822	1.182682	1.485729
4212	-72.82386	-234.8537	162.0298	0.1743509	0.5046446	2.089712
4218	-70.41917	-231.5642	161.145	0.4798911	1.376718	1.619344
4224	-77.72272	-239.4324	161.7096	0.3878283	0.9636336	1.63138
4230	-74.33437	-235.5364	161.202	0.7660631	0.8848716	1.637824
4236	-81.31646	-242.2188	160.9023	0.4309463	0.3385947	2.525048
4242	-75.69731	-234.4549	158.7576	0.8356997	0.1061714	3.602421
4248	-78.36316	-237.5056	159.1425	0.5266484	0.2904147	3.512395
4254	-68.87361	-230.1702	161.2966	0.3235781	0.1764423	2.515002
4260	-69.6894	-231.8446	162.1552	0.2781174	0.383719	1.892883
4266	-63.82327	-225.6022	161.7789	0.2160801	0.6289437	2.089705
4272	-71.5445	-231.977	160.4325	0.3306263	0.3624347	2.92112
4278	-69.90569	-231.1428	161.2371	0.4454571	0.7272511	2.044655
4284	-70.23388	-232.5624	162.3285	0.3463454	0.986158	1.199118
4290	-81.37566	-244.139	162.7633	0.129704	1.123679	1.223762
4296	-77.11809	-238.5255	161.4074	0.5714108	0.6734573	1.826915
4302	-83.98499	-243.444	159.459	0.1874774	0.8405663	3.434873
4308	-82.30196	-243.6599	161.3579	0.1671313	0.2868689	2.668619
4314	-88.00795	-249.7189	161.7109	0.1458649	0.5667352	2.318263
4320	-76.15496	-236.4878	160.3329	0.3169188	0.2975748	3.038209
4326	-92.58732	-251.9362	159.3488	1.485796	0.03810657	2.944504
4332	-84.62104	-245.9448	161.3238	0.5171848	0.06697074	2.337448
4338	-80.06711	-240.9143	160.8472	0.3932084	0.5600974	2.4656
4344	-79.96754	-241.0605	161.093	0.3360484	0.1344531	2.650322
4350	-74.50707	-235.1902	160.6831	0.5520959	0.1524156	2.650322
4356	-65.82932	-227.3245	161.4952	0.4860692	0.2986346	2.110502
4362	-64.92605	-226.0521	161.1261	0.5277419	0.8592226	1.938011
4368	-79.97701	-241.4273	161.4503	0.6161764	0.8441736	1.630443
4374	-79.70444	-240.9628	161.2583	1.291471	0.3822079	1.583264
4380	-84.75678	-245.2591	160.5023	0.563604	0.8376725	2.323483
4386	-83.49281	-245.5701	162.0773	0.563604	1.079653	0.9867951
4392	-72.92671	-234.1686	161.2419	0.6132235	0.9627474	1.697662
4398	-73.41761	-234.9933	161.5757	0.6235343	0.7977034	1.565339
4404	-76.06759	-237.9465	161.8789	0.5625434	0.807386	1.3966
4410	-90.01477	-251.1608	161.146	0.9896534	0.7401779	1.604162
4416	-81.22925	-242.2839	161.0546	0.3805392	0.1788406	2.589523
4422	-86.38249	-246.9883	160.6058	0.5141306	0.6039581	2.454914
4428	-82.67339	-242.2692	159.5958	0.8636302	0.3761514	2.929106
4434	-72.1151	-234.6423	162.5272	0.1089446	0.7949177	1.716036
4440	-70.19118	-231.6324	161.4412	0.536922	0.5934424	1.894778
4446	-69.30719	-229.8744	160.5672	0.785838	0.2062595	2.49259
4452	-71.92557	-233.317	161.3915	0.07791705	0.1401901	2.949798
4458	-78.95464	-239.2361	160.2815	1.183288	0.3817458	2.306003
4464	-68.61254	-230.2257	161.6132	0.5377312	0.4996953	1.840513
4470	-77.2649	-237.8487	160.5838	1.758899	0.4657184	1.761938
4476	-67.87873	-229.3967	161.5179	0.6732352	0.1692995	1.995701
4482	-67.79606	-228.9503	161.1542	0.6919494	0.005823392	2.322778
4488	-76.94664	-237.1337	160.1871	1.59033	0.03423283	2.384128
4494	-84.25211	-243.47	159.2179	1.475372	0.0941079	2.994183
4500	-80.31926	-240.1505	159.8312	1.617677	0.5580454	2.264956
4506	-78.65993	-236.9547	158.2948	0.4244413	0.3739928	4.053821
4512	-81.52991	-241.2331	159.7032	1.299398	0.09299192	2.784457
4518	-84.65701	-244.9476	160.2906	0.7960652	0.1878595	2.668027
4524	-80.61214	-241.513	160.9008	0.9811491	0.277817	2.095945
4530	-79.23947	-239.1159	159.8764	1.259473	0.5311168	2.426591
4536	-66.29643	-226.798	160.5015	0.6324871	0.06206925	2.74476
4542	-73.35285	-234.0737	160.7208	0.4594826	0.0279325	2.796634
4548	-80.72577	-241.4209	160.6951	0.2551662	0.03427062	3.067887
4554	-87.79099	-248.5378	160.7468	0.3430748	0.1305611	2.855025
4560	-73.39369	-233.4408	160.0471	0.7101114	0.2984169	2.814223
4566	-75.53095	-234.1095	158.5785	1.565363	0.4044277	3.151664
4572	-84.36854	-244.0131	159.6445	1.207318	0.4129381	2.67205
4578	-74.72656	-234.9837	160.2571	0.8741768	0.1253921	2.67205
4584	-68.21625	-228.0632	159.847	1.310026	0.4052726	2.497758
4590	-64.72732	-226.1016	161.3743	0.7980956	0.4559395	1.791893
4596	-60.65192	-221.6344	160.9824	0.4978249	0.4245833	2.347229
4602	-63.29072	-224.02	160.7293	0.3262532	0.1291374	2.888575
4608	-77.22513	-238.639	161.4139	0.3681627	0.718543	2.031051
4614	-76.074	-237.4466	161.3725	1.129611	0.9910878	1.117755
4620	-85.24288	-245.1169	159.874	1.479562	1.25247	1.842677
4626	-76.4989	-235.756	159.2571	1.591923	0.344269	2.768185
4632	-70.80561	-231.414	160.6084	0.2432474	0.3917923	2.924089
4638	-65.13277	-225.0395	159.9068	0.9422633	0.1531257	2.824508
4644	-66.89034	-228.1941	161.3038	1.14888	0.4067547	1.621648
4650	-84.47791	-246.9049	162.427	0.4031903	0.7409775	1.226481
4656	-74.33961	-236.4346	162.095	0.3714548	1.243347	1.132849
4662	-77.46262	-238.7864	161.3238	1.229223	1.023055	1.051679
4668	-76.86048	-238.4712	161.6107	1.210213	0.9070292	0.8922001
4674	-71.02269	-232.3413	161.3186	1.210213	0.9451521	1.143122
4680	-73.30827	-234.8165	161.5083	1.210213	0.9451521	0.9620648
4686	-74.22513	-235.5207	161.2955	1.029327	0.6143877	1.558012
4692	-79.42635	-239.3402	159.9139	1.186338	0.2358782	2.626453
4698	-82.28163	-242.2223	159.9407	1.640215	0.6941471	2.095557
4704	-77.67883	-238.5762	160.8974	1.300647	0.7368481	1.582384
4710	-78.25443	-238.6961	160.4417	3.070754	0.01911492	1.701482
4716	-78.65423	-237.8708	159.2166	1.032442	0.1192544	3.204056
4722	-76.00811	-236.9132	160.9051	0.6282308	0.6270848	2.1387
4728	-77.13287	-238.8261	161.6932	0.2704703	0.9560302	1.83036
4734	-67.43174	-228.5848	161.1531	0.593276	0.5207456	2.078755
4740	-67.66331	-228.4632	160.7999	1.191815	0.1826929	2.094477
4746	-70.08942	-229.3508	159.2614	1.191815	0.3220851	2.968402
4752	-71.56243	-230.5713	159.0088	1.465724	0.353303	2.968402
4758	-73.93522	-235.0284	161.0932	1.465724	0.7664311	1.311103
4764	-71.55193	-233.5574	162.0055	0.5707849	0.7761771	1.311103
4770	-75.20057	-237.1681	161.9675	0.6462741	0.477971	1.488178
4776	-78.15316	-237.6019	159.4488	1.110447	0.1011928	3.032403
4782	-85.78819	-245.7853	159.9971	1.429752	0.3652697	2.369107
4788	-89.57134	-250.5214	160.9501	0.8188771	0.2620174	2.188828
4794	-81.05505	-242.7928	161.7377	0.8353679	1.05528	0.9943795
4800	-80.18476	-242.2367	162.0519	0.2088955	0.955352	1.695965
4806	-76.55993	-237.9367	161.3768	0.4970738	0.8549046	1.803875
4812	-79.76294	-239.6782	159.9152	1.105372	0.4881897	2.514364
4818	-72.90388	-232.1872	159.2833	1.552935	0.4881897	2.680932
4824	-71.51003	-231.6018	160.0918	1.274508	0.5972099	2.239423
4830	-77.32694	-237.8644	160.5375	0.5357279	0.1955828	2.728934
4836	-74.30344	-236.4316	162.1282	0.3567008	0.4626403	1.734852
4842	-75.10768	-235.2662	160.1586	1.164285	0.3930007	2.387653
4848	-84.27715	-243.4536	159.1765	2.57524	0.4231507	2.418677
4854	-80.88689	-239.2836	158.3967	0.9222014	1.042187	3.209464
4860	-85.42615	-246.3906	160.9645	0.481206	0.5873037	2.272639
4866	-84.0082	-244.3655	160.3573	0.4553664	0.09057075	2.982928
4872	-78.29894	-238.4499	160.1509	1.479459	0.8976305	1.895917
4878	-78.04721	-239.1858	161.1385	0.869887	0.8061138	1.653329
4884	-75.79177	-236.8653	161.0735	0.8662988	0.8061138	1.70246
4890	-73.15831	-233.6955	160.5372	0.5709212	0.3694169	2.588646
4896	-80.25425	-240.7885	160.5343	0.5211614	0.3092256	2.675381
4902	-66.68434	-227.4108	160.7265	1.06055	0.3090788	2.138437
4908	-77.6653	-238.6615	160.9962	1.290325	0.2581427	1.856452
4914	-79.1757	-241.4085	162.2328	0.3302035	1.093966	1.21845
4920	-67.59165	-228.5039	160.9122	0.9761969	0.6588682	1.836047
4926	-82.93081	-243.755	160.8242	1.836843	0.861071	1.245961
4932	-69.34532	-228.6556	159.3103	0.8930372	0.7478808	2.857432
4938	-76.09838	-237.3755	161.2771	0.1301411	0.3399367	2.765541
4944	-68.68785	-229.5482	160.8603	0.2766411	0.6881126	2.536216
4950	-66.307	-227.3492	161.0422	0.6950613	0.6395215	1.980078
4956	-63.57288	-223.5705	159.9976	1.472047	0.5793285	2.211458
4962	-67.96382	-229.2275	161.2637	0.4684599	0.5932594	2.088791
4968	-73.86291	-234.7971	160.9342	0.3899693	0.276161	2.592309
4974	-62.18549	-223.1265	160.941	0.5868696	0.1376686	2.466553
4980	-76.49822	-235.3335	158.8353	0.7312905	0.2384049	3.553197
4986	-73.65682	-232.8203	159.1635	0.6324462	0.04141528	3.553197
4992	-83.50286	-243.8543	160.3514	0.3133702	0.01451092	3.200501
4998	-86.10808	-246.3066	160.1985	0.8796967	0.1137981	2.711415
5004	-78.64207	-240.5004	161.8583	0.4267767	0.1511528	2.037278
5010	-87.60545	-248.0925	160.487	1.046772	0.3280579	2.289385
5016	-70.61984	-231.8579	161.238	0.1803457	0.5652227	2.544113
5022	-71.92687	-233.7195	161.7926	1.095891	0.1625845	1.476796
5028	-73.52397	-232.649	159.1251	1.186931	0.04535662	3.217317
5034	-76.85634	-236.217	159.3607	1.306722	0.09131754	2.989031
5040	-75.30474	-234.0444	158.7397	1.406131	0.3269867	3.171947
5046	-67.31356	-228.4281	161.1145	0.5595992	0.1664225	2.364883
5052	-67.61406	-229.0956	161.4815	0.5123298	0.1137358	2.211412
5058	-58.74106	-220.5427	161.8016	0.4732662	0.2200423	1.974049
5064	-65.43564	-228.181	162.7453	0.1506477	0.7577706	1.468996
5070	-68.33709	-230.4041	162.067	0.2165964	1.193018	1.495624
5076	-65.07466	-227.0129	161.9382	0.4242625	1.099782	1.301167
5082	-73.86027	-236.1476	162.2874	0.09742623	1.099782	1.704158
5088	-73.1427	-235.192	162.0493	0.3524651	1.348952	1.114115
5094	-71.56802	-234.0455	162.4774	0.2459585	0.9717182	1.284863
5100	-73.14472	-235.5704	162.4256	0.3012691	1.028437	1.165028
5106	-64.55652	-226.8685	162.312	0.424632	1.028437	1.035379
5112	-71.22904	-233.8112	162.5822	0.2978796	1.185463	0.8609818
5118	-75.54369	-238.1506	162.6069	0.2225094	0.5833749	1.535185
5124	-78.06781	-238.8781	160.8103	0.2225094	0.604055	2.706714
5130	-72.64769	-233.9899	161.3422	0.4850779	0.7800372	1.892637
5136	-65.29463	-227.4976	162.203	0.4254562	0.04300969	1.880074
5142	-52.77498	-214.4028	161.6278	0.2436949	0.2841446	2.360607
5148	-71.26417	-233.2705	162.0064	0.1895745	1.066765	1.690322
5154	-74.97548	-237.4986	162.5231	0.1743827	1.066765	1.339649
5160	-77.81919	-239.2603	161.4411	0.4192359	0.5667581	2.04761
5166	-65.96969	-226.4653	160.4956	0.8897501	0.4633078	2.300437
5172	-66.58347	-228.0946	161.5111	0.5048922	0.2981266	2.07979
5178	-69.28928	-229.655	160.3657	1.340094	0.6556639	1.98657
5184	-66.10535	-227.0501	160.9448	0.6316627	0.1350074	2.425397
5190	-64.46639	-224.5994	160.133	1.240628	0.2170992	2.472655
5196	-75.8238	-235.657	159.8332	0.9104602	0.5257058	2.662266
5202	-74.23801	-234.3364	160.0984	0.9104602	0.1838265	2.709375
5208	-80.01298	-239.7894	159.7764	0.6453768	0.1539128	3.115842
5214	-84.52453	-245.926	161.4014	0.6453768	0.1581513	2.105152
5220	-79.02976	-240.0018	160.972	1.592771	0.1021805	1.8225
5226	-74.66268	-235.8883	161.2256	0.4190472	0.2009794	2.422483
5232	-77.08529	-235.9941	158.9088	0.5836532	0.2911834	3.596911
5238	-70.7772	-231.3021	160.5249	0.3200827	1.022926	2.47309
5244	-76.24221	-237.9604	161.7182	0.2868337	0.9294137	1.803922
5250	-74.55018	-235.728	161.1779	1.303379	0.8362704	1.288637
5256	-75.5401	-236.5275	160.9874	0.8748112	0.8345212	1.736531
5262	-73.84997	-234.8197	160.9697	1.141284	0.5862947	1.736531
5268	-71.50742	-231.6499	160.1425	0.6516391	0.5574314	2.644769
5274	-72.36772	-231.4079	159.0402	0.7513744	0.150077	3.470636
5280	-70.36977	-232.7238	162.354	0.3955126	0.7254619	1.311709
5286	-79.63963	-241.5825	161.9429	0.4435054	1.324339	1.072228
5292	-75.49261	-237.5703	162.0777	0.5151106	1.071879	1.068155
5298	-71.60693	-232.2418	160.6349	1.864438	0.7042982	1.504784
5304	-68.54823	-229.2733	160.725	1.338002	0.5840895	1.792001
5310	-66.52459	-227.6803	161.1557	0.9986032	0.7212368	1.604376
5316	-69.27587	-231.1507	161.8749	0.6780486	1.236337	0.8590356
5322	-58.25891	-220.1351	161.8762	0.6780486	1.12464	0.9801674
5328	-63.0024	-224.6061	161.6037	0.9176591	0.7607027	1.295523
5334	-68.88184	-230.2689	161.3871	0.9613592	1.547655	0.614691
5340	-79.8307	-240.8289	160.9982	1.838204	1.244322	0.6089616
5346	-87.01468	-248.2796	161.2649	0.6721151	2.023949	0.4427045
5352	-79.34407	-240.3729	161.0289	0.6120231	2.200479	0.2737402
5358	-81.08063	-242.8752	161.7946	0.5043096	1.748349	0.5275187
5364	-76.173	-237.9793	161.8063	0.4732489	1.787749	0.5360993
5370	-79.92998	-242.7743	162.8443	0.02567594	2.052968	0.5608377
5376	-70.85394	-234.099	163.2451	0.03241441	1.598628	0.6418279
5382	-78.85095	-240.0587	161.2077	0.8828743	0.8714082	1.545041
5388	-72.31417	-232.9927	160.6786	0.4594994	0.6801246	2.419148
5394	-76.07278	-237.6534	161.5806	0.7778742	0.7158083	1.472792
5400	-76.09911	-237.9145	161.8154	0.6978468	0.7158083	1.369036
5406	-79.59313	-239.7518	160.1587	0.6289501	0.6823301	2.576999
5412	-86.77318	-247.5694	160.7962	1.782547	1.022424	1.161347
5418	-69.99958	-231.2721	161.2725	0.9578939	0.9820564	1.349933
5424	-65.69572	-227.1365	161.4408	0.9053026	0.8692383	1.349933
5430	-71.62246	-233.9897	162.3672	0.3716509	1.044207	1.065403
5436	-76.22843	-238.6542	162.4258	0.3716509	0.9692115	1.080788
5442	-84.85897	-246.2924	161.4334	0.4754442	1.467945	1.337817
5448	-85.19369	-248.0973	162.9037	0.05990367	1.373361	1.14892
5454	-83.48529	-243.2704	159.7851	3.605053	1.603567	0.3689097
5460	-82.25762	-242.9252	160.6676	1.143006	1.885131	0.2329171
5466	-86.05914	-247.3503	161.2912	1.057079	1.568201	0.5407667
5472	-79.24814	-240.5746	161.3265	0.6545198	0.1235198	2.168509
5478	-79.19402	-240.374	161.18	0.1630179	0.4747584	2.670904
5484	-88.63777	-249.2004	160.5627	0.2982341	0.9886572	2.502129
5490	-73.01802	-235.1428	162.1248	0.2244424	0.9785132	1.59515
5496	-78.40961	-239.5134	161.1038	0.1275554	0.6399493	2.69398
5502	-86.89956	-247.7428	160.8432	0.6747824	0.3861503	2.293032
5508	-78.08874	-239.949	161.8603	0.1936771	0.388711	2.235976
5514	-75.04895	-235.8169	160.7679	0.6622072	0.390538	2.349014
5520	-80.15937	-240.8254	160.666	0.7310369	0.2548016	2.442372
5526	-79.84933	-240.1141	160.2647	0.7633356	0.5166311	2.504642
5532	-78.3324	-239.3826	161.0502	0.7922271	0.331597	2.098577
5538	-76.27323	-236.3545	160.0813	1.302359	0.6704886	2.184029
5544	-71.09337	-230.6182	159.5248	1.302359	0.3768315	2.718543
5550	-74.73372	-234.5204	159.7867	0.9147669	0.6443633	2.614921
5556	-70.80617	-231.6339	160.8277	0.8858735	0.548231	2.031967
5562	-72.81886	-233.001	160.1822	1.445149	0.4623842	2.180756
5568	-71.74394	-232.9756	161.2317	0.4864035	0.1376996	2.383184
5574	-71.04618	-231.7763	160.7301	0.6376097	0.3830215	2.399113
5580	-67.89363	-227.7453	159.8516	1.480526	0.5094199	2.34573
5586	-76.40926	-236.7995	160.3902	1.480526	0.55012	1.968385
5592	-75.12611	-236.1198	160.9936	0.7749845	0.5210984	2.024448
5598	-82.5597	-243.1365	160.5768	0.604835	0.7677228	2.28155
5604	-75.16069	-236.7498	161.5891	0.3408338	0.3984465	2.163687
5610	-78.34743	-239.143	160.7956	0.3342237	0.5090297	2.605114
5616	-73.9091	-235.1181	161.209	1.234614	0.2781888	1.727302
5622	-70.18249	-230.3366	160.1541	1.127464	0.1648492	2.55429
5628	-70.59609	-230.0456	159.4495	0.811827	0.2452235	3.130534
5634	-74.02092	-232.9589	158.938	2.503157	0.7030147	2.414639
5640	-73.14417	-232.5595	159.4153	3.452952	0.5848885	1.914906
5646	-73.76378	-234.7617	160.998	1.614192	0.7976007	1.276194
5652	-70.86371	-231.4282	160.5645	1.245577	0.8149085	1.79603
5658	-72.03715	-233.2181	161.181	1.173138	0.6255216	1.53554
5664	-73.4782	-234.6099	161.1317	1.173138	0.6747515	1.53554
5670	-67.72204	-228.8102	161.0882	0.8870683	1.142486	1.427407
5676	-78.13324	-240.3642	162.231	0.239087	0.7578847	1.648905
5682	-71.34327	-231.3979	160.0546	0.9177455	0.6363856	2.450981
5688	-68.8559	-229.0584	160.2025	1.415833	0.5109974	2.150437
5694	-78.47046	-238.3633	159.8928	1.429354	0.4645473	2.372457
5700	-76.13139	-236.1461	160.0147	1.213161	0.1804625	2.58388
5706	-82.23556	-242.3595	160.1239	1.326069	0.07322535	2.524043
5712	-72.28459	-233.2726	160.988	1.326069	0.3970857	1.745759
5718	-69.49695	-230.7861	161.2892	0.7423419	1.019033	1.496739
5724	-67.69853	-227.9466	160.248	1.093251	0.7002693	2.175075
5730	-77.79852	-237.6841	159.8856	0.5145323	0.5072423	2.955914
5736	-78.82745	-239.9087	161.0813	1.60081	0.2647297	1.627072
5742	-83.43465	-242.6006	159.166	0.8635964	0.4092769	3.166448
5748	-83.71498	-243.9862	160.2713	0.4131874	0.5714419	2.790666
5754	-78.13646	-238.9448	160.8083	0.4221701	0.6366653	2.407213
5760	-81.75081	-243.317	161.5662	0.571444	0.6214297	1.752762
5766	-78.04765	-240.155	162.1074	0.4892114	0.585988	1.480977
5772	-71.96638	-233.4063	161.44	0.4954054	0.5444213	1.973962
5778	-72.22349	-233.2084	160.9849	0.5863407	0.8093494	2.005776
5784	-69.60247	-231.0154	161.413	0.9283736	0.759048	1.43832
5790	-76.28126	-236.811	160.5297	2.248893	1.097051	1.088555
5796	-75.91643	-237.0091	161.0927	0.3489448	0.3272914	2.513821
5802	-69.10522	-230.6452	161.54	0.6087413	0.2909033	1.959454
5808	-84.1183	-243.6867	159.5684	2.311799	0.7231647	2.057911
5814	-80.06858	-241.5837	161.5151	0.3129186	0.6751505	2.071266
5820	-79.04567	-240.8034	161.7578	0.3568139	0.7416829	1.798404
5826	-76.80258	-237.9438	161.1412	0.4983056	0.7538907	2.030231
5832	-76.31566	-237.2514	160.9358	0.5933883	0.849121	2.00511
5838	-70.94018	-232.886	161.9458	0.3404308	0.8952428	1.580228
5844	-75.6702	-235.4554	159.7852	0.8067552	0.7954996	2.597105
5850	-71.22139	-230.4361	159.2147	1.154189	0.2313707	3.070722
5856	-73.04637	-233.5082	160.4618	0.5802434	0.06190655	2.815021
5862	-71.14825	-231.9951	160.8468	0.3770717	0.02606897	2.815021
5868	-66.97612	-227.9701	160.994	0.7446826	0.2911717	2.199204
5874	-67.66153	-229.5174	161.8559	0.4821397	0.8161371	1.505998
5880	-73.78847	-235.9175	162.129	0.1174607	1.668902	1.335686
5886	-78.57756	-239.9329	161.3553	0.5670536	1.029593	1.617202
5892	-78.39126	-240.2791	161.8878	0.2743703	1.029593	1.635
5898	-87.0411	-246.2823	159.2412	0.4699178	0.3755472	3.460007
5904	-79.24768	-240.5283	161.2806	0.9462162	0.8886082	1.4261
5910	-75.71573	-237.1094	161.3937	0.9462162	1.47717	0.7617143
5916	-79.13917	-240.3558	161.2166	1.359012	1.343654	0.654273
5922	-73.7794	-235.3973	161.6179	0.8589063	1.302398	0.8226236
5928	-70.6446	-231.8725	161.2279	0.9828892	1.571853	0.8077593
5934	-89.37731	-251.3323	161.955	0.4906261	1.571853	0.655582
5940	-81.72597	-244.4228	162.6969	0.2144722	1.409879	0.6845657
5946	-86.49371	-248.5419	162.0482	0.334395	1.688605	0.7960351
5952	-71.25192	-231.6828	160.4309	0.5044406	0.2632	2.783477
5958	-69.12595	-229.9807	160.8548	0.3089181	0.4422677	2.644608
5964	-70.80982	-230.9715	160.1617	0.7374213	0.2919014	2.727099
5970	-66.465	-227.8553	161.3903	0.8430301	0.1238879	1.971657
5976	-70.42865	-231.2605	160.8319	0.4389713	0.6917613	2.337867
5982	-72.37103	-231.8098	159.4388	0.6930707	0.1795933	3.262777
5988	-73.37043	-234.0638	160.6934	0.4574595	0.8489326	2.304945
5994	-82.77612	-243.3653	160.5891	1.026579	0.5480976	2.093388
6000	-78.94532	-238.4676	159.5223	0.3563384	0.3058738	3.462026
6006	-75.30821	-236.0534	160.7452	0.3310335	0.2654554	2.789836
6012	-80.22961	-240.652	160.4224	2.532896	0.9962759	1.145833
6018	-73.33113	-235.5573	162.2262	0.4366334	1.049265	1.076149
6024	-73.81948	-235.8482	162.0287	0.4230105	1.139483	1.194447
6030	-80.82261	-241.9419	161.1193	1.480759	1.298884	0.7407639
6036	-78.83232	-240.1307	161.2984	1.140411	1.207215	0.9719875
6042	-72.40793	-234.0105	161.6026	0.7601892	1.207215	1.064554
6048	-81.55196	-243.6408	162.0888	0.5205519	1.081252	1.040267
6054	-81.1264	-241.1999	160.0735	1.568077	0.5561767	2.13189
6060	-74.62907	-235.1105	160.4815	0.3100619	0.5175851	2.825356
6066	-72.25095	-233.4058	161.1548	0.6515014	0.6937304	1.907052
6072	-79.63631	-240.7542	161.1179	0.4364466	0.423975	2.329164
6078	-62.93653	-223.2963	160.3598	0.5791185	0.4793851	2.622783
6084	-62.27784	-223.8252	161.5473	0.2132866	0.6754872	2.215449
6090	-55.32303	-216.4386	161.1155	0.4824508	0.1053208	2.480887
6096	-69.78184	-230.2653	160.4834	0.6985269	0.4472506	2.462345
6102	-68.97122	-229.0175	160.0463	0.3212396	0.1701754	3.278434
6108	-66.02464	-226.8807	160.856	0.6128233	0.3281092	2.376348
6114	-73.17773	-234.4814	161.3036	0.4255369	0.604099	2.105852
6120	-73.26092	-235.0693	161.8083	0.4255369	0.6880261	1.706355
6126	-68.82947	-229.9501	161.1207	0.2805467	0.6826454	2.37014
6132	-83.14985	-243.8681	160.7183	0.2182288	0.8515741	2.618408
6138	-83.28461	-245.4277	162.1431	0.3239749	1.110799	1.290468
6144	-75.18542	-238.0208	162.8354	0.1064201	1.33765	1.050276
6150	-71.78296	-234.1869	162.404	0.212612	0.9190664	1.456658
6156	-65.26686	-226.1866	160.9197	0.5589723	0.5799019	2.225682
6162	-72.22448	-234.1116	161.8872	0.1338903	0.8582282	2.042953
6168	-68.35695	-229.344	160.9871	1.249434	0.7410763	1.544655
6174	-67.67439	-229.0099	161.3355	0.4866034	0.832899	1.859423
6180	-73.42409	-234.5123	161.0882	1.672036	0.1621142	1.660721
6186	-74.69594	-235.8316	161.1357	1.226779	0.3253162	1.750408
6192	-64.09889	-225.8982	161.7993	0.4669648	0.5603239	1.750408
6198	-62.97457	-224.1952	161.2207	0.5083614	0.2944181	2.267171
6204	-75.41535	-235.5353	160.1199	2.378284	0.2422999	1.988182
6210	-79.39264	-239.3633	159.9706	1.17192	0.4424757	2.470562
6216	-81.12766	-241.1099	159.9823	0.4947046	0.5715239	2.878433
6222	-70.97499	-232.2661	161.2911	0.4947046	0.5166912	2.091829
6228	-74.30116	-233.8072	159.5061	1.463533	0.2201462	2.748738
6234	-82.91239	-242.2839	159.3715	2.097515	0.1730916	2.608131
6240	-69.21747	-229.4489	160.2314	0.9940837	0.2455708	2.535422
6246	-64.13753	-223.6816	159.5441	2.141638	0.09288967	2.535422
6252	-65.42725	-225.9642	160.537	1.213482	0.0403033	2.34397
6258	-74.37827	-234.3676	159.9893	1.642913	0.0829599	2.455077
6264	-81.24949	-241.2528	160.0033	2.907275	0.471163	1.740986
6270	-80.10649	-240.38	160.2735	0.698478	0.471163	2.578397
6276	-77.68087	-236.7995	159.1186	1.703502	0.4536547	2.739433
6282	-71.41234	-231.9087	160.4964	1.265693	0.8013252	1.840705
6288	-70.48124	-231.1594	160.6781	1.624667	0.1720711	1.959693
6294	-63.82039	-224.3432	160.5228	1.411609	0.7842359	1.753181
6300	-69.24489	-228.7827	159.5378	1.411609	0.2863177	2.712951
6306	-67.20656	-226.6818	159.4752	1.030173	0.517517	2.811335
6312	-78.34242	-239.3285	160.986	0.5508999	0.3853252	2.315872
6318	-79.89715	-240.9505	161.0534	0.72541	0.7077693	1.900266
6324	-64.43712	-225.956	161.5189	0.3857488	0.7732608	1.900266
6330	-60.42667	-222.5529	162.1262	0.2614383	0.6851295	1.733477
6336	-77.40857	-238.7575	161.3489	0.8595781	0.4165081	1.787786
6342	-72.90927	-234.3128	161.4035	0.8595781	0.646548	1.585401
6348	-77.38076	-238.0687	160.6879	1.032689	0.646548	1.958478
6354	-71.93744	-233.6051	161.6676	0.6052001	0.7207713	1.573583
6360	-72.62281	-233.9095	161.2867	0.6052001	0.9241002	1.701446
6366	-79.54808	-241.8426	162.2945	0.3227601	1.010089	1.250914
6372	-81.53968	-242.8251	161.2854	0.9546505	1.144525	1.208651
6378	-72.45131	-234.1008	161.6494	0.6034966	1.051012	1.337524
6384	-66.49586	-227.3205	160.8247	0.5591828	0.5387765	2.312804
6390	-62.87516	-223.0669	160.1918	0.5591828	0.149475	2.944673
6396	-72.91973	-233.9933	161.0736	1.025147	0.1383356	2.045076
6402	-73.49514	-234.8371	161.342	0.7280541	0.1747448	2.061544
6408	-69.88151	-228.8801	158.9986	1.96615	0.2542146	2.833528
6414	-72.3193	-233.718	161.3987	0.3748498	0.1828832	2.378722
6420	-61.31619	-220.5026	159.1864	1.503792	0.3580872	2.841273
6426	-71.18831	-230.8268	159.6384	1.019582	0.3704766	2.807799
6432	-68.17342	-227.5611	159.3877	1.157991	0.1680283	3.003051
6438	-75.66842	-236.0913	160.4229	1.25937	0.6925561	1.967924
6444	-83.03898	-242.8317	159.7927	0.6773166	0.5509479	2.841418
6450	-76.52158	-237.2745	160.7529	1.005969	0.6027825	1.961926
6456	-83.25114	-244.1521	160.901	0.3782748	0.4731559	2.504834
6462	-87.72155	-247.2727	159.5512	2.196625	0.263718	2.404919
6468	-88.11444	-247.4428	159.3284	2.196625	0.4865299	2.404919
6474	-79.88819	-240.0762	160.188	1.714124	0.7929614	1.829773
6480	-68.85379	-229.8289	160.9751	0.8671987	0.7210178	1.829773
6486	-82.00762	-241.5361	159.5285	0.7856811	0.2498835	3.099119
6492	-65.59114	-225.0692	159.4781	1.586749	0.006296666	2.841591
6498	-66.24271	-226.6909	160.4482	1.525711	0.04981036	2.236924
6504	-70.43143	-230.7049	160.2735	0.3948105	0.1796872	3.046948
6510	-66.99144	-228.2309	161.2395	0.9364293	0.276345	1.901867
6516	-78.58123	-238.3983	159.8171	1.782621	0.03227485	2.536564
6522	-71.23121	-231.4432	160.212	1.011264	0.09379354	2.630925
6528	-82.80432	-242.6453	159.8409	0.8517234	0.6333837	2.630925
6534	-78.49881	-237.3108	158.812	2.025551	0.4286845	2.819704
6540	-83.53606	-244.7198	161.1838	0.4964275	0.6631965	2.064159
6546	-80.65656	-241.5126	160.856	0.8761399	0.4444307	2.088905
6552	-74.84469	-235.8854	161.0407	0.7971685	0.5612583	1.948455
6558	-83.10708	-243.2201	160.113	1.222061	0.3234677	2.428389
6564	-81.67157	-241.5838	159.9123	1.0767	0.6551411	2.428389
6570	-76.02663	-235.4203	159.3936	0.9770164	0.4382163	2.940782
6576	-70.08855	-231.1328	161.0443	1.325657	0.2032806	1.841311
6582	-75.82665	-236.4008	160.5742	2.162716	0.3282265	1.69576
6588	-76.38708	-237.0851	160.698	1.623038	0.1375203	1.970293
6594	-82.65545	-242.6861	160.0306	1.631513	0.358725	2.258798
6600	-80.04195	-240.4466	160.4046	0.9812341	0.09824745	2.527392
6606	-79.40666	-239.9546	160.548	0.5423388	0.5010315	2.527392
6612	-87.35792	-247.9484	160.5905	0.3507222	0.3049448	2.8342
6618	-78.6397	-237.5282	158.8885	0.4492991	0.2419599	3.763224
6624	-74.98479	-235.024	160.0392	1.745045	0.1640816	2.329128
6630	-85.06956	-244.211	159.1414	3.253809	0.098818	2.458513
6636	-68.11656	-228.3827	160.2662	1.249432	0.09904422	2.458513
6642	-65.1634	-225.9123	160.7489	1.057489	0.03113866	2.305225
6648	-61.85415	-223.3475	161.4933	1.057489	0.02990231	1.81371
6654	-76.08566	-235.8215	159.7359	0.8729621	0.04641749	3.036802
6660	-70.03561	-231.0568	161.0212	0.748624	0.008749735	2.359568
6666	-76.19213	-238.2111	162.019	1.18744	0.01212855	1.354036
6672	-75.41458	-235.5583	160.1437	0.5692752	0.2753859	2.888437
6678	-78.85263	-239.9028	161.0502	0.9373267	0.8115543	1.660585
6684	-90.60089	-250.0553	159.4544	1.331057	0.002217493	2.97436
6690	-78.83459	-237.5943	158.7597	1.27921	0.001287293	3.412016
6696	-71.26919	-231.4964	160.2272	0.6448295	0.002219605	2.937124
6702	-76.62506	-236.797	160.172	0.9195055	0.002225466	2.769545
6708	-84.57065	-244.2291	159.6584	0.8239668	0.006786074	3.139704
6714	-85.85122	-245.2702	159.419	1.039203	0.01861738	3.139704
6720	-82.29548	-242.7421	160.4466	0.5881941	0.3279604	2.654342
6726	-84.80042	-243.8625	159.062	0.6802888	0.6130378	3.23925
6732	-78.7146	-239.6846	160.97	0.2916525	0.500229	2.562309
6738	-81.47592	-242.6336	161.1577	0.6277096	0.8642184	1.811083
6744	-78.37488	-240.4241	162.0492	0.5196289	0.5816121	1.490448
6750	-76.96922	-238.4369	161.4677	1.145792	0.4026068	1.506249
6756	-70.36691	-230.9551	160.5882	1.746978	0.1696692	1.96663
6762	-78.3593	-240.3562	161.9969	0.5660627	0.6481419	1.42444
6768	-78.93137	-240.2025	161.2712	1.02675	1.243482	1.068187
6774	-70.58991	-231.8199	161.23	1.447598	1.154212	0.8223757
6780	-72.7027	-234.3058	161.6031	1.115054	0.5389487	1.317349
6786	-78.27344	-238.5561	160.2827	2.535379	0.55602	1.603137
6792	-78.90915	-241.0345	162.1253	0.2219151	0.3994235	2.001404
6798	-83.01732	-244.7446	161.7273	0.3277089	1.02259	1.666115
6804	-87.55106	-249.0663	161.5153	0.7236812	1.02259	1.337365
6810	-87.34069	-248.0982	160.7575	1.694514	0.1718755	1.874033
6816	-78.93202	-238.5397	159.6076	1.694514	0.07609475	2.674752
6822	-85.6233	-244.2343	158.611	0.8631915	0.05080992	3.701413
6828	-92.09769	-251.0489	158.9512	1.505701	0.3646511	2.978478
6834	-87.54115	-247.7089	160.1678	1.16987	0.2165403	2.489733
6840	-78.63559	-238.73	160.0944	0.4809537	0.1954669	3.051105
6846	-73.30342	-234.2096	160.9062	0.6813828	0.4088368	2.232416
6852	-65.93606	-226.2653	160.3293	1.51925	0.7630264	1.846133
6858	-74.72424	-236.1187	161.3944	1.163449	0.6015178	1.398303
6864	-68.91086	-229.047	160.1362	1.399931	0.3222704	2.322619
6870	-69.82625	-230.3212	160.4949	0.95579	0.2904611	2.36622
6876	-69.80955	-230.6204	160.8108	0.7577542	0.1973658	2.36622
6882	-71.62646	-232.1308	160.5044	1.544429	0.3310762	2.007311
6888	-74.89442	-234.2601	159.3657	0.9445689	0.1344923	3.159126
6894	-75.54514	-235.235	159.6899	1.639625	0.1796312	2.582979
6900	-82.52452	-243.4822	160.9577	0.1467215	0.5126904	2.81797
6906	-83.4213	-244.1891	160.7678	0.2864378	0.7288638	2.553647
6912	-82.57179	-243.4344	160.8626	1.471333	0.5982456	1.611542
6918	-92.09356	-253.6077	161.5141	0.5786221	0.8339687	1.63124
6924	-85.68269	-247.5675	161.8848	0.318365	1.136756	1.48212
6930	-78.03565	-239.9639	161.9283	0.288156	0.5016586	1.950114
6936	-67.81222	-229.1952	161.383	0.5534193	0.2196414	2.164481
6942	-75.82199	-234.4456	158.6236	0.7976178	0.133699	3.68975
6948	-75.6839	-236.2996	160.6157	0.3469441	0.1388336	2.924287
6954	-76.68098	-234.8992	158.2182	0.2912589	0.3592361	4.263824
6960	-75.26166	-235.7646	160.5029	0.2155118	0.04994787	3.236795
6966	-67.76804	-227.1604	159.3923	0.4061833	0.04688061	3.630612
6972	-68.89762	-228.3748	159.4772	0.8123302	0.1000967	3.199939
6978	-57.96788	-218.1085	160.1406	1.226226	0.1026239	2.54708
6984	-65.6227	-226.3192	160.6965	0.7702638	0.04894425	2.521792
6990	-69.97908	-230.2611	160.282	1.472329	0.07445733	2.352517
6996	-74.05386	-234.2955	160.2417	1.859441	0.4655182	1.952579
7002	-76.17324	-236.6266	160.4533	0.749741	0.3647565	2.492131
7008	-70.95113	-231.093	160.1418	1.389235	0.05632354	2.492131
7014	-79.31371	-239.3648	160.0511	1.153074	0.1849957	2.591334
7020	-78.04261	-240.4555	162.4129	0.2799114	0.7445884	1.44717
7026	-76.34933	-238.2538	161.9045	0.4474176	0.9951533	1.377973
7032	-71.58452	-232.4306	160.8461	1.270117	0.7870825	1.601548
7038	-78.48699	-238.8878	160.4008	2.122599	0.2556724	1.881948
7044	-81.74328	-242.4339	160.6906	1.453948	0.3975246	1.881948
7050	-75.87533	-236.1386	160.2632	0.3359685	0.4180348	2.982544
7056	-78.88252	-239.1932	160.3107	0.6586721	0.5688493	2.527513
7062	-82.09284	-241.8612	159.7684	0.3883037	0.806276	2.98175
7068	-77.48268	-238.0115	160.5288	0.7342792	0.3190249	2.485578
7074	-76.00309	-236.0567	160.0536	0.7342792	0.4420991	2.703688
7080	-75.73753	-236.7899	161.0524	1.03459	0.235135	1.988665
7086	-74.22149	-233.6648	159.4433	0.6135445	0.09331321	3.375
7092	-86.69983	-246.2007	159.5009	1.271731	0.4688238	2.692317
7098	-88.58437	-250.3264	161.742	0.1878437	1.049726	1.889348
7104	-87.97963	-249.7681	161.7885	0.162702	0.8602222	2.039666
7110	-85.06755	-245.1159	160.0483	0.2082497	0.9179523	3.003119
7116	-89.76604	-249.2225	159.4564	0.3426735	0.3856344	3.470726
7122	-79.5978	-240.0535	160.4557	0.250819	0.1536648	3.146149
7128	-73.33246	-233.5696	160.2371	0.4691819	0.6486445	2.702579
7134	-70.8888	-231.045	160.1562	0.5107245	0.4434864	2.834649
7140	-68.06283	-229.8731	161.8102	0.5765766	0.8632855	1.390062
7146	-80.57565	-242.4267	161.851	0.5237907	0.6176614	1.605278
7152	-80.23986	-241.4664	161.2265	0.9465702	0.7022979	1.605278
7158	-79.29513	-239.5343	160.2392	0.9465702	0.8042487	2.2072
7164	-75.6467	-235.2277	159.581	1.826702	0.2705106	2.517771
7170	-86.35768	-247.8296	161.4719	0.4170109	0.8797754	1.81841
7176	-83.43414	-244.0878	160.6537	1.931898	0.5616903	1.565995
7182	-80.29846	-239.1979	158.8995	2.472054	0.5879866	2.520561
7188	-78.93617	-238.8063	159.8701	1.149355	0.1021981	2.755644
7194	-76.83216	-237.5481	160.7159	0.6757022	0.01790636	2.603749
7200	-81.30279	-242.0052	160.7024	0.6757022	0.01595407	2.613326
7206	-77.9305	-238.6332	160.7027	0.6757022	0.01560481	2.613326
7212	-75.13183	-234.6012	159.4694	0.8586664	0.09694455	3.175012
7218	-78.55186	-237.4637	158.9118	1.014697	0.2431635	3.321117
7224	-71.3756	-232.1965	160.8209	1.957634	0.8279003	1.214476
7230	-72.88357	-233.5317	160.6482	1.295653	1.124158	1.482927
7236	-75.78525	-235.9667	160.1814	2.826848	0.7197269	1.455943
7242	-71.60479	-233.6211	162.0163	0.5040807	0.804614	1.36356
7248	-74.92354	-236.6973	161.7737	0.7037324	1.425922	0.6840383
7254	-77.44716	-238.2527	160.8055	2.184393	1.006362	0.9401612
7260	-90.3657	-250.1962	159.8304	1.303898	1.10341	2.064121
7266	-82.94719	-245.1212	162.174	0.3948918	0.7581715	1.428658
7272	-85.39006	-246.9172	161.5271	0.453661	0.7433814	1.828408
7278	-82.33192	-242.9575	160.6256	0.890993	0.7433814	2.032885
7284	-75.26544	-235.2278	159.9623	1.493838	0.479943	2.287655
7290	-78.98654	-240.0677	161.0812	1.39076	0.844739	1.303673
7296	-79.45579	-240.7671	161.3113	1.267383	0.9729495	1.080231
7302	-75.61672	-236.4171	160.8004	0.797938	1.039288	1.785472
7308	-79.01851	-240.1577	161.1392	0.797938	0.6720303	1.805159
7314	-86.53598	-247.3154	160.7794	0.6844027	0.3796348	2.329736
7320	-77.65372	-237.3742	159.7205	0.5826887	0.8367572	2.792418
7326	-76.46393	-235.9536	159.4897	0.7770092	0.5668774	2.938626
7332	-75.50759	-234.6442	159.1366	1.54252	0.2187405	2.938626
7338	-66.02245	-227.9631	161.9406	0.3219779	0.3010967	2.023773
7344	-69.68676	-231.0752	161.3884	0.1943275	0.3179593	2.577343
7350	-63.42607	-224.1608	160.7348	1.553939	0.3699216	1.820433
7356	-64.86154	-225.6923	160.8308	1.913827	0.3779407	1.578885
7362	-66.30612	-227.3263	161.0202	0.7918767	0.473348	2.025097
7368	-69.39049	-230.0664	160.6759	0.9851911	0.6743176	1.979557
7374	-79.99271	-242.1622	162.1695	0.3263688	1.711784	0.4932436
7380	-82.19653	-243.9198	161.7232	0.4976308	1.735034	0.310732
7386	-70.19572	-231.5817	161.386	0.2748489	2.251946	0.1852301
7392	-74.23608	-234.288	160.052	1.305588	2.251946	0.1926744
7398	-78.55919	-240.0916	161.5324	0.7843691	1.619769	0.4710473
7404	-74.83273	-236.583	161.7503	0.7197734	1.326441	0.8347849
7410	-83.47197	-245.2849	161.8129	0.7197734	1.406302	0.5899303
7416	-70.35171	-231.8673	161.5156	0.9869269	1.224732	0.8759688
7422	-70.08766	-231.5231	161.4355	1.373915	0.9594437	0.8782749
7428	-80.95383	-242.217	161.2632	0.5692797	1.072531	1.650243
7434	-84.90154	-246.6659	161.7643	0.4242758	1.146403	1.402146
7440	-71.73654	-233.3924	161.6558	0.9781628	1.146403	0.8108159
7446	-75.40541	-238.4103	163.0049	0.1052527	1.283351	0.9391664
7452	-78.02978	-240.9908	162.961	0.05194437	1.371836	1.134559
7458	-77.03654	-239.995	162.9585	0.1254741	1.371836	0.7935732
7464	-82.72225	-244.2446	161.5223	1.062177	0.8474777	1.16824
7470	-72.11795	-233.9782	161.8602	0.8681342	0.4250315	1.401304
7476	-81.12566	-241.4516	160.3259	0.4756373	0.6571978	2.635873
7482	-78.60264	-240.5402	161.9376	0.3975752	0.6582648	1.673245
7488	-80.17824	-239.8568	159.6786	0.3833192	0.8272941	3.028915
7494	-84.22652	-244.3118	160.0853	0.3513756	0.4858	3.028915
7500	-65.81176	-226.6128	160.8011	1.035346	0.5400365	1.952292
7506	-74.20529	-234.331	160.1257	0.4379336	0.3141273	3.006461
7512	-78.55829	-239.8066	161.2483	0.3427904	0.1748581	2.520008
7518	-79.61512	-240.853	161.2379	0.4276169	0.01721381	2.520008
7524	-72.76675	-235.2557	162.4889	0.2344171	0.6018253	1.584249
7530	-77.44217	-238.6502	161.208	0.4038457	0.6117011	2.189807
7536	-79.22007	-241.6542	162.4342	0.3336997	1.243734	0.8715884
7542	-82.62423	-243.9665	161.3423	0.3336997	0.8287232	2.053542
7548	-78.30546	-240.0098	161.7044	0.4337414	0.5499153	1.864063
7554	-84.93069	-245.9939	161.0632	0.7956575	0.9250783	1.682907
7560	-84.50221	-245.924	161.4218	1.361068	0.6589676	1.19397
7566	-86.67058	-248.414	161.7434	0.7679447	1.237901	0.8773412
7572	-79.06522	-241.1464	162.0812	0.3363071	1.374869	1.092736
7578	-90.19755	-252.3905	162.193	0.1872784	1.179545	1.476565
7584	-91.26571	-252.7502	161.4845	0.9204102	1.179545	1.029199
7590	-81.86566	-243.6184	161.7528	0.927525	1.167055	0.7163239
7596	-64.32349	-226.9922	162.6687	0.1499245	1.172848	1.199867
7602	-73.36622	-235.9811	162.6148	0.2045729	1.550398	0.6209266
7608	-74.50853	-236.8815	162.373	0.1842434	0.6198294	1.758515
7614	-81.6287	-244.7591	163.1304	0.04849436	1.011836	1.310645
7620	-75.81129	-238.728	162.9168	0.07384163	1.020867	1.374545
7626	-72.02274	-233.8656	161.8429	0.3391194	1.221031	1.415005
7632	-74.8889	-237.0069	162.118	0.5589909	1.15992	0.8625459
7638	-72.3258	-234.3437	162.0179	0.482996	1.197428	1.056268
7644	-66.18512	-227.9919	161.8068	0.4394417	1.298116	1.222761
7650	-81.12553	-242.1466	161.021	0.6645758	1.124139	1.689186
7656	-80.49738	-241.0099	160.5125	0.2773154	0.7241609	2.727652
7662	-68.76689	-230.1642	161.3973	0.5999084	0.6505911	1.820587
7668	-72.242	-233.0496	160.8076	1.35619	0.8497541	1.532394
7674	-70.17114	-230.7778	160.6067	1.312069	0.6287296	1.857177
7680	-85.38488	-245.2477	159.8628	1.10788	0.5964121	2.478002
7686	-79.77125	-241.2248	161.4536	0.8088197	0.5848334	1.635947
7692	-67.81114	-228.8396	161.0285	0.8088197	1.009971	1.635947
7698	-69.45126	-231.4961	162.0449	0.3743329	1.203226	1.206578
7704	-71.16395	-233.2199	162.0559	0.6599135	0.7242927	1.206578
7710	-72.28666	-233.8256	161.539	1.15036	1.153151	0.7334472
7716	-72.62776	-234.6778	162.05	0.7975681	0.4517785	1.293436
7722	-78.7247	-238.9375	160.2128	3.063349	0.634832	1.418752
7728	-86.42724	-247.0857	160.6584	1.545528	0.6610742	1.674155
7734	-84.13289	-245.9307	161.7978	0.6311306	1.405915	0.8240523
7740	-76.27706	-238.6968	162.4197	0.3083281	1.493413	0.5694172
7746	-77.33798	-239.5521	162.2141	0.3050283	1.715421	0.4985516
7752	-89.24495	-250.8012	161.5563	0.6381458	0.83849	1.534479
7758	-78.99066	-240.6811	161.6905	0.5740141	1.045931	1.343508
7764	-77.65718	-240.0092	162.3521	0.2222157	1.089079	1.343508
7770	-87.43546	-248.8886	161.4531	0.2261226	1.312546	1.830423
7776	-74.4562	-235.9555	161.4993	0.6723366	0.8951773	1.499858
7782	-73.93301	-233.8037	159.8707	1.465714	0.7768848	2.168755
7788	-74.46652	-236.1702	161.7037	0.862082	1.165689	0.8799766
7794	-73.84171	-234.4565	160.6148	1.679563	0.4790842	1.767584
7800	-74.71016	-235.4736	160.7634	1.053243	0.1469189	2.224188
7806	-71.74096	-232.8681	161.1271	0.6650519	0.153708	2.268444
7812	-87.92441	-248.1096	160.1852	0.7180925	0.08989197	2.850755
7818	-76.23708	-236.5359	160.2988	0.7439931	0.1087986	2.75022
7824	-70.78435	-231.8944	161.1101	1.196447	0.3807022	1.747915
7830	-75.09094	-234.6093	159.5184	1.518675	0.2891188	2.673997
7836	-84.41446	-243.6674	159.2529	1.012188	0.2695628	3.104971
7842	-78.63837	-239.5859	160.9475	1.031558	1.382551	1.227711
7848	-82.67229	-242.631	159.9587	2.51666	0.2789262	2.025073
7854	-75.6499	-236.0942	160.4443	1.255543	0.314858	2.204399
7860	-79.16278	-240.0814	160.9186	1.255543	0.2107483	1.960757
7866	-69.62939	-229.4653	159.8359	1.014201	0.4412189	2.646853
7872	-74.53566	-234.2085	159.6728	0.6333629	0.625906	2.904936
7878	-69.4926	-229.751	160.2584	0.7394706	0.5944113	2.478372
7884	-70.55372	-232.0069	161.4532	0.1014295	1.014963	2.306455
7890	-68.13901	-230.297	162.1579	0.1743525	0.9674481	1.687305
7896	-65.93574	-226.0749	160.1391	0.8499194	0.2016553	2.714298
7902	-69.24133	-230.1159	160.8746	0.8499194	0.3502203	2.157509
7908	-79.5902	-239.8057	160.2155	1.531658	0.1801153	2.29986
7914	-75.79048	-236.0231	160.2326	0.7224369	0.2597982	2.714921
7920	-84.02645	-244.5111	160.4846	0.3467953	0.2259796	2.950964
7926	-73.34852	-235.3824	162.0339	0.2329383	1.121312	1.539851
7932	-76.95769	-238.2408	161.2832	1.000215	0.8766464	1.390655
7938	-74.06926	-235.2319	161.1626	1.000215	1.182543	1.241059
7944	-65.07694	-226.4134	161.3365	1.000215	1.182543	1.088582
7950	-67.52473	-229.2925	161.7678	1.000215	0.3273293	1.440679
7956	-73.52688	-235.0451	161.5182	0.9518226	0.5522539	1.496692
7962	-68.88409	-228.9034	160.0193	0.9045913	0.1355328	2.791083
7968	-63.79238	-223.8328	160.0404	0.7853532	0.2497552	2.791083
7974	-67.3118	-228.4683	161.1565	0.4623129	0.8311625	2.009398
7980	-75.30543	-236.6131	161.3077	1.23893	0.3789231	1.581753
7986	-67.25689	-227.7297	160.4728	1.342359	0.2896341	2.156067
7992	-73.52804	-234.3126	160.7845	1.342359	0.541869	1.777563
7998	-79.90332	-242.2656	162.3623	0.1974353	0.562718	1.777563
8004	-69.32957	-230.3114	160.9819	0.7324973	0.2307774	2.255806
8010	-77.62067	-239.435	161.8143	0.7324973	0.09995555	1.789108
8016	-80.8202	-241.6202	160.8	0.428885	0.403927	2.55044
8022	-86.02013	-246.0986	160.0785	0.6659968	0.2378822	2.86717
8028	-79.49145	-238.0607	158.5692	1.391457	0.2313355	3.335868
8034	-71.87283	-232.0353	160.1624	2.432946	0.2372952	1.944442
8040	-79.60912	-239.2066	159.5975	0.4928285	0.1317854	3.371283
8046	-75.83605	-236.8015	160.9654	0.4222254	0.1305399	2.62496
8052	-72.76527	-233.2408	160.4756	1.16074	0.01872641	2.425795
8058	-68.51695	-229.6624	161.1454	0.5807763	0.03078761	2.410927
8064	-70.06299	-231.0109	160.9479	0.6753537	0.09505295	2.410927
8070	-69.16525	-229.9077	160.7425	1.710694	0.03175522	1.97162
8076	-76.90979	-239.0417	162.132	0.2720294	0.08440076	2.117783
8082	-71.99644	-233.9856	161.9891	0.2720294	0.2272378	2.117783
8088	-74.47834	-236.2528	161.7745	0.308904	0.6850966	1.897328
8094	-78.75948	-237.8732	159.1137	1.974861	0.3872473	2.678786
8100	-73.62397	-233.7349	160.1109	3.362305	0.9195274	1.171448
8106	-67.83184	-229.8799	162.048	0.2747363	0.9195274	1.598025
8112	-67.58644	-228.5374	160.9509	0.4614882	0.3098174	2.478497
8118	-72.55767	-232.5657	160.008	0.1737556	0.2205428	3.501758
8124	-74.44207	-234.129	159.687	0.5634009	0.06348423	3.292721
8130	-72.31664	-233.3675	161.0509	0.5634009	0.01699546	2.495356
8136	-70.77959	-231.1395	160.36	0.548127	0.2470044	2.794074
8142	-73.84757	-234.5326	160.685	0.6079543	0.5861567	2.325504
8148	-60.31326	-220.9052	160.5919	0.3485182	0.5413933	2.691806
8154	-75.08691	-236.1383	161.0514	0.8345737	0.126924	2.198972
8160	-83.166	-243.1346	159.9686	0.8044441	0.4785161	2.681175
8166	-74.33071	-233.1238	158.7931	1.422105	0.3368502	3.127015
8172	-74.07051	-234.6476	160.5771	1.28675	0.09023292	2.246827
8178	-72.66668	-232.3838	159.7171	0.7342121	0.06269167	3.13584
8184	-73.66437	-234.4217	160.7573	0.8931202	0.1051154	2.3595
8190	-85.15486	-245.7078	160.553	0.8931202	0.7891176	2.049157
8196	-81.5763	-241.8472	160.2709	0.559728	0.2478524	2.836832
8202	-88.54623	-250.4834	161.9372	0.3058755	0.5587221	1.877318
8208	-90.91833	-251.7556	160.8372	1.122457	0.6962539	1.764312
8214	-88.2565	-247.7934	159.5369	0.4960511	0.02420136	3.466641
8220	-69.59621	-229.5678	159.9716	0.3226544	0.454998	3.152125
8226	-72.57134	-234.5256	161.9543	0.09884726	0.1637449	2.534031
8232	-71.63856	-233.6867	162.0481	0.2711909	0.659157	1.789006
8238	-72.92056	-235.1001	162.1796	0.3258178	1.372068	1.023874
8244	-76.33557	-237.6859	161.3504	0.6022115	1.372068	1.321411
8250	-89.04504	-250.2261	161.1811	0.9188106	1.372068	1.133932
8256	-82.11834	-243.7963	161.6779	0.9746844	1.181678	0.7343949
8262	-75.72502	-236.6189	160.8939	1.323041	0.9662219	1.39861
8268	-70.87529	-232.4611	161.5858	0.7588591	0.9462135	1.306729
8274	-81.46783	-242.8015	161.3336	0.7754885	0.6973781	1.669675
8280	-76.68039	-237.1926	160.5122	0.3682195	0.9272936	2.476651
8286	-100.3956	-260.1643	159.7687	1.83836	0.2788607	2.390064
8292	-84.62381	-244.9148	160.291	1.113954	0.3955936	2.330959
8298	-81.16672	-241.6907	160.524	1.991865	0.9878573	1.311068
8304	-75.57339	-235.6583	160.0849	1.991865	0.4112492	2.039971
8310	-81.5766	-242.3903	160.8137	0.7797081	0.5370015	2.128726
8316	-85.34652	-246.0205	160.674	0.5214096	1.239701	1.992834
8322	-76.30058	-238.0889	161.7883	0.6831857	1.257209	0.9259942
8328	-81.92417	-242.934	161.0098	1.364505	1.476887	0.7708687
8334	-79.16587	-241.0953	161.9294	0.4937089	1.629051	0.5428784
8340	-78.91354	-239.4958	160.5822	1.9188	1.629051	0.4666762
8346	-69.25128	-230.8811	161.6298	0.5329059	1.866154	0.5350834
8352	-76.6841	-237.2612	160.5771	1.36858	1.992432	0.4006623
8358	-81.38023	-242.5816	161.2014	1.131959	1.464131	0.7959974
8364	-77.44196	-239.5635	162.1215	0.4435114	1.514428	0.5845253
8370	-73.62326	-235.1484	161.5251	1.042939	1.288	0.6991001
8376	-69.1713	-230.9565	161.7852	0.4963282	1.187523	1.250971
8382	-74.79232	-234.5946	159.8023	1.387578	0.5261645	2.411092
8388	-68.38763	-229.5355	161.1479	0.6753334	0.4030668	2.084107
8394	-68.3821	-228.8041	160.422	0.7091737	0.5575558	2.422947
8400	-84.15391	-243.7265	159.5726	0.8806346	0.4749294	2.872063
8406	-87.30805	-245.0911	157.7831	1.03423	0.5194203	3.805898
8412	-79.1198	-239.6939	160.5741	1.03423	0.5578647	2.091956
8418	-85.51047	-246.215	160.7045	1.03423	0.2452056	2.210665
8424	-73.12571	-234.2559	161.1302	1.016303	0.09638522	2.041167
8430	-68.36914	-229.4108	161.0416	0.796533	0.02588991	2.298708
8436	-65.07283	-225.2285	160.1557	1.860929	0.02151423	2.298708
8442	-71.74129	-230.9812	159.2399	1.127551	0.09745701	3.14983
8448	-79.20903	-239.1711	159.9621	1.821519	0.4768686	2.145752
8454	-69.25629	-227.4656	158.2093	0.9846473	0.1606674	3.795396
8460	-79.54731	-240.6275	161.0802	0.4923708	0.5448541	2.213421
8466	-87.32947	-247.5792	160.2498	3.70988	0.7855512	1.04923
8472	-79.62837	-241.5774	161.9491	0.782715	1.102484	0.7644389
8478	-70.01329	-230.9505	160.9372	2.147723	1.102484	0.6576742
8484	-72.61546	-234.0728	161.4574	0.9839095	0.9521198	1.200494
8490	-68.33471	-228.9996	160.6649	1.802318	1.587311	0.641345
8496	-70.94834	-231.6462	160.6978	1.802318	1.587311	0.5202622
8502	-76.45373	-236.8613	160.4076	2.532017	1.265149	0.8961242
8508	-67.3185	-227.6767	160.3582	3.468547	0.691521	1.118254
8514	-71.21119	-232.0582	160.847	2.33565	0.7451099	1.078257
8520	-72.36372	-232.8519	160.4881	2.445376	1.38343	0.6803387
8526	-82.11485	-243.3117	161.1969	1.151525	1.525269	0.6803387
8532	-83.01461	-244.6932	161.6786	0.710255	1.525269	0.6593479
8538	-80.66908	-241.4919	160.8229	1.906801	0.9535584	1.129877
8544	-86.77731	-246.744	159.9667	3.155971	0.7821001	1.465147
8550	-86.42897	-246.2534	159.8244	1.225043	0.3439015	2.594197
8556	-86.06319	-246.3759	160.3127	0.9200444	0.1461711	2.594197
8562	-83.52976	-243.9158	160.386	0.7307238	0.3232948	2.574702
8568	-68.29417	-229.1955	160.9013	0.7671886	0.6000165	2.039636
8574	-67.81064	-228.4856	160.6749	0.8649154	0.3714413	2.261953
8580	-71.1295	-231.7194	160.5899	1.274658	0.8473176	1.738721
8586	-76.20012	-237.4986	161.2985	0.4947295	1.000013	1.76014
8592	-70.13308	-231.2941	161.1611	1.010962	0.8586857	1.489754
8598	-77.13727	-239.5168	162.3795	0.378703	1.029087	1.054674
8604	-81.81338	-242.9086	161.0952	1.15217	1.133378	1.218028
8610	-76.50243	-238.1431	161.6407	0.8796832	0.6929941	1.353244
8616	-88.90771	-250.4051	161.4974	0.9280879	0.8465217	1.303163
8622	-78.34	-238.5099	160.1699	1.362845	0.5774945	2.155284
8628	-65.4381	-226.28	160.8419	0.7013356	0.182019	2.401373
8634	-75.52579	-237.3439	161.8181	0.2649778	0.1774171	2.272185
8640	-69.94094	-230.3712	160.4303	0.9150567	0.5454162	2.272185
8646	-77.77561	-237.8223	160.0467	2.142842	0.294878	2.085001
8652	-81.6888	-241.5136	159.8248	2.354036	0.05338357	2.311857
8658	-76.27502	-236.7864	160.5113	1.056882	0.01516082	2.465963
8664	-66.89846	-227.0932	160.1948	1.410361	0.02880884	2.465963
8670	-73.92245	-235.019	161.0965	1.005404	0.0774065	2.083012
8676	-80.78954	-242.5667	161.7772	0.589743	1.033283	1.264494
8682	-77.69014	-239.5387	161.8486	0.2814203	0.5957819	1.95134
8688	-87.80086	-247.0568	159.256	0.8432279	0.4204694	3.119896
8694	-72.87897	-233.4194	160.5405	0.7013268	0.5524098	2.35771
8700	-72.89034	-232.9463	160.056	1.160812	0.5459257	2.35771
8706	-75.93675	-236.6819	160.7452	1.33198	0.1789266	2.055515
8712	-72.25301	-232.8463	160.5933	1.401642	0.495401	1.908696
8718	-71.44566	-231.6639	160.2182	1.843588	0.4869884	1.960531
8724	-86.25005	-247.8216	161.5716	1.255003	0.9164921	0.8824121
8730	-74.88245	-236.6151	161.7326	0.5617097	0.7782182	1.53086
8736	-80.07328	-240.6824	160.6091	1.343508	0.3942543	1.996781
8742	-77.17805	-238.0182	160.8401	0.3268714	0.1938251	2.781186
8748	-72.84481	-233.594	160.7492	0.3814529	0.2480479	2.733848
8754	-71.9203	-232.7419	160.8216	0.2159183	0.5671512	2.733848
8760	-64.21746	-225.9843	161.7668	0.5044469	0.9400436	1.451544
8766	-80.66152	-242.6152	161.9537	0.3678596	0.9925044	1.459104
8772	-74.19183	-234.6163	160.4245	1.996925	0.548895	1.712326
8778	-75.05141	-236.7875	161.7361	0.677275	0.3633999	1.709481
8784	-70.76255	-232.0704	161.3079	0.6573822	0.5017553	1.927949
8790	-67.70371	-228.6785	160.9748	1.343281	0.6282746	1.579962
8796	-76.23578	-236.5975	160.3617	2.077707	0.4959692	1.760771
8802	-75.32526	-235.7277	160.4024	1.698364	0.2949729	2.028313
8808	-64.34225	-225.6526	161.3103	0.7628266	0.2133477	2.028313
8814	-68.32424	-228.9767	160.6524	2.093798	0.8840698	1.242458
8820	-67.11539	-227.1675	160.0521	2.451006	0.5352309	1.810424
8826	-73.98313	-234.4979	160.5147	1.798072	0.7579105	1.584823
8832	-72.29053	-234.2767	161.9862	0.3009741	0.7831207	1.695323
8838	-87.20242	-248.5368	161.3344	1.107713	0.6960618	1.410841
8844	-74.22643	-236.2422	162.0158	0.2849227	0.8584202	1.647578
8850	-79.20314	-240.4202	161.217	0.7760355	1.227149	1.360317
8856	-68.31476	-230.6441	162.3293	0.3842528	1.182273	0.9402116
8862	-73.753	-235.593	161.84	0.7214259	1.182273	0.8967431
8868	-66.34197	-228.4022	162.0603	0.7214259	1.079975	0.7452111
8874	-73.41266	-235.0789	161.6662	0.8174927	0.4329633	1.584551
8880	-72.02233	-232.4757	160.4534	2.289356	1.05613	1.174373
8886	-68.9386	-229.3151	160.3765	1.990281	0.2338231	1.964499
8892	-75.29389	-235.7045	160.4106	3.344742	0.1843977	1.524236
8898	-82.688	-243.4789	160.7909	2.489254	0.5063471	1.26786
8904	-74.07627	-234.669	160.5927	1.099963	0.2409413	2.245142
8910	-64.15661	-224.9666	160.8099	1.065846	0.4409073	1.993042
8916	-60.49638	-221.2982	160.8018	1.318255	0.6952437	1.671042
8922	-68.22977	-227.7222	159.4925	1.384011	0.8771128	2.386895
8928	-69.39948	-229.7535	160.354	1.302976	0.5448024	2.087699
8934	-76.0657	-236.1358	160.0701	1.1117	0.34673	2.502331
8940	-70.84876	-231.5519	160.7032	1.1117	0.4060458	2.058523
8946	-75.87216	-237.0348	161.1627	0.922106	0.9244211	1.50763
8952	-74.86393	-236.5537	161.6898	0.5439877	0.884031	1.504285
8958	-66.10996	-227.9085	161.7986	0.7366522	0.7358064	1.327033
8964	-70.45917	-231.5314	161.0722	1.199744	0.325408	1.810685
8970	-69.81387	-230.67	160.8561	0.8469221	0.8904661	1.810685
8976	-76.29607	-236.3774	160.0813	3.413478	0.4412889	1.558159
8982	-83.60129	-243.9038	160.3025	0.6785698	0.4848374	2.568172
8988	-74.2115	-233.1247	158.9132	1.02697	0.128379	3.380695
8994	-81.47839	-241.2828	159.8045	2.42603	0.8575036	1.76731
9000	-75.44491	-235.0857	159.6408	2.093716	0.1552427	2.452759
9006	-72.9264	-231.8427	158.9163	1.796864	0.3674605	2.877925
9012	-77.91133	-236.2895	158.3782	1.863074	0.1400716	3.309783
9018	-75.0382	-233.7916	158.7534	0.7057745	0.3628676	3.547381
9024	-72.08173	-232.1538	160.072	0.7376913	0.2616262	2.800105
9030	-77.01982	-237.8187	160.7988	0.9125881	0.6645598	1.95431
9036	-70.27337	-232.3697	162.0964	0.5334558	0.8106495	1.255574
9042	-68.50942	-229.6633	161.1539	0.1677947	0.6746856	2.553631
9048	-71.13951	-231.8001	160.6606	0.8847994	0.5227199	2.159272
9054	-69.98739	-230.5475	160.5601	0.9387393	0.3069279	2.325625
9060	-72.78019	-232.6713	159.8911	0.4745049	0.2313762	3.157435
9066	-79.09495	-238.6944	159.5994	0.7123341	0.2294382	3.123197
9072	-78.81915	-237.7051	158.8859	0.5249113	0.06137374	3.795327
9078	-78.88725	-238.8853	159.998	1.718007	0.2652242	2.302208
9084	-71.35471	-231.9775	160.6228	0.5731243	0.4128119	2.50632
9090	-78.32906	-238.4005	160.0715	1.12021	0.3311189	2.50632
9096	-72.0194	-232.6046	160.5852	0.8029308	0.5736124	2.235279
9102	-79.41644	-239.1457	159.7293	0.7832388	0.5311921	2.810668
9108	-73.16594	-233.8722	160.7063	1.816256	0.1845797	1.846307
9114	-67.69696	-227.4924	159.7955	1.406742	0.6364086	2.336169
9120	-78.94458	-239.7477	160.8032	1.486268	1.242417	1.14098
9126	-80.60708	-241.1085	160.5014	1.522815	0.9817855	1.567599
9132	-84.20233	-245.4976	161.2953	0.7702241	0.9817855	1.494346
9138	-80.07796	-240.7345	160.6565	1.158243	0.9972054	1.656473
9144	-85.3005	-245.2054	159.9049	0.7692087	0.3579322	2.819539
9150	-83.38479	-244.7938	161.409	0.5851215	1.195226	1.433839
9156	-80.52764	-242.7236	162.1959	0.4059456	1.513165	0.5711494
9162	-87.41588	-248.9372	161.5213	0.7072998	1.717523	0.4297632
9168	-81.81801	-243.7255	161.9075	0.2951879	1.963444	0.3243402
9174	-75.33042	-237.7914	162.461	0.2322146	1.651013	0.5034989
9180	-84.12969	-246.702	162.5723	0.2322146	1.311273	0.9180056
9186	-82.94415	-244.4056	161.4614	1.089521	0.4951281	1.480291
9192	-75.95648	-237.7149	161.7585	0.7484761	1.318855	0.7869244
9198	-72.36857	-233.8116	161.443	0.8031465	1.25829	1.11709
9204	-79.93664	-240.2404	160.3038	3.010713	0.8372028	1.199013
9210	-77.21729	-237.0042	159.7869	2.078698	0.3193823	2.261262
9216	-70.98612	-231.173	160.1869	2.45742	0.4482573	1.775038
9222	-64.83197	-225.2686	160.4366	2.867991	1.090935	0.8844101
9228	-76.20796	-236.7107	160.5027	2.022976	0.8631187	1.41209
9234	-82.45939	-243.7798	161.3205	0.8489409	1.089419	1.319778
9240	-70.59183	-232.2183	161.6264	0.5103813	0.7358545	1.697134
9246	-69.70947	-230.6849	160.9755	1.553309	0.9987547	1.160985
9252	-71.24801	-231.0092	159.7612	4.931784	1.178008	0.7029235
9258	-75.26508	-236.4589	161.1938	1.283775	0.6829124	1.41066
9264	-70.1482	-231.1299	160.9817	2.35226	0.7538206	0.9263597
9270	-75.80463	-238.0573	162.2527	0.3654767	0.852844	1.338869
9276	-74.44972	-234.6627	160.213	1.190847	0.3030521	2.395236
9282	-79.0367	-238.9419	159.9052	1.190847	0.6601653	2.364057
9288	-80.74453	-241.0309	160.2863	1.442677	0.3052998	2.216223
9294	-80.47723	-241.9154	161.4381	0.5727953	0.5638201	1.879515
9300	-71.61228	-232.9115	161.2993	0.7068601	0.2804156	2.037822
9306	-70.62595	-232.0698	161.4439	1.063095	1.142496	0.9628062
9312	-73.85443	-235.306	161.4516	1.063095	1.335989	0.709708
9318	-76.06141	-237.7289	161.6675	0.6410661	0.9586409	1.354298
9324	-76.95849	-237.8735	160.915	1.265174	1.118434	1.298628
9330	-81.35791	-242.6113	161.2534	1.088495	0.9975876	1.24837
9336	-87.63297	-248.7364	161.1034	0.9570427	1.492819	1.057399
9342	-84.98244	-247.5608	162.5784	0.3259461	1.169931	0.8053595
9348	-86.72868	-248.7415	162.0128	0.3259461	1.866792	0.5379355
9354	-80.27044	-241.5007	161.2303	0.5234819	2.109826	0.2604161
9360	-70.97044	-232.1456	161.1752	0.5923601	2.109826	0.2913718
9366	-73.9686	-235.823	161.8544	0.3676094	1.844874	0.3127566
9372	-76.35235	-237.629	161.2766	0.7512176	1.844874	0.3327486
9378	-71.87224	-234.1882	162.316	0.2216044	1.361241	1.14747
9384	-75.24675	-235.2655	160.0187	2.104794	0.6406699	1.886778
9390	-75.00462	-235.1759	160.1713	1.068395	0.2552945	2.521572
9396	-70.87634	-231.1538	160.2775	1.69377	0.6170276	1.898107
9402	-73.16333	-234.1381	160.9748	1.200635	0.6297437	1.66486
9408	-75.81233	-236.0269	160.2146	1.785291	0.3822755	2.057258
9414	-74.84527	-235.3568	160.5115	2.749091	0.1494544	1.658772
9420	-79.15196	-239.8965	160.7445	1.558643	0.1754218	1.943957
9426	-71.12199	-230.626	159.504	1.671515	0.2088272	2.666357
9432	-81.73517	-240.7212	158.9861	1.320028	0.4506369	2.991711
9438	-65.32623	-226.1007	160.7745	0.2761554	0.5624346	2.667856
9444	-69.43274	-230.5455	161.1128	0.3529645	0.05019103	2.667856
9450	-70.53135	-230.6029	160.0716	1.217563	0.007307755	2.653412
9456	-74.75788	-235.1645	160.4067	0.8722405	0.02208615	2.644901
9462	-67.1974	-226.502	159.3046	2.129577	0.4109737	2.490588
9468	-78.34604	-239.0108	160.6647	2.255183	0.6998047	1.310935
9474	-79.97426	-240.8774	160.9031	1.106501	0.819207	1.641036
9480	-81.12537	-241.1038	159.9784	1.672847	0.3227163	2.29727
9486	-80.87729	-240.8687	159.9914	1.838503	0.549954	2.071582
9492	-72.94028	-232.8504	159.9101	2.079608	0.4889242	2.070581
9498	-73.13544	-234.0704	160.935	1.628685	0.1147356	1.822175
9504	-72.47466	-231.816	159.3414	0.6159762	0.06030904	3.452026
9510	-78.98804	-239.753	160.765	0.5564413	0.763061	2.209844
9516	-76.2807	-236.5732	160.2925	0.8003134	0.6393494	2.382115
9522	-75.3406	-235.0341	159.6935	0.3714449	0.3173349	3.336726
9528	-82.91807	-242.6268	159.7087	0.2980674	0.3356848	3.410676
9534	-73.65728	-233.9537	160.2964	0.3208695	0.4866239	2.941271
9540	-77.2798	-238.3206	161.0408	0.1976938	0.565296	2.633105
9546	-90.4688	-251.6235	161.1547	0.6642757	0.3939769	2.095378
9552	-73.15848	-234.849	161.6905	0.3127891	0.4634074	2.095378
9558	-67.02398	-227.2256	160.2016	0.7395431	0.7892781	2.391433
9564	-59.83203	-221.6807	161.8486	0.3332286	0.498817	1.936482
9570	-77.21987	-239.6265	162.4066	0.2939386	0.9470421	1.264976
9576	-76.45296	-238.5605	162.1076	0.5702335	0.9470421	1.076448
9582	-77.19332	-239.1791	161.9857	0.5722749	1.149058	0.9959529
9588	-77.64635	-239.0101	161.3638	0.8660511	1.286044	1.098433
9594	-75.629	-236.5931	160.9641	0.3430377	0.9723684	2.193737
9600	-77.34998	-238.7097	161.3597	0.3817569	0.4471506	2.225947
9606	-79.58506	-241.8087	162.2237	0.4164957	0.3282183	1.678898
9612	-66.58469	-227.9516	161.3669	0.7356002	0.9015901	1.532654
9618	-69.24991	-230.8329	161.583	0.9715368	1.161702	0.8889294
9624	-65.12643	-226.5278	161.4014	0.2929208	0.6383716	2.19979
9630	-64.80552	-224.7477	159.9422	0.1543851	0.3569606	3.49836
9636	-74.11357	-235.0417	160.9282	0.8262272	0.8054331	1.835919
9642	-73.78368	-233.3065	159.5229	1.744752	0.8753298	2.204188
9648	-67.95933	-228.1604	160.2011	1.993434	0.2920998	2.041309
9654	-69.68703	-229.8698	160.1828	0.3502653	0.1342125	3.18174
9660	-73.82972	-233.2234	159.3936	0.1921697	0.09398643	3.89669
9666	-82.46661	-243.7522	161.2856	0.3846854	0.09017127	2.495804
9672	-68.26079	-229.3818	161.121	0.4271502	0.1403988	2.516633
9678	-71.33446	-231.7037	160.3693	1.738232	0.6004613	1.82661
9684	-63.81597	-224.9533	161.1373	1.082932	1.005473	1.340801
9690	-85.74878	-247.8128	162.064	0.5140834	1.409777	0.6840537
9696	-78.82236	-240.567	161.7446	0.742555	1.32846	0.802569
9702	-78.62898	-240.8147	162.1857	0.3257696	1.32846	1.059984
9708	-79.63603	-240.921	161.285	0.7477361	0.8422746	1.624967
9714	-80.96173	-242.2598	161.2981	0.4127601	0.8655077	1.9519
9720	-78.93645	-240.5917	161.6553	0.3688668	0.9807634	1.685182
9726	-79.75087	-239.9531	160.2022	1.284682	1.20322	1.755143
9732	-80.54468	-240.6971	160.1524	0.7792262	0.309324	2.690653
9738	-80.39101	-242.1616	161.7706	0.4009948	0.6005327	1.826007
9744	-72.45895	-232.6422	160.1833	0.7859139	0.6696554	2.442673
9750	-80.63503	-241.5585	160.9235	0.2768688	0.9039161	2.360549
9756	-74.68063	-236.5895	161.9088	0.08395265	0.63735	2.30544
9762	-76.75483	-236.7437	159.9889	1.270589	0.2132946	2.549272
9768	-69.5945	-230.1033	160.5088	1.722567	0.3997194	1.87558
9774	-73.71326	-234.4115	160.6982	0.6589687	0.5693785	2.282235
9780	-74.14358	-234.5071	160.3636	1.284072	0.463592	2.1448
9786	-83.02725	-243.95	160.9228	1.486022	0.7701501	1.430455
9792	-71.45018	-232.729	161.2789	0.6081339	0.8106686	1.783533
9798	-76.66456	-236.6661	160.0015	1.764907	0.6301229	2.042943
9804	-75.34847	-236.5318	161.1834	0.4178466	0.3409435	2.362133
9810	-73.61037	-233.1538	159.5434	1.49985	0.1829293	2.732213
9816	-72.28478	-233.6163	161.3315	0.6942918	0.4716232	1.898971
9822	-76.37723	-238.2901	161.9129	0.4854896	1.083693	1.246196
9828	-82.71961	-244.0926	161.373	1.580196	0.260546	1.423816
9834	-80.50984	-241.4966	160.9867	1.129095	0.03426945	2.106056
9840	-77.8083	-238.5465	160.7382	1.465399	0.02247112	2.095028
9846	-82.70564	-242.9649	160.2593	2.126869	0.0396628	2.118813
9852	-81.92537	-242.8902	160.9648	1.447556	0.04669738	1.937126
9858	-81.33992	-241.8306	160.4906	2.056041	0.01474347	2.009051
9864	-83.55475	-243.2073	159.6525	1.531781	0.1403516	2.677125
9870	-84.28294	-244.1457	159.8628	0.6485231	0.4174404	2.9034
9876	-85.02129	-245.8172	160.7959	0.5879315	0.4006733	2.391376
9882	-87.1076	-246.6738	159.5662	0.9532287	0.5689287	2.771731
9888	-80.15084	-240.2928	160.142	0.3165105	0.443024	3.065927
9894	-78.32766	-237.2736	158.9459	0.904696	0.2456488	3.366347
9900	-82.62746	-244.1817	161.5543	0.8821525	0.7135552	1.402829
9906	-80.80068	-242.2745	161.4738	1.03587	1.151664	0.949324
9912	-82.12753	-242.9342	160.8067	0.2187607	1.035169	2.44804
9918	-78.86856	-238.1294	159.2609	0.2012622	0.3842954	3.790363
9924	-69.71906	-228.8377	159.1187	1.096545	0.1367635	3.21543
9930	-72.95129	-233.2857	160.3344	0.2388408	0.2515477	3.178863
9936	-77.81682	-239.157	161.3402	0.5460397	0.2020457	2.211023
9942	-76.81242	-237.2704	160.4579	1.984183	0.02196627	2.053697
9948	-66.52138	-226.941	160.4196	1.89176	0.01287113	2.121425
9954	-77.47288	-238.2835	160.8107	1.277357	0.007336943	2.154389
9960	-76.79379	-236.1393	159.3455	1.266103	0.01884527	3.061639
9966	-80.81545	-240.6491	159.8337	1.150191	0.02455432	2.824672
9972	-94.88958	-257.2304	162.3408	0.1897584	1.838576	0.6860221
9978	-87.25233	-249.2897	162.0373	0.3141473	1.836311	0.3790255
9984	-82.05743	-243.7254	161.668	0.406632	2.048713	0.5133532
9990	-74.70971	-234.7881	160.0784	1.146873	2.22435	0.1561095
9996	-76.2403	-236.9481	160.7078	0.3351803	2.363942	0.1024205
10002	-74.93283	-235.8992	160.9664	0.5580698	2.273899	0.2377433
10008	-72.38079	-234.0521	161.6713	0.224729	2.273899	0.2528826
10014	-75.61151	-236.0331	160.4216	0.8595308	2.273899	0.182906
10020	-76.99087	-237.9642	160.9733	0.4892002	2.224718	0.182906
10026	-78.03071	-239.9788	161.9481	0.1479703	2.224718	0.2466246
10032	-69.11898	-230.6577	161.5387	0.2949802	2.224718	0.2518318
10038	-72.49044	-233.6346	161.1441	0.5275918	2.224718	0.2812437
10044	-74.15379	-235.9981	161.8443	0.2822786	2.042239	0.3110627
10050	-77.15608	-237.3809	160.2249	1.318694	2.16209	0.2263399
10056	-76.4508	-237.5934	161.1426	0.5562478	2.16209	0.2693764
10062	-81.43612	-243.0194	161.5833	0.4146193	2.082372	0.3772224
10068	-75.87469	-236.5774	160.7027	1.118897	1.970827	0.2857784
10074	-65.8146	-226.4182	160.6036	1.188622	1.970827	0.263568
10080	-64.58075	-226.4758	161.8951	0.9544848	1.034062	0.6455086
10086	-74.29591	-236.1154	161.8195	0.3923338	1.022896	1.500607
10092	-75.38058	-235.9688	160.5882	0.8404851	0.7818415	2.069363
10098	-72.46598	-232.9748	160.5088	2.394597	0.5474546	1.494165
10104	-75.15133	-235.6713	160.52	2.866673	0.04016784	1.693086
10110	-73.80644	-234.2043	160.3979	2.866673	0.1622445	1.693086
10116	-71.69247	-231.2342	159.5417	2.293647	0.07475192	2.49694
10122	-66.95385	-226.522	159.5682	2.139638	0.1315915	2.49694
10128	-62.2173	-223.4719	161.2546	1.276268	0.2242834	1.708421
10134	-71.40682	-230.8185	159.4117	2.471768	0.942032	1.962335
10140	-72.54658	-234.5108	161.9642	0.6978144	0.942032	1.047816
10146	-69.04135	-230.5066	161.4653	1.442606	0.9822084	0.7396176
10152	-66.29778	-227.9382	161.6405	0.8200418	1.448705	0.6142906
10158	-68.36598	-231.1034	162.7374	0.2310103	1.360879	0.5980424
10164	-62.81221	-224.6486	161.8364	0.7823901	1.237798	0.7308707
10170	-62.06035	-222.9006	160.8402	1.844249	1.12381	0.9885533
10176	-77.26668	-237.8436	160.5769	2.019513	1.55198	0.6200532
10182	-67.18649	-229.0487	161.8622	0.6193792	1.50552	0.5234296
10188	-74.85236	-236.2324	161.3801	1.017251	1.50552	0.5938916
10194	-63.97486	-226.5249	162.5501	0.2998405	1.250424	0.8145273
10200	-65.27288	-226.3116	161.0387	1.035266	1.276333	1.237308
10206	-68.42513	-229.8586	161.4335	0.8009498	1.122328	1.24555
10212	-77.1072	-237.0966	159.9894	4.578733	1.038915	0.7264005
10218	-71.85448	-234.627	162.7725	0.3849518	0.6334476	1.045297
10224	-66.65722	-228.7915	162.1343	0.6001719	0.7057629	1.227048
10230	-66.29912	-227.3988	161.0997	0.5640972	0.534528	2.133256
10236	-71.49408	-232.2559	160.7619	0.9408873	0.4012954	2.133256
10242	-75.54718	-235.9705	160.4233	0.4495442	0.8601338	2.477472
10248	-75.20907	-235.6626	160.4536	0.4281791	0.6638683	2.604894
10254	-91.88423	-251.7322	159.8479	0.3239935	1.296467	2.71758
10260	-78.29182	-239.9075	161.6157	0.6680301	0.993162	1.338743
10266	-82.96851	-244.578	161.6095	0.3936002	1.324377	1.429288
10272	-77.19276	-239.2367	162.0439	0.4246629	0.991576	1.302593
10278	-79.58588	-240.9067	161.3208	0.6528423	0.8644491	1.671981
10284	-78.53915	-237.2743	158.7352	3.112334	0.3729115	2.576736
10290	-88.89148	-248.0056	159.1141	3.112334	0.5191738	2.245307
10296	-80.17079	-240.7786	160.6079	0.2816522	0.5282789	2.782604
10302	-69.17405	-229.7029	160.5289	1.163077	0.257559	2.238502
10308	-70.1998	-230.3991	160.1993	0.3916338	0.09102777	3.147769
10314	-79.21113	-238.4063	159.1951	0.8281735	0.4516572	3.147769
10320	-85.45832	-243.9738	158.5155	1.819632	0.3569028	3.116144
10326	-81.62419	-241.918	160.2938	1.365986	0.1093008	2.374624
10332	-80.97147	-241.5658	160.5943	1.365986	0.2700088	2.077098
10338	-80.93418	-240.0394	159.1053	1.000843	0.1963244	3.242783
10344	-78.08435	-238.3635	160.2792	1.000843	0.1705839	2.548166
10350	-80.39548	-239.6031	159.2076	1.098777	0.2805334	3.075823
10356	-89.35732	-248.6461	159.2888	0.3247148	0.6890161	3.414162
10362	-81.41594	-241.3249	159.909	0.2748685	0.7038627	3.107818
10368	-71.50783	-233.3049	161.797	0.4160826	0.6728489	1.737408
10374	-74.20383	-236.2095	162.0057	0.5243306	1.458355	0.6710945
10380	-76.48309	-238.5653	162.0822	0.2945153	1.006498	1.472817
10386	-72.0544	-233.9705	161.9161	0.2945153	0.8979616	1.674235
10392	-72.54338	-232.92	160.3766	1.054715	0.1339946	2.477254
10398	-74.96294	-235.1909	160.2279	2.21592	0.2347501	1.978113
10404	-66.49323	-227.2337	160.7404	0.8835638	0.6075533	2.052164
10410	-65.88681	-227.0017	161.1149	0.9590886	0.8149972	1.595073
10416	-71.47671	-232.5105	161.0338	0.4540897	0.1460264	2.537195
10422	-72.7834	-232.7727	159.9893	0.2567248	0.03015554	3.48456
10428	-74.61131	-236.5755	161.9642	0.460709	0.03683324	2.002405
10434	-71.89822	-233.899	162.0008	0.378993	0.1152043	2.027434
10440	-73.02477	-234.887	161.8622	0.1493557	0.438356	2.295777
10446	-75.92346	-237.3137	161.3903	0.3934565	0.2704884	2.304932
10452	-68.44009	-230.4407	162.0007	0.5297992	1.125858	1.067661
10458	-76.56071	-237.8993	161.3386	0.9684072	1.083586	1.203118
10464	-69.90127	-229.6107	159.7095	0.1771828	0.2080948	3.676024
10470	-68.26856	-228.1745	159.9059	0.838983	0.3980166	2.744455
10476	-69.15527	-230.7418	161.5866	0.103972	0.1687935	2.744455
10482	-64.27968	-225.131	160.8513	0.4356776	0.02551038	2.744455
10488	-70.20384	-229.9079	159.704	0.7353304	0.08531321	3.129324
10494	-79.24091	-239.5177	160.2768	0.7353304	0.3745249	2.60702
10500	-83.9901	-243.98	159.9899	0.4466681	0.682108	2.857041
10506	-73.27684	-233.8823	160.6054	0.6060744	0.2238902	2.604437
10512	-68.43895	-228.7309	160.2919	0.8624693	0.2131932	2.604437
10518	-75.59283	-238.4095	162.8166	0.05766333	0.5203519	1.867339
10524	-78.88072	-240.7886	161.9079	0.09396441	0.6475257	2.271113
10530	-68.60276	-229.6652	161.0624	0.499892	0.460437	2.271113
10536	-65.67304	-227.1775	161.5045	0.06218096	0.3348892	2.809152
10542	-67.42286	-229.1246	161.7017	0.1545336	0.4669245	2.368284
10548	-67.20607	-230.1257	162.9196	0.1373432	0.7901929	1.345579
10554	-73.36397	-236.7995	163.4355	0.06380975	1.135912	0.8288141
10560	-82.17575	-243.8724	161.6967	0.5339778	0.1942758	1.994635
10566	-72.06084	-233.0376	160.9768	0.319257	0.6760588	2.408215
10572	-71.17074	-231.7836	160.6129	0.9641155	0.6540983	2.04922
10578	-71.47884	-232.923	161.4441	0.3931855	0.5797857	2.069815
10584	-67.47811	-228.6051	161.127	0.3681383	0.9468236	2.069815
10590	-64.62049	-225.7846	161.1641	0.5829277	0.5386051	2.069815
10596	-63.94861	-224.8707	160.9221	0.4517175	0.7202574	2.247358
10602	-64.55431	-225.9088	161.3545	0.4182915	0.4186945	2.202217
10608	-78.37265	-238.9411	160.5685	1.217163	0.8223866	1.804944
10614	-73.94387	-234.604	160.6601	0.3076952	0.8722647	2.500299
10620	-73.77433	-233.9423	160.168	0.8597554	0.5076461	2.500299
10626	-84.90947	-244.2078	159.2984	0.7994073	0.7706561	2.91501
10632	-77.01074	-237.3771	160.3664	2.643514	1.154254	1.000705
10638	-81.09156	-241.5087	160.4171	1.635291	0.5218234	1.894839
10644	-75.8254	-235.5592	159.7338	1.635291	0.07661824	2.621418
10650	-78.3661	-239.2986	160.9325	2.439068	0.09262341	1.500709
10656	-73.50643	-233.5551	160.0487	2.439068	0.5638139	1.797132
10662	-68.78044	-230.1934	161.413	1.042318	0.9119494	1.223227
10668	-76.52713	-238.0295	161.5024	1.2048	0.6735821	1.223227
10674	-81.6626	-244.0183	162.3557	0.4638721	0.9548748	0.9953311
10680	-71.52431	-232.5941	161.0698	1.677421	1.193657	0.7643406
10686	-72.85699	-235.084	162.227	0.1949399	0.5816148	1.863008
10692	-76.4597	-236.8502	160.3905	0.6657105	0.2930543	2.643079
10698	-81.71504	-242.7191	161.004	0.848115	0.5913131	1.913158
10704	-74.07968	-236.2304	162.1508	0.3422215	0.8053847	1.492076
10710	-77.71204	-239.7146	162.0025	0.4166527	0.5725582	1.662133
10716	-73.22974	-234.2179	160.9882	1.837182	0.5447361	1.369188
10722	-71.30309	-231.9952	160.6921	1.837182	0.8408023	1.369188
10728	-71.77043	-232.6594	160.889	0.8356363	0.7800617	1.872717
10734	-69.88872	-231.3983	161.5096	0.6157752	0.6669962	1.714913
10740	-77.07622	-237.1212	160.045	2.2756	0.389925	1.975281
10746	-88.75879	-250.9409	162.1821	0.3637622	1.544661	0.7194549
10752	-78.59967	-240.4637	161.864	0.4163018	1.716688	0.7838206
10758	-94.07714	-256.5758	162.4986	0.3553709	1.196951	0.7914011
10764	-91.49938	-252.3554	160.8561	1.271585	1.017529	1.42088
10770	-88.21042	-248.0479	159.8375	1.14951	0.5594935	2.4932
10776	-80.70191	-241.6866	160.9847	1.14951	0.2591135	1.94586
10782	-84.04776	-246.3595	162.3118	0.2455896	0.8065965	1.541957
10788	-74.95696	-236.3518	161.3948	0.478884	0.8884243	1.789359
10794	-82.56106	-243.103	160.542	1.179359	0.8655159	1.816237
10800	-80.04614	-240.739	160.6929	0.5133886	0.5450331	2.43798
10806	-70.2117	-231.9383	161.7266	0.1254572	0.7684854	2.227206
10812	-75.10789	-235.41	160.3021	0.5246029	0.3435015	2.793105
10818	-78.09801	-238.9135	160.8155	0.6528647	0.7527312	2.092741
10824	-77.84207	-238.6123	160.7702	0.964462	0.5859945	1.989659
10830	-76.80319	-238.1477	161.3445	0.2512415	0.8200924	2.185894
10836	-98.91113	-257.9095	158.9984	0.6761759	0.5467481	3.319144
10842	-74.54263	-235.3838	160.8412	0.2596719	0.2430859	2.847389
10848	-74.02729	-233.7926	159.7653	0.4444651	0.2676831	3.241676
10854	-75.87768	-236.3448	160.4671	0.4723248	0.6585249	2.551125
10860	-73.75476	-232.5887	158.834	0.4479313	0.9443965	3.387958
10866	-61.18874	-222.2746	161.0859	0.5293944	0.7367247	2.044872
10872	-72.23824	-233.6121	161.3738	0.8624672	0.9099613	1.40735
10878	-77.53935	-239.2462	161.7069	0.6980524	0.775003	1.40735
10884	-75.61001	-237.9465	162.3365	0.2367844	1.057783	1.348886
10890	-77.95604	-239.3581	161.4021	0.4013089	1.057783	1.764063
10896	-83.24485	-245.4612	162.2164	0.3172389	1.252364	1.119512
10902	-88.12915	-249.7133	161.5841	0.6038651	1.047256	1.391625
10908	-78.18523	-239.2324	161.0471	0.3391424	0.7174216	2.309641
10914	-74.55514	-234.4085	159.8533	1.224038	0.3309251	2.584854
10920	-66.98311	-227.6464	160.6633	2.250838	0.5074636	1.464315
10926	-65.43272	-227.3639	161.9311	0.473385	0.7304243	1.524934
10932	-52.59414	-214.4997	161.9056	0.2474541	0.7304243	1.879706
10938	-67.38484	-229.5314	162.1466	0.1797305	0.8746225	1.748651
10944	-68.67598	-230.4823	161.8063	0.8988502	0.7458793	1.153843
10950	-64.89469	-226.8467	161.952	0.2948137	0.3532012	2.022905
10956	-75.49373	-236.0097	160.5159	1.014541	0.438049	2.220398
10962	-76.11134	-237.3378	161.2265	0.5253851	0.3337937	2.220398
10968	-70.13653	-231.0613	160.9247	0.4368599	0.2520988	2.558221
10974	-74.33367	-234.7143	160.3806	0.1934545	0.05147748	3.346352
10980	-72.08295	-231.6593	159.5764	0.4073717	0.7373643	3.115746
10986	-77.71818	-238.8761	161.1579	0.4158716	0.7373643	2.125789
10992	-84.66091	-246.3889	161.728	0.391477	0.5774968	1.883545
10998	-74.67503	-236.015	161.34	1.334158	0.8079085	1.154148
11004	-81.67233	-242.5155	160.8432	1.823103	1.176787	0.9443534
11010	-74.48951	-233.7926	159.303	2.006489	0.8079334	2.284961
11016	-70.9195	-231.411	160.4915	1.165408	0.2300983	2.278807
11022	-81.25894	-241.3962	160.1373	1.662375	0.2936845	2.218438
11028	-79.69571	-239.5379	159.8422	1.739478	0.692794	2.117468
11034	-74.46814	-235.6319	161.1638	0.3315157	0.4217109	2.43358
11040	-80.06575	-241.1345	161.0687	0.9951567	0.4519687	1.857469
11046	-89.23037	-250.8647	161.6343	0.5260035	0.7262754	1.68043
11052	-86.88879	-248.3806	161.4918	0.9963184	0.2816218	1.68043
11058	-85.60127	-246.7796	161.1783	1.011055	0.0654821	2.033184
11064	-87.72114	-248.4545	160.7333	1.048204	0.4379653	2.057108
11070	-74.43418	-236.3445	161.9103	0.3163015	0.9374911	1.613911
11076	-78.45476	-240.9629	162.5082	0.3325847	0.7470983	1.273839
11082	-76.45053	-238.8893	162.4387	0.3375039	0.7320846	1.333702
11088	-82.31379	-244.6178	162.304	0.2214492	0.8030794	1.598535
11094	-76.4369	-236.904	160.4671	0.5104925	0.5669385	2.568332
11100	-82.39129	-243.1492	160.7579	1.15657	0.2800653	2.078592
11106	-77.68563	-239.0865	161.4009	0.5617079	0.1772343	2.172179
11112	-69.72116	-230.9716	161.2504	1.282779	1.165864	0.9363865
11118	-73.8105	-235.5321	161.7216	0.6623664	1.342218	0.9363865
11124	-80.51353	-242.0248	161.5113	1.056472	1.270167	0.7300708
11130	-86.40955	-248.0509	161.6414	0.1206253	0.2967796	2.590563
11136	-79.96125	-241.7851	161.8239	0.3151601	0.5716349	1.931066
11142	-76.56832	-236.762	160.1937	0.6634187	0.2712423	2.779019
11148	-72.32339	-232.5406	160.2172	0.5477641	0.4150179	2.779019
11154	-64.67799	-225.5961	160.9181	0.6680665	0.5093964	2.171181
11160	-79.30259	-239.5133	160.2107	1.479027	0.05714615	2.405427
11166	-74.30327	-234.8418	160.5385	1.085301	0.1194924	2.366032
11172	-65.36494	-225.6717	160.3068	1.389801	0.3162459	2.222143
11178	-74.22712	-232.8905	158.6634	2.978941	0.4968614	2.579125
11184	-64.42233	-224.8639	160.4416	2.322232	0.6484029	1.496832
11190	-67.04912	-227.9882	160.9391	1.020849	0.5076983	1.890417
11196	-58.18718	-219.5465	161.3593	1.020849	0.503172	1.598842
11202	-58.53817	-218.3315	159.7933	1.020849	0.14134	2.852132
11208	-63.13885	-223.678	160.5392	1.541115	0.3243696	1.990172
11214	-69.66763	-230.2753	160.6076	1.633031	0.6955326	1.641866
11220	-69.47415	-229.1707	159.6966	1.288728	0.4373707	2.582302
11226	-65.15981	-224.3054	159.1456	1.383341	0.4313123	2.876834
11232	-73.25743	-233.5656	160.3082	2.041835	0.3986234	1.878962
11238	-71.11486	-231.9711	160.8563	1.18314	0.02095554	2.168283
11244	-73.65564	-232.8288	159.1732	1.282339	0.06807438	3.126978
11250	-82.32464	-241.6083	159.2836	1.084355	0.1322309	3.126978
11256	-79.36621	-239.1375	159.7713	1.246063	0.5800224	2.469023
11262	-81.08211	-241.7803	160.6982	0.677211	0.9439319	2.022221
11268	-75.60458	-236.4202	160.8156	1.066101	0.391141	2.022221
11274	-73.26241	-234.8524	161.5899	0.6566921	0.4625357	1.761969
11280	-75.348	-236.5526	161.2045	0.5193431	0.4979884	2.134356
11286	-81.07449	-242.1394	161.0649	0.5193431	0.6546934	2.123202
11292	-79.83298	-239.6227	159.7897	1.013352	0.7256852	2.499475
11298	-72.84339	-234.1545	161.3111	0.2304638	0.4159949	2.499475
11304	-88.55245	-248.7219	160.1695	0.3816547	0.8859095	2.697954
11310	-78.99449	-239.9404	160.9459	1.143931	0.2028507	2.012792
11316	-71.54751	-231.8061	160.2586	2.513264	0.02471167	1.995737
11322	-70.31524	-230.3969	160.0817	0.703592	0.1503255	2.888143
11328	-73.18783	-235.2342	162.0463	0.2640474	0.7892564	1.711714
11334	-65.99947	-226.8761	160.8766	0.5368431	0.2503572	2.484103
11340	-67.56571	-228.0101	160.4443	1.818813	0.7506589	1.631603
11346	-71.62115	-233.0973	161.4761	0.5079966	1.160941	1.499935
11352	-73.59042	-234.1691	160.5786	0.9290474	0.2135126	2.379629
11358	-80.77751	-240.6723	159.8948	0.3855138	0.5526713	3.061246
11364	-83.76531	-244.5694	160.8041	0.3977227	0.1090794	2.765682
11370	-72.98519	-234.3431	161.3579	0.4688277	0.1921021	2.287377
11376	-79.52093	-241.9882	162.4672	0.08281078	0.4104662	2.094248
11382	-67.49801	-228.7991	161.3011	1.154105	0.06982997	1.85678
11388	-73.99229	-235.0487	161.0564	1.254692	0.1627585	1.90061
11394	-68.31039	-229.3644	161.054	0.7331166	0.2486664	2.197237
11400	-78.10839	-238.2568	160.1484	0.5250135	0.09119698	3.037726
11406	-77.35029	-238.8585	161.5082	0.2980286	0.09302317	2.471204
11412	-76.03909	-237.6507	161.6116	0.6976543	0.5399571	1.653316
11418	-75.2623	-236.027	160.7647	1.722266	0.437494	1.671138
11424	-65.61844	-226.0544	160.436	1.740614	0.116375	2.105584
11430	-75.7296	-236.8048	161.0752	0.3846519	0.04850442	2.652289
11436	-78.94081	-238.7533	159.8125	0.3846519	0.1438629	3.353236
11442	-73.55603	-233.3694	159.8134	0.7599212	0.3429942	2.890954
11448	-72.2486	-232.4059	160.1573	1.176174	0.3880155	2.38493
11454	-81.71727	-242.3623	160.645	0.4327816	0.100652	2.827572
11460	-83.56071	-242.6329	159.0722	0.1339496	0.1146767	4.180095
11466	-73.17881	-233.7656	160.5868	0.5808385	0.121888	2.701517
11472	-70.43837	-231.3745	160.9361	0.09656153	0.116846	3.185948
11478	-73.67818	-233.8553	160.1771	0.3378394	0.1592514	3.185948
11484	-73.93031	-234.446	160.5157	1.32428	0.6732617	1.882122
11490	-68.71184	-229.9724	161.2606	0.9495102	1.151004	1.228722
11496	-65.43731	-226.4438	161.0065	0.5468468	0.9859676	1.912899
11502	-68.39875	-229.452	161.0532	0.4976436	0.4587612	2.28049
11508	-66.05107	-226.0941	160.043	1.801521	0.2000162	2.28049
11514	-67.72604	-228.5224	160.7964	1.684241	0.1198829	1.887694
11520	-77.78633	-239.0385	161.2522	0.2715186	0.9121264	2.152609
11526	-68.57442	-227.68	159.1056	1.151654	0.2104909	3.149509
11532	-71.82291	-232.3629	160.54	0.6955554	0.7617431	2.228936
11538	-73.12699	-234.8922	161.7652	0.3260829	0.425908	2.051279
11544	-80.26829	-240.1229	159.8547	0.5697508	0.1876214	3.114108
11550	-72.78649	-233.1817	160.3952	0.3658981	0.4198972	2.863836
11556	-73.93245	-233.361	159.4286	0.4438628	0.497399	3.30547
11562	-72.41179	-234.5252	162.1134	0.1464483	1.136323	1.666023
11568	-60.62542	-223.8259	163.2005	0.1160174	1.222478	0.7102798
11574	-70.27461	-230.6763	160.4016	0.615996	0.654783	2.454012
11580	-81.83924	-242.7453	160.9061	0.6308983	0.1292472	2.454012
11586	-71.98157	-231.962	159.9804	1.582267	0.06414404	2.498834
11592	-77.16631	-237.9682	160.8019	1.776662	0.07849892	1.870749
11598	-78.9187	-238.941	160.0223	1.741486	0.6221198	2.044551
11604	-75.00884	-235.2241	160.2153	1.773082	0.8304033	1.758244
11610	-77.55242	-237.4241	159.8717	1.118249	0.4526176	2.556236
11616	-76.95697	-238.0117	161.0547	1.050859	0.1580049	2.027958
11622	-71.13101	-231.5479	160.4169	1.485305	0.03015954	2.288628
11628	-71.8673	-231.5332	159.6659	0.7219073	0.02231367	3.199451
11634	-70.27652	-229.3253	159.0488	1.056671	0.04162285	3.335048
11640	-79.97053	-241.3143	161.3438	0.4217603	0.004509853	2.46851
11646	-77.4588	-238.1937	160.7349	0.5898099	0.04874502	2.647271
11652	-83.65332	-243.2419	159.5886	2.020454	0.08319872	2.556668
11658	-91.74654	-252.5512	160.8047	1.011473	0.04403526	2.289976
11664	-85.8166	-246.5715	160.7549	1.185056	0.1120703	2.173854
11670	-72.38249	-232.0111	159.6286	0.5029354	0.1289876	3.344793
11676	-73.77456	-233.9095	160.1349	0.1515529	0.08943857	3.547634
11682	-74.5055	-233.1117	158.6062	0.5759919	0.07777798	3.901267
11688	-77.75957	-238.8637	161.1041	0.4039571	0.7032632	2.197655
11694	-72.85947	-232.8183	159.9588	0.582226	0.2711217	2.99073
11700	-64.56282	-225.4004	160.8376	1.434552	0.2461762	1.89492
11706	-61.90837	-222.4485	160.5401	0.4706049	0.05207838	2.879911
11712	-75.08348	-235.1441	160.0607	0.7040611	0.184333	2.879911
11718	-74.52409	-233.8118	159.2878	1.197257	0.2056394	3.019595
11724	-70.50606	-231.1299	160.6238	1.023471	0.09245196	2.366791
11730	-69.50388	-231.0507	161.5469	0.7886797	0.9530067	1.303573
11736	-72.69752	-234.3848	161.6873	0.6386008	0.7029791	1.537342
11742	-71.99131	-233.4174	161.426	0.7740011	1.098944	1.297484
11748	-71.35605	-233.2195	161.8635	0.5080528	1.098944	1.243417
11754	-94.09481	-255.3546	161.2598	0.628045	1.324814	1.401163
11760	-77.08054	-239.7438	162.6633	0.257396	1.198496	0.866932
11766	-84.11008	-246.8081	162.698	0.1072869	1.464782	1.056567
11772	-86.91533	-248.7875	161.8722	0.2959001	1.474855	1.266647
11778	-85.41372	-247.1567	161.743	0.401979	1.236106	1.381638
11784	-75.69816	-236.5662	160.868	1.125854	1.183234	1.381638
11790	-75.83779	-237.813	161.9752	0.6022246	1.311429	0.767935
11796	-73.27747	-235.9793	162.7018	0.1706955	1.437014	0.8345338
11802	-78.43291	-240.7207	162.2878	0.1706955	1.717235	0.983554
11808	-76.13736	-237.5348	161.3975	0.8696402	0.9848136	1.323318
11814	-73.91653	-235.3582	161.4417	0.6010892	0.9521298	1.574007
11820	-68.53934	-229.9541	161.4148	0.4808495	0.2349175	2.210004
11826	-74.42557	-235.5432	161.1176	0.4685221	0.2310103	2.415616
11832	-84.16763	-244.7148	160.5472	0.8224653	0.5939723	2.231996
11838	-74.66526	-234.9161	160.2509	1.781401	0.4946631	1.959922
11844	-80.35035	-241.8455	161.4951	0.05251119	0.2143242	2.916995
11850	-75.44894	-236.9022	161.4533	0.1710502	0.5282427	2.451364
11856	-77.97811	-239.4591	161.481	0.4453374	0.6283698	1.948086
11862	-77.98363	-239.6384	161.6547	0.5839101	0.5950155	1.695932
11868	-78.90534	-240.2598	161.3544	0.3928499	0.5307713	2.161084
11874	-80.38107	-240.8999	160.5188	0.4028584	0.6513488	2.601721
11880	-76.11948	-238.2948	162.1753	0.536154	0.8069233	1.188334
11886	-65.18877	-226.4437	161.2549	0.8589931	0.6564276	1.685766
11892	-66.57949	-227.2407	160.6613	0.8589931	0.5909096	2.133014
11898	-66.86377	-226.7802	159.9164	0.8111017	0.1637921	2.899956
11904	-68.81138	-228.9626	160.1512	0.4921979	0.6387551	2.737317
11910	-67.75417	-228.778	161.0238	1.084867	0.4243046	1.847501
11916	-68.50573	-229.4538	160.9481	1.084867	0.1566376	2.077985
11922	-71.14207	-232.4268	161.2848	1.176878	0.1112147	1.825661
11928	-70.52078	-229.9746	159.4538	0.7611452	0.0363785	3.287548
11934	-73.55136	-234.1086	160.5573	1.259865	0.02335273	2.316699
11940	-75.34135	-235.8159	160.4745	0.9673473	0.02835704	2.536216
11946	-76.83809	-238.5397	161.7016	1.133746	0.1387431	1.536628
11952	-83.24096	-243.0485	159.8076	3.308464	0.01669594	2.069611
11958	-84.18569	-244.0679	159.8822	2.309706	0.06432294	2.282873
11964	-97.35123	-257.0312	159.6799	2.309706	0.3550848	2.226019
11970	-87.17015	-247.3434	160.1733	0.6054182	0.5001228	2.701084
11976	-85.67489	-245.4315	159.7566	0.7375113	0.4622119	2.869951
11982	-79.31558	-239.3428	160.0272	0.3388542	0.04316287	3.341749
11988	-76.82613	-236.9734	160.1472	0.5466443	0.05717067	3.038424
11994	-84.01291	-244.7301	160.7172	0.2432538	0.09268051	3.038424
12000	-74.58531	-236.3315	161.7462	0.1576311	0.8082035	2.113049
12006	-77.87789	-238.6799	160.802	0.04134768	0.3519564	3.281485
12012	-64.30146	-224.7397	160.4383	0.7960084	0.7070421	2.24922
12018	-63.35118	-225.7326	162.3814	0.3345784	1.106376	1.066643
12024	-71.87767	-234.6172	162.7395	0.2142173	1.106376	1.00962
12030	-67.74325	-229.4221	161.6789	0.6305086	0.5152374	1.687719
12036	-90.13465	-250.6785	160.5439	0.771733	0.5074693	2.327969
12042	-98.34406	-259.2696	160.9255	0.2637748	0.9857788	2.327969
12048	-89.96106	-251.8169	161.8559	0.5407823	1.606796	0.6157251
12054	-85.16311	-246.1216	160.9585	0.5884239	0.9710878	1.912843
12060	-83.93587	-245.0274	161.0915	1.014545	1.08253	1.368332
12066	-72.84738	-233.7735	160.9262	0.7174352	0.7917062	1.936405
12072	-70.00992	-231.1886	161.1787	0.609715	0.5226491	2.044848
12078	-83.22921	-242.7408	159.5116	1.908818	0.6536882	2.287521
12084	-75.59698	-238.0935	162.4965	0.3600548	1.2356	0.7232947
12090	-81.32778	-241.6358	160.308	0.5575254	1.043223	2.322193
12096	-64.12543	-224.5054	160.38	0.8521877	0.5864453	2.322193
12102	-64.96731	-226.7708	161.8035	0.2429065	0.6956449	1.980195
12108	-70.16691	-228.9612	158.7943	1.093924	0.2888817	3.318568
12114	-69.80734	-230.0294	160.2221	0.80464	0.8246886	2.305835
12120	-72.48586	-233.9947	161.5088	1.247374	0.7214914	1.144579
12126	-81.36011	-242.5579	161.1977	1.247374	1.261205	0.9222676
12132	-77.73424	-239.0255	161.2913	1.330125	1.323406	0.5671435
12138	-78.36757	-239.9536	161.586	1.330125	0.8375989	0.8853596
12144	-67.732	-229.1527	161.4207	0.686465	0.3110336	1.954134
12150	-58.93085	-219.6617	160.7309	3.066555	0.7055036	0.8912802
12156	-69.04656	-229.3337	160.2872	3.837174	0.951793	0.7706399
12162	-77.2604	-237.457	160.1966	3.322776	0.951793	1.079107
12168	-73.64838	-234.4006	160.7522	2.401762	0.8034446	1.080623
12174	-70.2339	-231.4334	161.1995	0.7105844	0.9394131	1.650324
12180	-73.38011	-234.035	160.6549	2.244944	0.6274321	1.380667
12186	-68.48337	-228.9285	160.4452	2.840125	0.5475605	1.380667
12192	-65.10546	-224.4772	159.3717	2.404132	0.4697185	2.318913
12198	-70.55856	-230.5434	159.9849	0.7061053	0.4173637	2.782814
12204	-73.07247	-233.832	160.7595	0.3454017	0.2316957	2.782814
12210	-76.57369	-235.7595	159.1858	1.163459	0.4422464	2.95663
12216	-66.47352	-227.5834	161.1099	0.5581716	0.2528703	2.314236
12222	-64.68238	-224.5061	159.8238	1.059464	0.5322064	2.570817
12228	-68.04969	-227.3738	159.3241	0.8012122	0.1439006	3.272253
12234	-76.52109	-237.0777	160.5566	0.09119686	0.3601375	3.280342
12240	-81.83939	-244.4655	162.6261	0.2296832	0.9227002	1.238682
12246	-75.5474	-237.1419	161.5945	0.9273727	0.6142559	1.41081
12252	-77.93343	-238.9057	160.9722	0.6772928	0.1589564	2.353465
12258	-77.89304	-238.0415	160.1484	0.8612955	0.7586125	2.353465
12264	-88.07544	-249.2809	161.2055	1.005942	0.7977031	1.505935
12270	-85.02607	-244.9126	159.8865	3.109706	0.7509626	1.562459
12276	-71.01498	-231.9394	160.9244	0.6936483	0.6854699	2.029182
12282	-81.0149	-240.602	159.5871	2.181475	0.3902273	2.307058
12288	-78.49656	-239.1891	160.6926	0.7041154	0.4961262	2.294369
12294	-77.84174	-238.4996	160.6579	0.56001	0.1584429	2.654668
12300	-76.17462	-236.4949	160.3203	1.625591	0.5621866	1.937569
12306	-77.54692	-238.7624	161.2155	0.720324	0.3864877	2.011527
12312	-77.67113	-237.8045	160.1334	1.343414	1.027135	1.891005
12318	-75.78833	-235.9382	160.1498	2.117139	0.2138682	2.079888
12324	-86.46884	-245.8818	159.413	1.533803	0.5237776	2.587431
12330	-71.05331	-231.4591	160.4058	1.533803	0.5045866	1.962362
12336	-70.89106	-232.0128	161.1217	0.5614889	0.6900664	2.018947
12342	-70.85074	-231.6423	160.7915	0.6627922	0.3449413	2.36247
12348	-64.82748	-225.8196	160.9921	1.208206	0.3486124	1.844811
12354	-69.41147	-228.5423	159.1308	1.739944	0.6355623	2.605266
12360	-59.80168	-220.4966	160.695	1.215393	0.3044274	2.069934
12366	-69.76142	-230.7166	160.9552	0.4921984	0.5611935	2.283441
12372	-70.76548	-232.4115	161.646	0.4520826	0.68905	1.785699
12378	-69.30121	-230.82	161.5188	0.4520826	1.13217	1.560307
12384	-75.01612	-235.7852	160.7691	1.429502	1.398394	1.068567
12390	-76.4407	-237.7842	161.3435	0.9706052	1.398394	0.8932143
12396	-75.61304	-236.7337	161.1207	1.644593	1.057121	0.8999859
12402	-66.75311	-228.4147	161.6616	0.8404233	1.122274	0.997789
12408	-72.93902	-234.2413	161.3023	0.8404233	1.78125	0.5514629
12414	-58.36173	-219.6762	161.3145	1.072464	1.484543	0.6728591
12420	-72.86248	-233.3914	160.5289	1.343559	0.9691113	1.65577
12426	-73.99817	-235.165	161.1668	1.088249	0.6165673	1.609223
12432	-81.25192	-242.914	161.6621	0.7605313	0.6583005	1.470616
12438	-64.55912	-225.1691	160.61	1.481813	0.3080095	1.982701
12444	-67.22707	-227.9457	160.7186	1.723632	0.1380887	1.910298
12450	-79.27789	-240.1053	160.8274	1.346628	0.4055476	1.839766
12456	-78.79264	-239.2241	160.4314	0.9869188	0.4397574	2.291331
12462	-84.39982	-245.0797	160.6798	0.4592833	0.2650782	2.67684
12468	-78.13655	-238.4415	160.3049	0.4831738	0.5988318	2.67684
12474	-70.32784	-231.6482	161.3203	1.00525	0.7377039	1.465112
12480	-71.41311	-232.8318	161.4187	0.5538338	0.8857689	1.689326
12486	-71.20137	-232.3403	161.1389	0.1706978	0.1324098	2.889201
12492	-71.05897	-231.519	160.4601	0.6510173	0.3047805	2.605212
12498	-73.73924	-235.2683	161.5291	0.380502	0.5939393	2.020788
12504	-80.29517	-240.1344	159.8393	2.088124	0.1095592	2.35832
12510	-70.08817	-229.7523	159.6641	1.229502	0.008209651	2.895152
12516	-72.79802	-233.3655	160.5675	0.7732504	0.03771458	2.606674
12522	-70.49251	-232.6925	162.2	0.2386281	0.2244429	2.037547
12528	-70.69668	-231.6339	160.9372	0.8776024	0.3752171	2.079954
12534	-69.38131	-230.5207	161.1393	0.5652628	0.6403081	2.036448
12540	-64.58708	-226.2335	161.6464	0.8565111	0.6453671	1.406343
12546	-72.09769	-232.2683	160.1706	1.213414	0.6453671	2.190866
12552	-76.12848	-237.7571	161.6287	0.2905942	1.104802	1.737828
12558	-87.86112	-250.0057	162.1446	0.5370653	0.9056892	1.127125
12564	-84.15649	-245.3491	161.1926	1.827557	0.9442349	0.8041811
12570	-71.76643	-233.4721	161.7057	0.9226334	1.015878	0.9692402
12576	-70.8098	-231.7945	160.9847	2.061805	1.015878	0.798462
12582	-76.28288	-236.8287	160.5458	2.061805	1.223991	1.051443
12588	-74.34367	-235.0214	160.6777	1.143724	0.6714427	1.87806
12594	-79.5924	-239.553	159.9606	1.389025	0.1480335	2.548102
12600	-79.20542	-240.4399	161.2345	1.451384	0.51345	1.407923
12606	-70.02887	-229.9493	159.9204	1.10899	0.76708	2.333253
12612	-69.30439	-230.1243	160.8199	1.552668	0.4096044	1.734243
12618	-62.33929	-223.1913	160.852	0.8321531	0.9421104	1.78945
12624	-74.41996	-235.804	161.384	0.7482215	0.1387677	2.040831
12630	-73.69212	-232.2814	158.5893	0.634735	0.171651	3.808229
12636	-71.09057	-231.0013	159.9107	0.8365785	0.2901205	2.809004
12642	-70.9566	-231.785	160.8284	1.36157	0.1709984	1.989838
12648	-74.01123	-234.8374	160.8262	2.225846	0.7018932	1.187639
12654	-72.61242	-234.3787	161.7663	0.5236131	0.9495983	1.420782
12660	-68.29166	-230.0303	161.7386	0.935826	1.138223	0.7687353
12666	-60.78862	-222.4121	161.6235	0.935826	1.355939	0.5503325
12672	-65.12412	-226.7956	161.6715	0.7557817	0.8732046	1.29952
12678	-77.40994	-237.7007	160.2907	1.071217	0.9152304	2.019544
12684	-70.93984	-231.6378	160.698	1.406341	0.6081294	1.75668
12690	-68.82543	-231.074	162.2486	0.5258585	0.7564628	1.182686
12696	-66.8161	-228.5258	161.7097	0.7351578	0.6828004	1.439608
12702	-66.71283	-228.1184	161.4055	0.8807463	0.5781198	1.616602
12708	-77.69623	-238.3444	160.6481	0.4399599	0.7420564	2.421222
12714	-76.03798	-238.2603	162.2224	0.2318083	0.7591462	1.668274
12720	-72.38261	-233.9311	161.5484	0.7085027	1.541026	0.8368824
12726	-67.599	-229.4043	161.8053	0.7085027	1.26657	0.8583484
12732	-73.68355	-235.3468	161.6632	0.944653	1.26657	0.6656667
12738	-82.67353	-244.2851	161.6115	0.6050976	1.749596	0.628082
12744	-76.32514	-237.6302	161.305	0.6117655	1.872077	0.2453927
12750	-74.51607	-236.2957	161.7797	0.3069762	2.08899	0.3503226
12756	-81.77804	-243.2743	161.4962	0.3904127	2.106497	0.2763294
12762	-73.30058	-235.3414	162.0409	0.2051708	2.106497	0.3696326
12768	-74.3243	-236.6212	162.2969	0.1997043	1.893987	0.4208962
12774	-81.095	-242.5781	161.4831	0.4910612	2.019508	0.3420536
12780	-84.68943	-246.2151	161.5257	0.5892445	1.779944	0.3031325
12786	-79.64849	-242.2872	162.6387	0.1567937	1.703379	0.4995127
12792	-84.52369	-243.6122	159.0885	0.8975551	0.6124504	3.069365
12798	-76.32023	-237.4034	161.0831	0.6729755	0.7171834	1.920005
12804	-76.08258	-236.8215	160.7389	0.7017936	0.8189808	2.056583
12810	-75.78609	-236.9052	161.1191	0.3962133	0.1165555	2.569037
12816	-83.81273	-244.418	160.6052	0.671434	0.07605318	2.639722
12822	-78.3053	-239.2028	160.8975	0.6232965	0.074406	2.500442
12828	-64.32142	-225.0883	160.7669	0.2817953	0.4659581	2.723279
12834	-67.07495	-228.8848	161.8098	0.2298268	0.5072523	2.123949
12840	-78.48096	-240.225	161.744	0.2388139	0.3951703	2.223595
12846	-75.92374	-237.1405	161.2168	1.093263	0.3163633	1.783376
12852	-80.81795	-240.3071	159.4892	1.06471	0.5805331	2.744036
12858	-75.50191	-236	160.4981	0.4131604	0.03379255	2.978706
12864	-70.59645	-232.7504	162.1539	0.3503218	1.379656	0.989287
12870	-74.48732	-236.2221	161.7348	0.5161221	1.661248	0.7987603
12876	-78.79993	-241.3294	162.5294	0.247626	1.540483	0.5199132
12882	-68.17635	-230.5637	162.3874	0.2936755	1.428712	0.8130864
12888	-69.77836	-231.7042	161.9259	0.4040891	1.257285	1.212138
12894	-63.42675	-225.9228	162.4961	0.2476364	1.257285	1.010427
12900	-60.508	-223.1129	162.6049	0.2321378	1.257285	0.9413918
12906	-60.82955	-222.5775	161.748	0.3192931	0.7757174	1.837509
12912	-67.13856	-227.4872	160.3487	1.101018	0.3199986	2.349934
12918	-69.70612	-231.1745	161.4684	0.56325	0.6388185	1.817232
12924	-68.07848	-228.4603	160.3818	0.2233768	0.7182375	2.896538
12930	-62.32098	-224.971	162.65	0.1632641	0.9481526	1.362135
12936	-63.64405	-226.3037	162.6596	0.1431583	1.288147	1.127772
12942	-63.93887	-225.6423	161.7034	0.7631718	1.475236	0.5212297
12948	-64.60005	-226.8958	162.2958	0.4061562	1.419741	0.5355141
12954	-72.48473	-233.4981	161.0134	0.793091	1.944515	0.2538415
12960	-72.46497	-234.1802	161.7153	0.3147558	2.006489	0.2538415
12966	-70.86939	-232.5799	161.7105	0.3174474	2.085295	0.3040783
12972	-79.66109	-241.6936	162.0325	0.1953515	2.176349	0.570784
12978	-71.14667	-232.2188	161.0721	0.8259344	2.029041	0.4570668
12984	-68.90974	-230.8508	161.9411	0.7159744	1.150281	0.822395
12990	-62.57089	-224.5749	162.004	0.3022152	1.150281	1.408819
12996	-67.22376	-228.4689	161.2451	0.8093265	1.089436	1.415083
13002	-65.03246	-227.3175	162.285	0.3506102	1.089436	1.138999
13008	-67.67177	-229.2787	161.6069	0.9928549	1.178784	0.8130112
13014	-68.52925	-229.9084	161.3792	0.3968157	1.018963	1.812939
13020	-65.38369	-227.1262	161.7425	0.360245	0.7287969	1.812939
13026	-69.964	-231.6945	161.7305	0.1227677	0.7255425	2.258986
13032	-70.56137	-232.0149	161.4535	0.3519142	0.2968953	2.30133
13038	-81.46196	-242.6116	161.1496	0.775449	0.8349135	1.702738
13044	-80.76496	-242.2365	161.4716	1.099387	0.8605147	1.170505
13050	-76.05768	-237.0001	160.9424	0.3191535	0.8000898	2.351579
13056	-83.43342	-245.3586	161.9252	0.1873942	0.5011909	2.133473
13062	-76.02076	-237.4053	161.3845	0.294468	0.7445863	2.139359
13068	-78.93758	-240.5997	161.6621	0.6526326	1.11755	1.215544
13074	-84.00318	-245.3123	161.3091	0.8558807	0.9690972	1.417388
13080	-79.13303	-239.4349	160.3019	0.8617922	0.4360521	2.459865
13086	-77.69741	-238.043	160.3456	0.6933854	0.3357413	2.621728
13092	-77.50386	-237.6255	160.1216	0.5194013	0.3323406	2.914324
13098	-81.26489	-239.9964	158.7315	0.4717264	0.1046234	3.90987
13104	-87.23458	-247.4969	160.2624	2.316512	0.6740045	1.612281
13110	-79.33426	-240.0141	160.6798	1.375846	0.3225974	1.980297
13116	-74.32202	-235.9633	161.6413	0.4966293	0.04675302	2.168008
13122	-71.24767	-231.7978	160.5502	0.4484184	0.3527789	2.714401
13128	-62.55882	-223.711	161.1522	1.348647	0.7078392	1.382595
13134	-63.29148	-222.9113	159.6198	1.348647	0.1695974	2.764323
13140	-64.86226	-225.2941	160.4319	1.312959	0.1414823	2.293313
13146	-72.02286	-231.0303	159.0074	1.435243	0.01933881	3.182377
13152	-72.23227	-232.3032	160.0709	1.388339	0.0294001	2.553587
13158	-79.01238	-238.8833	159.871	1.703863	0.002519684	2.553587
13164	-75.58719	-236.7051	161.1179	1.661899	0.003060261	1.757015
13170	-73.31203	-234.5732	161.2611	1.010951	0.00740436	2.016814
13176	-80.3993	-240.776	160.3767	2.409429	0.1576606	1.861193
13182	-75.16374	-234.7429	159.5792	1.578068	0.04812097	2.758346
13188	-82.89911	-243.5348	160.6357	0.7417799	0.1246047	2.534366
13194	-72.75154	-232.0277	159.2762	1.243841	0.09086328	3.071209
13200	-65.89914	-226.7698	160.8707	0.6941266	0.5987653	2.121273
13206	-62.81406	-223.5113	160.6972	0.47866	0.04418936	2.780902
13212	-64.06112	-223.3911	159.33	1.741428	0.0530597	2.839476
13218	-68.24121	-227.1344	158.8932	1.38231	0.1412703	3.202012
13224	-67.11266	-227.3189	160.2062	1.38231	0.2353247	2.342083
13230	-69.84463	-231.0845	161.2399	0.6487829	0.1247106	2.228831
13236	-79.12126	-240.5008	161.3795	0.506702	0.1978974	2.228831
13242	-82.8567	-242.6963	159.8395	0.7997208	0.7938326	2.569583
13248	-80.97883	-240.9467	159.9678	0.8833423	0.2154312	2.787844
13254	-80.75053	-241.0228	160.2723	0.3198319	0.5206465	2.936716
13260	-81.84006	-241.956	160.1159	0.941765	0.3348313	2.585058
13266	-71.83554	-231.3037	159.4681	0.9132783	0.2209337	3.06633
13272	-77.72147	-238.9856	161.2641	0.3922162	0.3386431	2.343424
13278	-91.7571	-253.0153	161.2582	0.6212039	0.9661634	1.675577
13284	-87.18628	-248.7761	161.5898	0.893749	0.8442706	1.259419
13290	-84.16107	-246.0709	161.9098	0.2525994	0.2914458	2.1598
13296	-81.9756	-242.2922	160.3166	0.4808273	0.5729864	2.687968
13302	-77.0022	-237.7287	160.7265	1.368834	0.2512779	2.000438
13308	-67.722	-227.7382	160.0162	0.6154975	0.3014526	2.908775
13314	-69.80547	-228.7843	158.9789	1.449061	0.1071847	3.140965
13320	-74.2525	-235.1192	160.8667	0.9635748	0.1038518	2.242814
13326	-80.7843	-240.638	159.8537	0.8717623	0.3780837	2.766011
13332	-85.0545	-247.3234	162.2689	0.2405947	0.8512198	1.55045
13338	-72.26332	-233.3502	161.0869	0.6957911	0.967558	1.724025
13344	-82.16232	-242.6562	160.4938	0.7287233	0.8480389	2.175416
13350	-77.82564	-238.1447	160.319	1.08912	0.9389394	1.973583
13356	-81.66058	-243.0763	161.4158	0.9721793	0.8403107	1.337016
13362	-72.87133	-234.35	161.4786	0.7127743	1.136194	1.286422
13368	-77.93371	-239.3905	161.4568	1.201382	1.237761	0.6467429
13374	-79.49182	-241.398	161.9062	0.6102788	1.390839	0.7349459
13380	-67.41746	-228.2195	160.802	1.937317	1.390839	0.5723736
13386	-83.0451	-244.2968	161.2517	1.142111	1.4989	0.3827662
13392	-83.29788	-244.795	161.4971	0.3717677	0.7259183	1.965767
13398	-77.43299	-238.9448	161.5118	0.3532599	0.7493293	1.965767
13404	-77.86656	-239.0067	161.1401	0.4468058	0.7493293	2.092459
13410	-78.07338	-239.3411	161.2677	0.5898624	1.166778	1.556141
13416	-71.2272	-231.9759	160.7487	0.9021005	0.9090606	1.829884
13422	-77.7399	-237.1027	159.3628	0.8154603	0.4902919	3.033466
13428	-86.67192	-246.3423	159.6703	0.3897583	0.09153465	3.461284
13434	-79.81924	-241.9613	162.142	0.131714	0.6575335	2.012388
13440	-74.97853	-236.3068	161.3282	0.2720356	0.9634919	2.068263
13446	-78.56301	-240.2812	161.7182	0.5459407	0.7376369	1.589214
13452	-74.25266	-235.9776	161.7249	0.5982524	0.7095629	1.547101
13458	-76.12189	-237.725	161.6031	0.5982524	0.6560564	1.674232
13464	-68.73831	-230.5818	161.8435	0.2074753	0.08635743	2.413083
13470	-72.85774	-232.6563	159.7986	1.729866	0.2820961	2.413083
13476	-73.39667	-234.5127	161.116	1.060843	0.7095697	1.597421
13482	-71.70397	-231.5592	159.8552	1.060843	0.6599665	2.47067
13488	-70.04475	-231.6173	161.5726	0.9003404	1.093306	1.048176
13494	-66.43884	-227.1773	160.7385	2.273287	1.100544	0.855439
13500	-72.48628	-234.6777	162.1914	0.5172376	0.9881957	1.036232
13506	-64.33497	-226.5422	162.2073	0.5172376	1.044909	0.9636242
13512	-64.00302	-225.4421	161.4391	0.9720261	1.365129	0.816297
13518	-62.07438	-223.9381	161.8637	0.6660328	1.365129	0.7199164
13524	-61.55576	-223.5397	161.9839	0.4915483	1.45024	0.8018784
13530	-67.71231	-229.1051	161.3928	1.053058	0.8913497	1.248774
13536	-60.77694	-222.5455	161.7686	0.4943014	0.9641824	1.444561
13542	-72.19579	-233.626	161.4302	0.8730168	0.5792222	1.6041
13548	-74.00021	-235.375	161.3748	0.7016149	0.4598334	1.87107
13554	-75.85889	-236.7868	160.9279	0.6851359	0.1781167	2.362831
13560	-65.17569	-227.0211	161.8454	0.3355474	0.3086742	2.062077
13566	-70.65065	-232.4063	161.7556	0.4796168	0.1891968	2.018098
13572	-70.52119	-231.4746	160.9534	0.7480879	0.4306706	2.132153
13578	-63.37934	-224.4462	161.0668	0.6122662	0.2198234	2.311685
13584	-77.61396	-238.3358	160.7218	0.4580433	0.8089546	2.311685
13590	-79.78564	-241.2913	161.5056	0.2637136	0.6375967	2.179011
13596	-79.99764	-240.927	160.9294	0.7121488	0.7328634	1.978289
13602	-79.01392	-240.5414	161.5275	0.3103618	0.4171114	2.235065
13608	-72.91935	-234.1966	161.2773	0.2321001	0.04015577	2.749795
13614	-79.91199	-239.9303	160.0183	0.3442316	0.08906937	3.313159
13620	-74.29423	-235.0838	160.7896	0.2099887	0.5009111	2.804184
13626	-77.45391	-238.7743	161.3203	0.2088708	0.53459	2.457653
13632	-75.59153	-235.0071	159.4156	0.401877	0.7388086	3.216611
13638	-85.30199	-244.7875	159.4855	0.2394906	0.1133368	3.754841
13644	-74.75854	-234.223	159.4645	1.863172	0.43482	2.473643
13650	-70.9863	-230.9386	159.9523	0.4476043	0.09562422	3.229536
13656	-71.36277	-231.9203	160.5575	1.567961	0.5363825	1.820989
13662	-74.52589	-235.702	161.1761	1.457901	0.4711024	1.481252
13668	-76.44621	-237.2564	160.8102	1.280515	0.8887923	1.547007
13674	-74.28303	-235.878	161.5949	0.7673106	1.344339	0.9254344
13680	-79.12935	-240.6832	161.5539	0.7320826	0.622546	1.603504
13686	-72.61478	-233.057	160.4422	2.964597	0.3626157	1.483338
13692	-74.23691	-235.096	160.8591	1.474004	0.394771	1.757355
13698	-83.39869	-243.9387	160.54	1.678908	0.8010919	1.59182
13704	-84.25271	-246.5952	162.3424	0.3528525	1.218851	0.9552846
13710	-74.27243	-234.9625	160.69	0.9823561	0.3398042	2.192192
13716	-82.80171	-242.4531	159.6514	1.295495	0.1891473	2.759399
13722	-68.22588	-228.6985	160.4726	1.419081	0.2523789	2.141342
13728	-77.81707	-237.4118	159.5948	1.752267	0.395306	2.46088
13734	-80.20545	-240.2591	160.0537	1.97378	0.4665197	2.031094
13740	-83.46298	-243.4104	159.9474	1.97378	0.3604462	2.170446
13746	-73.60718	-234.2442	160.637	0.9944198	0.2384683	2.283757
13752	-73.15906	-234.9433	161.7842	0.391532	0.9107818	1.610399
13758	-73.00517	-234.9081	161.9029	0.7820567	0.9502676	0.996662
13764	-72.57583	-232.3209	159.7451	1.756567	0.7738657	2.12065
13770	-72.7484	-234.6473	161.8989	0.142176	0.6981206	2.12065
13776	-78.77786	-239.5191	160.7413	0.8705819	0.5169012	2.12065
13782	-68.7852	-230.1861	161.4009	0.4111677	0.6523331	2.027592
13788	-68.23969	-228.8123	160.5726	0.5688542	0.08598947	2.743209
13794	-68.48374	-229.1806	160.6968	0.8585672	0.4510403	2.201109
13800	-64.76032	-224.73	159.9697	0.8585672	0.4510403	2.659204
13806	-61.73539	-221.7393	160.0039	0.9430422	0.4786076	2.564522
13812	-67.252	-227.5099	160.2579	2.094931	0.04546472	2.127686
13818	-63.94873	-224.9976	161.0489	0.5741469	0.06936538	2.453635
13824	-70.70216	-232.1034	161.4012	0.2851184	0.4086023	2.358974
13830	-70.71662	-232.0315	161.3149	0.448539	0.5240905	2.123545
13836	-75.39235	-235.8721	160.4797	0.3788648	0.2137691	2.921498
13842	-86.54012	-245.1028	158.5627	0.9833914	0.3730606	3.468066
13848	-77.79965	-239.144	161.3444	0.4458362	0.7885709	1.9316
13854	-77.26835	-239.5761	162.3077	0.2930777	1.24278	1.095754
13860	-76.09573	-238.4967	162.401	0.2977879	0.9585866	1.252553
13866	-71.21517	-231.31	160.0948	0.5284424	0.09398967	3.064848
13872	-71.78662	-231.3156	159.529	0.5917244	0.06541301	3.359657
13878	-68.46862	-229.1456	160.6769	0.7085903	0.07863729	2.563498
13884	-76.45077	-237.15	160.6993	0.9808821	0.4408434	2.121393
13890	-74.90833	-235.7929	160.8846	0.541162	0.528599	2.29884
13896	-65.59564	-226.1436	160.5479	0.6383604	0.3736039	2.518711
13902	-70.02181	-231.6794	161.6576	0.2938123	0.4131484	2.178333
13908	-79.86568	-240.4435	160.5779	1.060057	0.3968452	2.178333
13914	-64.46134	-225.7324	161.2711	0.5342282	0.1596199	2.294615
13920	-73.30908	-233.8606	160.5515	1.082127	0.03055354	2.415914
13926	-63.98157	-224.3397	160.3581	0.3910109	0.00795621	3.10338
13932	-69.0059	-229.0449	160.039	0.2633621	0.0363382	3.441993
13938	-70.76497	-231.764	160.9991	0.4727141	0.267096	2.46291
13944	-67.16905	-228.4823	161.3133	0.09418529	0.3795837	2.807979
13950	-67.00047	-229.3466	162.3462	0.2336926	0.7594243	1.57485
13956	-74.82214	-236.5878	161.7656	0.1002568	0.6889542	2.318268
13962	-66.26375	-228.1148	161.851	0.1786035	0.9809229	1.881739
13968	-76.74847	-239.9613	163.2128	0.08637745	1.144867	0.9520081
13974	-70.97617	-232.9785	162.0023	0.2443731	0.9379034	1.67359
13980	-73.01403	-234.994	161.98	0.6240686	0.9699454	1.100558
13986	-71.52887	-231.3068	159.7779	2.261401	0.4161978	2.139377
13992	-75.59551	-236.5023	160.9068	1.232511	0.3381088	1.895911
13998	-79.76858	-240.0121	160.2435	1.743151	0.1162214	2.2297
14004	-80.93973	-240.8163	159.8766	2.779395	0.7110564	1.701169
14010	-83.3411	-243.6224	160.2813	0.9433458	0.6778641	2.263657
14016	-71.45129	-231.1796	159.7283	1.265964	0.3301714	2.640659
14022	-75.25078	-235.4238	160.173	1.055146	0.1772512	2.576919
14028	-77.09402	-235.1696	158.0756	0.7836651	0.158052	4.000293
14034	-82.34695	-243.7773	161.4304	0.4984392	0.07037999	2.28681
14040	-86.38348	-246.4145	160.031	0.6217464	0.2799082	2.907462
14046	-86.25371	-246.6789	160.4252	0.9704572	0.285752	2.403755
14052	-67.69559	-227.2591	159.5635	0.430895	0.05121677	3.501707
14058	-66.44955	-226.1728	159.7233	0.3493389	0.08514497	3.482108
14064	-61.00108	-222.4663	161.4652	0.2614212	0.05755053	2.575773
14070	-67.54065	-228.9001	161.3595	0.1965498	0.239488	2.639605
14076	-85.43683	-245.2878	159.8509	0.4456704	0.1609868	3.25284
14082	-80.62746	-239.9697	159.3422	0.8011558	0.0428673	3.321187
14088	-72.86422	-233.7208	160.8566	0.3607392	0.1637438	2.745422
14094	-74.08423	-234.313	160.2288	0.4562479	0.5044578	2.809542
14100	-85.48845	-246.7298	161.2414	0.5328937	1.118662	1.673031
14106	-72.33503	-233.0829	160.7479	0.5328937	0.6582576	2.311619
14112	-74.55123	-236.0344	161.4832	0.5743058	0.9345539	1.585374
14118	-81.4865	-242.7716	161.2851	0.5743058	0.9305259	1.730117
14124	-72.21447	-233.9467	161.7322	0.6336267	1.034932	1.248183
14130	-83.95915	-244.7146	160.7554	2.020872	0.4371447	1.543967
14136	-101.9286	-262.5695	160.6409	1.654337	1.372709	1.061063
14142	-95.95401	-256.705	160.751	1.888784	1.106255	1.065738
14148	-82.31596	-243.5079	161.1919	1.21325	1.499707	0.6297669
14154	-74.37639	-236.0916	161.7152	0.5203592	1.790036	0.5852225
14160	-80.01979	-241.7495	161.7298	0.7306778	1.482637	0.5637157
14166	-78.0258	-240.2725	162.2467	0.3382347	1.482637	0.7948925
14172	-78.6491	-240.7395	162.0904	0.4718553	1.482637	0.6227715
14178	-86.01608	-247.9046	161.8885	0.4718553	1.668664	0.6588255
14184	-86.90387	-248.6207	161.7168	0.3813017	2.03468	0.5913656
14190	-86.2098	-247.4886	161.2788	1.032604	1.607273	0.5091629
14196	-89.06257	-250.855	161.7924	0.6360364	1.51687	0.646544
14202	-88.46893	-250.2082	161.7393	0.6080383	1.549217	0.7528892
14208	-73.24611	-235.2407	161.9946	0.5031009	1.549217	0.5368228
14214	-76.78435	-238.0198	161.2355	1.144909	0.8434742	1.3461
14220	-71.92902	-232.1159	160.1869	2.067158	0.5670429	1.836786
14226	-81.68698	-242.9403	161.2533	0.7513194	0.6260145	1.79702
14232	-83.06475	-243.8751	160.8103	1.550902	0.4535491	1.710902
14238	-78.28116	-239.033	160.7519	1.017183	0.5996449	1.957264
14244	-72.20502	-232.9301	160.7251	0.8667878	0.1610968	2.3628
14250	-76.05818	-235.5514	159.4932	1.6402	0.3514845	2.598098
14256	-75.60662	-235.8122	160.2055	1.6402	0.1796903	2.257603
14262	-70.18791	-231.2293	161.0414	0.5457085	0.6433597	2.11874
14268	-77.34468	-239.1813	161.8366	0.5457085	0.8513567	1.41539
14274	-68.6352	-229.7853	161.1501	0.9272844	0.838114	1.576728
14280	-65.20392	-226.8078	161.6039	0.3067652	0.945192	1.839558
14286	-61.74741	-223.143	161.3956	1.111687	0.9881276	1.114461
14292	-62.95467	-224.788	161.8333	0.4108726	1.059654	1.435264
14298	-68.46613	-230.0682	161.6021	0.6980727	0.96307	1.341902
14304	-70.96254	-232.6088	161.6462	0.6589531	0.96307	1.348195
14310	-80.60127	-240.5873	159.986	0.8035815	0.7890366	2.478388
14316	-91.6129	-252.2659	160.653	1.00224	0.03326519	2.399076
14322	-83.81438	-241.9642	158.1498	0.9708968	0.06953314	3.89003
14328	-76.17063	-236.3875	160.2169	0.7058711	0.4864994	2.598044
14334	-81.54129	-241.4752	159.9339	1.254	0.05182868	2.691624
14340	-85.21983	-243.7885	158.5686	0.426765	0.2131461	3.986821
14346	-79.88656	-237.9079	158.0213	0.762466	0.2616128	3.986821
14352	-74.11268	-234.8909	160.7782	1.196524	0.601293	1.825119
14358	-77.11964	-238.8078	161.6882	0.8939146	1.075366	0.9576448
14364	-76.6405	-238.0419	161.4014	0.8200307	0.9759289	1.372013
14370	-80.13808	-241.7487	161.6106	0.8688189	0.89419	1.223149
14376	-78.88141	-239.7945	160.9131	0.9681072	0.5340741	1.926098
14382	-73.52036	-234.0554	160.535	0.9841273	0.5086746	2.182037
14388	-68.23912	-228.4794	160.2403	0.9841273	0.2889136	2.509119
14394	-82.45667	-242.8413	160.3846	3.218564	0.3325477	1.469936
14400	-80.57799	-240.3734	159.7954	1.245254	0.06047918	2.775615
14406	-68.01949	-228.5286	160.5091	0.9987929	0.08570344	2.458826
14412	-71.11901	-231.0804	159.9614	3.956344	0.9500489	1.084913
14418	-76.57649	-237.5634	160.9869	2.077606	0.9136472	0.9084722
14424	-76.51816	-237.8254	161.3072	1.352673	0.9136472	1.074534
14430	-73.0582	-234.0201	160.9619	0.9919714	0.4044599	1.964185
14436	-77.51496	-238.853	161.338	1.229318	0.298141	1.624371
14442	-80.27247	-242.1838	161.9113	0.7608134	0.6381328	1.290648
14448	-71.09481	-232.6124	161.5176	0.5572959	0.6423585	1.787039
14454	-70.68474	-232.2935	161.6088	0.6085184	0.47511	1.787039
14460	-75.95026	-235.326	159.3757	1.218124	0.1979375	2.960558
14466	-75.44659	-235.7069	160.2603	0.9534006	0.3486184	2.478976
14472	-72.42605	-233.1398	160.7138	1.534191	0.6829974	1.624543
14478	-71.13137	-232.4994	161.3681	0.9148606	0.8836008	1.387792
14484	-69.89424	-230.5261	160.6318	0.255149	0.5509803	2.794566
14490	-78.8217	-240.2946	161.4729	0.9623298	0.869743	1.275073
14496	-78.57303	-237.21	158.6369	1.426723	0.223013	3.284885
14502	-65.86703	-226.8331	160.9661	1.119406	0.5451849	1.781754
14508	-72.07041	-233.8579	161.7875	0.7114194	0.7350237	1.361962
14514	-80.65613	-240.5999	159.9437	1.158498	0.5293901	2.440381
14520	-74.15259	-234.2858	160.1333	0.4980624	0.496598	2.828953
14526	-67.89861	-227.4061	159.5075	1.780925	0.5306752	2.418985
14532	-67.44829	-228.0302	160.582	1.497643	0.1483246	2.099293
14538	-79.93278	-240.6356	160.7028	1.249313	0.2229507	2.099293
14544	-70.71105	-230.3907	159.6797	2.441335	0.3767758	2.168501
14550	-78.85234	-238.9022	160.0499	1.223209	0.3077889	2.477223
14556	-75.76154	-237.381	161.6194	0.7102353	0.7650479	1.469906
14562	-77.33381	-238.4511	161.1173	1.612638	0.8161188	1.160143
14568	-79.43357	-238.6763	159.2427	1.733715	0.4609425	2.646498
14574	-78.02921	-237.3854	159.3562	1.924059	0.2276001	2.646498
14580	-87.14053	-247.7723	160.6317	0.594376	0.6505818	2.330965
14586	-80.67611	-241.7618	161.0857	0.4334012	0.6505818	2.208031
14592	-73.77778	-234.2646	160.4869	1.742234	0.6872494	1.681816
14598	-75.7226	-235.521	159.7984	1.923579	0.058151	2.47722
14604	-66.77583	-227.3459	160.57	1.469849	0.07350359	2.169367
14610	-74.52062	-234.4557	159.9351	1.199192	0.1317698	2.670601
14616	-67.13108	-227.1081	159.977	1.694493	0.5447503	2.145533
14622	-66.58034	-226.1586	159.5782	0.8866986	0.1892204	3.036642
14628	-79.03285	-238.5621	159.5293	3.438221	0.300532	2.03277
14634	-63.65269	-224.1917	160.539	1.156568	0.4766135	2.093264
14640	-71.58392	-231.481	159.8971	1.682281	0.712657	2.093264
14646	-78.58256	-240.2484	161.6659	0.4589091	0.9051325	1.609899
14652	-83.49187	-244.955	161.4631	0.468182	0.804852	1.812632
14658	-70.51991	-232.562	162.042	0.3851998	0.2275033	1.916319
14664	-75.18252	-237.129	161.9464	0.1938913	0.5149465	2.097491
14670	-69.1228	-230.6952	161.5724	0.3734835	0.5597434	2.0241
14676	-67.69024	-227.4658	159.7756	1.214985	0.8306935	2.324694
14682	-73.33121	-234.5428	161.2116	0.9838899	1.013847	1.351916
14688	-80.26662	-241.7756	161.509	0.5830496	1.203347	1.351916
14694	-76.7535	-237.0159	160.2624	0.6842427	0.6196307	2.504553
14700	-75.87119	-236.4055	160.5343	0.5444617	0.3658032	2.617773
14706	-81.64225	-241.7363	160.0941	1.004705	0.2395761	2.617773
14712	-82.29754	-243.3237	161.0261	0.1662207	0.4654751	2.764342
14718	-69.64845	-232.4867	162.8382	0.1360169	0.4274586	1.681522
14724	-70.07387	-232.1413	162.0674	0.2943082	1.305313	1.248392
14730	-85.5485	-246.3736	160.8251	0.7307076	0.8987039	1.920993
14736	-65.01525	-226.4461	161.4308	0.3598599	0.8131359	1.968061
14742	-72.20304	-233.8925	161.6894	0.5632907	1.197013	1.234141
14748	-66.33158	-228.1856	161.854	0.492054	1.228608	1.163184
14754	-74.54816	-235.558	161.0099	0.9080698	0.9003151	1.648149
14760	-78.7571	-240.5184	161.7613	0.6143666	0.889976	1.364189
14766	-77.54328	-239.4799	161.9366	0.4763456	0.9299905	1.364189
14772	-78.11094	-239.8239	161.713	0.422154	0.864654	1.652934
14778	-64.64551	-226.5858	161.9403	0.1780062	1.028957	1.788671
14784	-64.21727	-224.9238	160.7065	0.9086428	0.5690335	2.081994
14790	-67.93114	-228.0448	160.1136	1.252377	0.8358739	2.081994
14796	-71.85999	-232.5053	160.6453	0.811494	0.5050315	2.234293
14802	-67.4785	-228.8881	161.4096	0.200777	0.4079415	2.495996
14808	-81.94861	-240.4298	158.4812	0.8907152	0.2705276	3.631793
14814	-83.53324	-245.0477	161.5145	0.8907152	0.7642987	1.386999
14820	-77.56707	-237.5606	159.9935	1.93464	0.05308692	2.353196
14826	-85.31131	-245.4802	160.1689	0.3086818	0.5102824	3.020199
14832	-79.54786	-238.5729	159.0251	1.031175	0.4828688	3.102511
14838	-75.80818	-234.0603	158.2521	1.362334	0.4700083	3.395326
14844	-77.00742	-238.1562	161.1488	0.3261255	0.9815549	2.091257
14850	-79.80556	-240.4547	160.6491	1.598778	0.3827755	1.848673
14856	-72.5726	-233.114	160.5414	1.114681	0.02145323	2.408935
14862	-78.23406	-238.288	160.0539	0.8231917	0.03019676	2.889097
14868	-93.97267	-253.4512	159.4785	1.328169	0.1680443	2.861185
14874	-84.71694	-244.3754	159.6584	0.6691729	0.5402411	2.93568
14880	-69.82344	-230.497	160.6736	0.7783738	0.1644653	2.457741
14886	-69.06399	-230.0013	160.9373	1.501482	0.9184616	1.292708
14892	-68.94062	-229.1958	160.2552	1.3888	0.4983095	2.13802
14898	-85.6183	-246.1637	160.5454	0.8079528	0.376452	2.38277
14904	-86.05855	-245.6287	159.5701	1.528266	0.3681098	2.588998
14910	-90.64214	-250.4634	159.8212	1.528266	0.2588542	2.500717
14916	-80.6944	-240.5254	159.831	1.79927	0.06514836	2.500717
14922	-82.99327	-241.0564	158.0632	1.606322	0.2952957	3.502236
14928	-92.63712	-252.8956	160.2584	1.187634	0.6628695	2.136993
14934	-82.15571	-242.68	160.5243	1.049931	0.3512238	2.248654
14940	-81.6244	-242.1335	160.5091	0.6841069	0.606842	2.357425
14946	-92.24655	-252.1129	159.8664	0.7341613	1.088038	2.41873
14952	-78.83288	-241.2523	162.4194	0.1710582	0.7617781	1.655132
14958	-83.31296	-243.8224	160.5094	1.095827	0.6389774	2.042341
14964	-71.87803	-232.2954	160.4173	1.119819	0.3159619	2.297706
14970	-80.88584	-240.6522	159.7664	0.8873313	0.7728053	2.566274
14976	-76.43106	-238.2057	161.7746	0.5394546	0.9751364	1.374875
14982	-94.16022	-253.7635	159.6033	1.180953	0.3952411	2.722374
14988	-92.42801	-252.0025	159.5745	1.265286	0.1749257	2.830107
14994	-81.38905	-241.9815	160.5924	0.6636614	0.5069786	2.385192
15000	-79.20482	-239.8082	160.6033	0.592753	0.579967	2.395262
15006	-77.16641	-238.2134	161.047	0.5324638	0.2281106	2.395262
15012	-73.14589	-234.8277	161.6818	0.5324638	0.684536	1.669043
15018	-77.24618	-237.4281	160.1819	0.7402274	0.7020482	2.458248
15024	-80.98106	-241.3358	160.3547	1.015169	0.5366268	2.26032
15030	-76.33511	-237.9714	161.6363	0.3368043	0.4957862	2.074753
15036	-68.61511	-230.5875	161.9723	0.4010243	0.9233136	1.447575
15042	-73.48843	-234.5885	161.1	0.5070271	0.3256034	2.325732
15048	-71.07348	-230.5769	159.5035	0.5679714	0.3865438	3.206153
15054	-72.72871	-233.585	160.8563	0.649055	0.1159477	2.477789
15060	-75.49418	-235.4088	159.9146	0.649055	0.09033763	3.068326
15066	-73.75308	-234.7423	160.9892	0.6356339	0.3480749	2.258163
15072	-79.8417	-238.726	158.8843	0.6356339	0.5845929	3.396431
15078	-66.22605	-226.5997	160.3737	0.8247911	0.3686427	2.483429
15084	-68.11692	-228.4167	160.2998	1.12566	0.2800349	2.391817
15090	-70.09413	-230.5141	160.42	0.7421828	0.2401401	2.596285
15096	-76.59542	-237.59	160.9946	0.7421828	0.348449	2.163684
15102	-65.24652	-226.0235	160.7769	0.5451566	0.8462796	2.159422
15108	-66.51233	-227.4401	160.9278	1.527695	0.8462796	1.343154
15114	-69.58572	-231.2216	161.6359	0.8496825	1.087673	1.046505
15120	-69.1137	-229.0873	159.9736	1.67463	0.3851198	2.259613
15126	-72.66512	-233.5336	160.8685	0.8600429	0.1869724	2.259613
15132	-66.89079	-227.7803	160.8895	1.070036	0.06061084	2.188081
15138	-60.73828	-222.2195	161.4812	0.9356635	0.1265743	1.839654
15144	-67.50673	-228.5603	161.0535	1.862646	0.6585151	1.209815
15150	-74.9835	-233.4341	158.4506	1.184804	0.03705652	3.618387
15156	-70.07423	-232.1335	162.0592	0.1627955	0.1233655	2.341576
15162	-66.73347	-227.5638	160.8304	0.9067171	0.06526442	2.329053
15168	-64.06156	-225.2399	161.1783	1.19318	0.005933801	1.959815
15174	-63.04112	-224.0114	160.9703	1.19318	0.06302143	2.060262
15180	-66.9788	-227.2876	160.3088	2.419718	0.2302378	1.854429
15186	-80.95325	-240.2214	159.2682	2.419718	0.3878969	2.431321
15192	-71.41973	-231.9993	160.5796	0.3498034	0.5686851	2.680977
15198	-66.19701	-227.2276	161.0306	1.001683	0.6869019	1.716236
15204	-74.73479	-235.8609	161.1261	2.010451	0.2623602	1.400179
15210	-73.65459	-235.0536	161.399	1.112084	1.046817	1.056522
15216	-67.13687	-227.6725	160.5356	2.28431	1.046817	1.111959
15222	-73.02508	-232.8017	159.7766	1.948536	0.7857735	2.013036
15228	-82.22918	-242.1494	159.9202	1.683951	0.2990467	2.344684
15234	-78.24954	-239.194	160.9445	0.9485904	0.3451401	2.044857
15240	-71.00003	-231.7847	160.7846	1.075539	0.379051	2.044857
15246	-77.07312	-237.1452	160.0721	1.075539	0.5835671	2.37338
15252	-80.95883	-241.0711	160.1123	1.507257	0.657298	2.068779
15258	-71.21079	-232.579	161.3682	1.430344	0.8390644	1.029885
15264	-71.46302	-232.117	160.654	1.961704	1.510547	0.3996257
15270	-68.98251	-231.5355	162.553	0.1239377	1.802896	0.3040453
15276	-66.60985	-228.6774	162.0675	0.4489673	1.567332	0.4555454
15282	-72.11539	-233.1208	161.0054	1.544476	1.317264	0.8098779
15288	-71.20017	-231.9736	160.7734	1.676534	1.349835	0.9360623
15294	-64.12734	-226.1059	161.9786	0.2277161	1.970072	0.2590298
15300	-67.62927	-229.7574	162.1281	0.2063488	1.970072	0.3193087
15306	-75.27317	-237.72	162.4469	0.5677934	0.9522981	0.6657481
15312	-70.32812	-231.6231	161.295	0.9222864	0.9522981	1.385042
15318	-81.18566	-241.9847	160.799	2.022416	1.199031	0.8310779
15324	-89.22874	-249.9133	160.6846	2.772892	0.8067338	0.9698464
15330	-72.25734	-233.1082	160.8509	0.6239573	0.4605612	2.285219
15336	-67.94077	-228.8729	160.9321	1.49242	0.2001908	1.83215
15342	-68.52109	-229.3645	160.8434	1.531069	1.093145	1.207409
15348	-78.90929	-241.0307	162.1214	0.4657004	0.9550069	1.207409
15354	-72.87639	-234.1207	161.2443	1.268349	1.321068	0.7700659
15360	-65.43223	-226.2116	160.7794	1.603984	0.8748394	1.394845
15366	-70.89325	-232.0153	161.1221	1.255511	0.6937868	1.475251
15372	-74.52583	-235.1737	160.6479	1.346082	0.7737704	1.708696
15378	-77.01172	-237.2457	160.2339	1.564426	1.095204	1.657622
15384	-64.16362	-224.944	160.7804	0.4297975	1.072823	2.136371
15390	-66.74184	-227.266	160.5241	0.9578841	0.1581989	2.429935
15396	-70.90303	-229.9534	159.0503	1.788476	0.05709935	2.987475
15402	-72.69197	-231.8626	159.1707	1.52109	0.3120461	2.871056
15408	-78.04732	-238.5981	160.5508	0.6123786	0.5621977	2.421704
15414	-75.30436	-235.4398	160.1354	2.926288	0.8733086	1.338103
15420	-66.17105	-227.9306	161.7595	0.7989184	0.5388748	1.452213
15426	-72.20484	-233.0768	160.8719	0.9636807	0.4821838	1.991616
15432	-70.31477	-232.5613	162.2466	0.4011606	0.9777182	1.181633
15438	-75.8082	-237.789	161.9808	0.2972932	0.7953561	1.696545
15444	-82.44909	-245.1078	162.6587	0.1629665	1.487613	0.8566569
15450	-88.11839	-249.7978	161.6794	0.2757344	2.207838	0.2991361
15456	-80.69271	-241.708	161.0153	0.5414745	2.221002	0.2250097
15462	-78.33592	-239.3454	161.0095	0.4395156	2.221002	0.1682952
15468	-77.63175	-238.743	161.1113	0.5649948	2.178583	0.2684983
15474	-89.16434	-251.4775	162.3131	0.3619906	0.855287	1.293951
15480	-84.92363	-246.2692	161.3456	0.7442328	1.725015	0.2848917
15486	-87.27053	-247.6851	160.4146	1.955442	1.725015	0.355632
15492	-91.72438	-251.6755	159.9511	2.465692	1.887606	0.3300963
15498	-87.96367	-248.6319	160.6683	1.235824	1.933782	0.309215
15504	-75.23815	-235.4612	160.2231	1.40774	0.09477956	2.407921
15510	-70.75079	-231.3393	160.5886	1.708318	0.1598191	1.989966
15516	-60.58025	-220.652	160.0718	0.5703271	0.566851	2.754083
15522	-63.47813	-223.1972	159.719	0.8594113	0.625384	2.705531
15528	-70.96888	-232.1149	161.1461	0.5255839	1.333762	1.595098
15534	-92.80413	-254.1083	161.3042	0.6348142	1.333762	1.351856
15540	-75.35894	-237.2889	161.9299	0.415372	1.192077	1.245657
15546	-74.98953	-236.0644	161.0749	1.074711	1.031913	1.375424
15552	-62.23528	-223.6909	161.4556	0.2676834	0.5972655	2.230997
15558	-75.15195	-236.4287	161.2767	0.2676834	0.8091745	2.209648
15564	-89.07068	-250.2115	161.1408	0.7637643	0.4068276	2.011631
15570	-85.0669	-246.0435	160.9766	0.3887078	0.3955722	2.493113
15576	-82.63548	-243.0769	160.4415	0.6272021	0.264954	2.661695
15582	-75.09098	-236.9381	161.8471	0.3230391	1.882355	0.2681885
15588	-89.90187	-251.1907	161.2888	0.6144086	2.016322	0.3347668
15594	-83.6331	-244.9443	161.3112	0.5546369	2.016322	0.2818788
15600	-84.062	-244.1723	160.1103	0.4655067	0.1158776	3.104939
15606	-87.05851	-246.2822	159.2237	1.292675	0.8134085	2.640177
15612	-74.03683	-234.405	160.3682	2.10817	0.4178879	1.798577
15618	-70.75796	-231.083	160.3251	1.915218	0.8146532	1.628394
15624	-74.30635	-235.3794	161.0731	0.9553779	0.8146532	1.628394
15630	-73.55223	-235.8213	162.2691	0.3814398	0.4209806	1.628394
15636	-72.32612	-232.1629	159.8368	0.3613456	0.4836766	3.165985
15642	-73.04884	-233.6794	160.6305	0.8849914	0.3274089	2.304378
15648	-74.62232	-235.3352	160.7128	2.559579	0.7553632	1.089319
15654	-80.32429	-241.0064	160.6822	2.559579	1.115621	0.7117317
15660	-80.85725	-240.6087	159.7515	1.321555	0.5164438	2.482106
15666	-78.11392	-239.1385	161.0246	0.5032286	0.3685792	2.350344
15672	-76.65916	-238.6287	161.9695	0.7339106	0.8488171	1.087038
15678	-70.42909	-231.2814	160.8523	0.8465778	0.9291155	1.786813
15684	-74.75686	-234.8219	160.0651	0.9381296	0.5400328	2.491305
15690	-72.78687	-234.311	161.5241	1.295289	0.2631825	1.471825
15696	-67.81817	-228.7303	160.9122	0.8354817	0.8864741	1.783634
15702	-67.49958	-227.2999	159.8003	0.5903812	0.7570175	2.78547
15708	-81.26178	-240.8117	159.5499	1.07769	0.4396242	2.78547
15714	-77.53855	-236.8745	159.3359	0.6359889	0.3664087	3.258757
15720	-71.28092	-231.8926	160.6117	1.224539	0.1452078	2.222894
15726	-66.08424	-226.4116	160.3274	1.157755	0.114858	2.460177
15732	-65.82169	-226.242	160.4203	1.336712	0.2356007	2.228015
15738	-82.0612	-242.3177	160.2565	1.726255	0.4968589	1.978742
15744	-81.97966	-242.1836	160.204	1.262896	0.8923252	1.978742
15750	-88.01536	-249.9195	161.9041	0.589927	1.472117	0.3789033
15756	-82.92463	-243.5373	160.6127	2.049927	1.472117	0.3563849
15762	-83.64694	-244.6106	160.9637	1.264207	1.686934	0.3936398
15768	-76.38954	-237.3687	160.9792	0.8132386	2.073991	0.3389686
15774	-64.68116	-226.3636	161.6825	0.7882217	1.018233	1.133566
15780	-66.93762	-228.5866	161.649	0.7901291	1.049419	1.133566
15786	-72.4016	-233.9185	161.5169	0.7366068	1.153807	1.214642
15792	-70.95037	-232.3449	161.3946	0.6498987	0.9422563	1.565253
15798	-73.8635	-234.8644	161.0009	0.6499188	1.242888	1.6329
15804	-66.78099	-227.6019	160.8209	0.9481218	0.7643589	1.846184
15810	-70.01292	-230.3575	160.3446	3.724676	0.5801616	1.145956
15816	-73.77977	-233.9175	160.1377	2.557038	0.7343442	1.571129
15822	-69.89612	-231.3576	161.4615	0.6328223	0.8959651	1.567492
15828	-72.51963	-233.2246	160.7049	0.611225	1.003661	2.038619
15834	-67.65201	-228.3747	160.7227	1.16383	1.161276	1.483789
15840	-70.58914	-232.1033	161.5142	0.6908967	1.149971	1.269266
15846	-68.95075	-230.9529	162.0022	0.3885786	0.60847	1.67521
15852	-68.27618	-229.828	161.5518	0.5779806	0.7029871	1.698626
15858	-72.40506	-233.2352	160.8301	0.7682239	0.8510143	1.918463
15864	-78.64265	-237.227	158.5843	1.471285	0.1930331	3.313751
15870	-75.53773	-236.552	161.0143	1.211563	0.9995004	1.351061
15876	-67.29389	-229.0603	161.7664	0.2378441	0.9995004	1.808164
15882	-71.04831	-231.8162	160.7679	0.8069464	0.2862636	2.299373
15888	-77.5947	-238.7728	161.1781	0.6082881	0.9205072	1.777079
15894	-80.093	-240.9827	160.8897	1.141236	0.6288299	1.762828
15900	-71.56199	-231.4259	159.8639	0.6002215	0.2496058	3.044651
15906	-72.8733	-234.2016	161.3283	0.1577536	0.07460335	2.835667
15912	-72.68742	-233.0039	160.3165	1.429426	0.4582363	2.103649
15918	-74.28736	-233.9925	159.7051	1.116251	0.1901266	2.820931
15924	-82.93695	-243.0413	160.1044	1.316036	0.4680926	2.292307
15930	-79.73798	-239.556	159.818	1.316036	0.1090283	2.696152
15936	-65.13736	-225.8221	160.6848	1.316036	0.02529389	2.203802
15942	-79.38064	-239.3184	159.9378	1.687642	0.02655234	2.503731
15948	-81.25104	-242.2164	160.9653	0.7172247	0.06352529	2.385276
15954	-84.36182	-245.1344	160.7726	0.4501744	0.2571684	2.634514
15960	-77.75932	-238.4205	160.6612	0.3951104	0.1512322	2.83012
15966	-73.37467	-234.0854	160.7107	0.3348979	0.1261986	2.890164
15972	-70.9433	-232.7981	161.8548	1.064567	0.3040025	1.341856
15978	-69.75908	-230.6647	160.9056	1.933521	0.3081344	1.56649
15984	-68.86654	-228.6867	159.8201	1.033924	0.07297968	2.86954
15990	-67.46408	-228.7785	161.3144	0.2250665	0.1209103	2.689478
15996	-66.46169	-227.6079	161.1462	0.4411047	0.0875197	2.518015
16002	-70.67838	-231.3202	160.6418	0.3893109	0.9443464	2.357566
16008	-70.44876	-231.1573	160.7085	0.4516918	0.7613461	2.357566
16014	-68.18218	-226.8448	158.6626	0.3903607	0.2237936	3.966558
16020	-78.5553	-237.647	159.0917	0.6237374	0.1172629	3.557989
16026	-72.47708	-233.3968	160.9197	0.4240258	0.06300331	2.692637
16032	-78.56748	-238.5949	160.0274	1.313004	0.05650809	2.600983
16038	-80.14913	-240.1974	160.0483	1.099649	0.826114	2.219069
16044	-72.87936	-232.5493	159.67	0.3972413	0.2478788	3.361355
16050	-69.81304	-230.9889	161.1758	0.5774514	0.06821203	2.371166
16056	-65.73884	-225.6666	159.9278	1.313635	0.1184097	2.62398
16062	-79.07869	-238.3392	159.2605	0.772102	0.4760593	3.133754
16068	-76.93696	-237.7125	160.7755	0.6421465	0.6054504	2.224201
16074	-70.85691	-230.8873	160.0304	0.3918274	0.9566768	2.727527
16080	-69.64159	-229.3638	159.7222	1.008655	0.5125783	2.67627
16086	-71.89704	-232.7013	160.8042	0.389036	0.5896372	2.479136
16092	-69.4579	-230.0845	160.6267	0.9881001	0.6293837	2.04028
16098	-83.51775	-244.4925	160.9748	0.3879911	0.834044	2.216744
16104	-85.63597	-246.2607	160.6248	2.115323	1.157421	1.009955
16110	-64.35673	-226.6392	162.2824	0.3058871	1.262117	1.073578
16116	-71.36722	-232.1403	160.7731	1.901453	0.6030398	1.459742
16122	-73.86948	-234.0149	160.1454	0.7590096	0.4441591	2.627035
16128	-70.04842	-231.7757	161.7273	0.556763	1.166881	1.236014
16134	-68.06194	-230.4698	162.4078	0.4051513	1.178097	0.8051997
16140	-79.61645	-239.9271	160.3106	0.4660688	1.044764	2.413998
16146	-71.70046	-233.6676	161.9671	0.5059203	1.134918	1.125584
16152	-74.96618	-235.3327	160.3665	2.424403	1.128554	1.125584
16158	-72.63314	-233.6831	161.05	1.129128	0.5296556	1.727718
16164	-82.70918	-242.6533	159.9442	0.6004835	0.8856487	2.609134
16170	-72.67877	-233.5983	160.9195	0.7673038	0.7045474	1.957686
16176	-77.04896	-238.0877	161.0388	0.4731003	0.6320859	2.204911
16182	-78.26777	-237.7703	159.5025	0.3030529	0.3909277	3.492163
16188	-82.31539	-243.9859	161.6705	0.8114753	0.9376054	1.190755
16194	-75.22081	-236.198	160.9772	0.8114753	0.8948533	1.751771
16200	-73.60757	-234.194	160.5865	1.315402	0.4034071	2.02082
16206	-74.6121	-234.8792	160.2671	0.2798236	0.398383	3.069136
16212	-72.58974	-234.1448	161.555	0.4778952	0.6570015	1.839654
16218	-70.56149	-232.347	161.7855	0.04570701	0.6570015	2.487997
16224	-66.66215	-227.0871	160.425	0.3236476	0.2788479	2.985208
16230	-75.14365	-236.0145	160.8709	0.3236476	0.8417292	2.3642
16236	-76.73769	-237.6195	160.8818	1.221098	1.012469	1.437855
16242	-75.2771	-236.981	161.7039	0.6533201	1.436042	0.8645414
16248	-77.72031	-240.2691	162.5488	0.2007801	1.402512	0.9418174
16254	-75.95408	-237.6125	161.6584	0.4987666	0.979054	1.510977
16260	-66.22627	-228.4664	162.2401	0.4975208	1.052252	0.9553838
16266	-82.82401	-243.8206	160.9966	1.39274	0.6784736	1.497752
16272	-77.36489	-237.3193	159.9544	1.799178	0.02173335	2.450656
16278	-72.37846	-232.5025	160.1241	1.194461	0.3965247	2.390386
16284	-64.54329	-224.8296	160.2863	0.9784257	0.4656076	2.372741
16290	-85.47525	-246.3677	160.8924	0.3695269	0.7123195	2.37084
16296	-79.34335	-239.572	160.2286	0.5923669	0.3605906	2.764219
16302	-74.78909	-235.2324	160.4433	1.338622	0.4919424	2.044633
16308	-82.75904	-243.1704	160.4114	2.964314	0.8193066	1.137888
16314	-69.02218	-230.2697	161.2475	1.727599	0.5017904	1.251079
16320	-76.89258	-237.7434	160.8509	1.452209	0.5647051	1.654499
16326	-84.97698	-245.2307	160.2537	3.819792	0.2521712	1.459539
16332	-74.85951	-235.0742	160.2147	2.541508	0.5111677	1.682113
16338	-71.23623	-232.238	161.0018	1.284152	0.5220365	1.671893
16344	-70.82789	-231.4004	160.5725	1.07808	0.8325937	1.88124
16350	-70.4363	-229.7201	159.2838	1.189091	0.1548346	3.056641
16356	-66.26814	-226.1148	159.8467	0.8913006	0.3065053	2.800872
16362	-64.49372	-226.3575	161.8637	0.909713	0.6202781	1.20288
16368	-79.65163	-240.0495	160.3979	1.282201	0.7264049	1.949189
16374	-88.44589	-249.0797	160.6338	0.3895873	0.06384199	2.906155
16380	-80.48563	-240.5914	160.1057	0.442305	0.1790267	3.094489
16386	-74.20934	-235.8644	161.655	0.5521657	0.6534903	1.688269
16392	-82.25127	-243.5692	161.3179	0.3705551	1.310352	1.688269
16398	-76.27165	-238.2647	161.9931	0.4334882	1.26739	1.095378
16404	-70.77574	-232.5507	161.775	0.7418463	1.26739	0.8428625
16410	-75.42684	-236.5313	161.1044	0.7291179	1.395243	1.362223
16416	-75.31541	-237.2587	161.9433	0.5006136	1.028218	1.246079
16422	-78.54523	-239.8645	161.3193	0.6921636	1.028218	1.515373
16428	-82.87918	-244.5301	161.6509	0.5603219	1.028218	1.40483
16434	-79.42159	-240.913	161.4914	0.9290595	1.226856	0.9655955
16440	-71.91598	-233.2136	161.2976	0.9671464	1.349622	0.9975999
16446	-79.30104	-239.9206	160.6196	1.20905	1.254139	1.461448
16452	-70.52699	-232.1554	161.6284	0.4325739	0.5517873	1.915896
16458	-73.54813	-233.7494	160.2012	1.320071	0.5439255	2.178949
16464	-74.44505	-235.0438	160.5987	0.629565	0.3767678	2.492708
16470	-76.56154	-237.7372	161.1757	0.2977895	1.122869	2.022671
16476	-82.29462	-244.0047	161.71	0.9210182	0.5921504	1.342761
16482	-84.75485	-247.3188	162.564	0.2676621	1.345194	0.772705
16488	-86.82369	-248.0684	161.2448	0.7478924	1.345194	1.270464
16494	-83.10562	-245.8357	162.7301	0.1048478	1.102935	1.348476
16500	-76.96338	-238.522	161.5586	0.7525107	1.153601	1.16179
16506	-71.85716	-231.8139	159.9568	3.200703	0.8526371	1.404709
16512	-68.53471	-228.6343	160.0996	3.28878	0.9533357	1.176946
16518	-71.98124	-233.2809	161.2997	0.6534687	0.6090255	1.864295
16524	-75.40155	-234.4348	159.0333	0.7320189	0.1909788	3.464875
16530	-79.9098	-240.6851	160.7753	1.1538	0.2464234	2.090886
16536	-76.58274	-237.2668	160.684	0.4390174	0.6038046	2.486561
16542	-70.53017	-231.6764	161.1462	1.255902	0.9640837	1.24168
16548	-64.95238	-226.6879	161.7355	0.6344227	1.128235	1.164742
16554	-71.16349	-232.2754	161.1119	1.754997	0.9824105	0.9110109
16560	-77.96203	-239.8008	161.8388	0.4746954	1.168012	1.253002
16566	-76.33233	-237.687	161.3547	0.878112	1.168012	1.199163
16572	-73.18602	-234.6604	161.4744	1.184924	1.168012	0.7620893
16578	-72.83039	-234.1807	161.3503	1.186713	1.152886	0.9310532
16584	-83.26879	-244.8683	161.5995	0.3658131	1.340141	1.467286
16590	-71.11397	-233.3887	162.2747	0.3122673	1.049585	1.254143
16596	-74.00703	-234.5381	160.531	1.775902	1.047289	1.364085
16602	-70.09246	-232.3882	162.2958	0.3637141	0.7816259	1.364085
16608	-68.82656	-229.5809	160.7543	1.137524	0.9559753	1.629222
16614	-73.85875	-235.5094	161.6506	0.5703378	0.6905097	1.645184
16620	-68.51813	-230.7845	162.2664	0.3082993	1.010329	1.300672
16626	-65.29746	-226.711	161.4135	0.8704437	0.9757285	1.317027
16632	-74.45841	-236.0847	161.6263	1.160621	0.4094857	1.369086
16638	-76.94176	-238.2443	161.3026	0.9561943	1.104603	1.226584
16644	-79.29591	-240.9156	161.6197	0.8203241	1.35686	0.8066671
16650	-75.35814	-236.3727	161.0146	1.614162	1.35775	0.6521352
16656	-70.82154	-231.8772	161.0556	1.614162	1.288196	0.7061867
16662	-75.11825	-235.9902	160.8719	2.013074	0.665107	1.280442
16668	-75.72127	-236.8544	161.1331	0.9530742	0.6567403	1.700089
16674	-78.50801	-240.2035	161.6954	0.5787201	0.8889571	1.456295
16680	-77.66182	-238.5325	160.8707	0.5787201	0.9744775	1.979361
16686	-76.59937	-238.9255	162.3261	0.08172178	0.8579932	1.89302
16692	-70.3144	-231.2509	160.9365	0.6303459	0.2759377	2.342651
16698	-70.31517	-229.901	159.5859	1.855328	0.3972461	2.42404
16704	-64.43702	-224.1676	159.7306	0.9355592	0.4117584	2.778595
16710	-61.97157	-222.2264	160.2548	0.9355592	0.3267205	2.507704
16716	-66.48674	-226.7221	160.2353	1.275995	0.1464186	2.434107
16722	-78.57929	-237.9934	159.4141	0.733003	0.5389709	3.033347
16728	-75.00043	-235.436	160.4356	1.846434	0.1329093	2.05043
16734	-82.70556	-243.1439	160.4383	1.846434	0.1301654	2.05043
16740	-76.3189	-237.4669	161.148	1.483163	0.8075087	1.221129
16746	-79.53497	-240.7541	161.2192	0.8743762	0.9306503	1.499397
16752	-75.31281	-235.6054	160.2926	2.059802	0.9306503	1.504386
16758	-74.51368	-235.7188	161.2051	1.705156	0.03714485	1.650586
16764	-72.10814	-231.9583	159.8501	2.044591	0.0840475	2.383391
16770	-76.69627	-235.7976	159.1014	2.102105	0.189906	2.762175
16776	-64.47305	-225.1892	160.7161	0.5890945	0.4122435	2.433296
16782	-67.16232	-227.7783	160.616	1.72096	0.6182058	1.648877
16788	-75.49682	-235.162	159.6652	1.40145	0.4713762	2.52467
16794	-68.75713	-230.466	161.7089	0.4313142	0.7182884	1.74754
16800	-66.6015	-228.5098	161.9083	0.1544278	0.6869095	2.0935
16806	-71.42645	-234.1491	162.7227	0.1544278	0.919787	1.350839
16812	-70.70929	-233.4848	162.7755	0.2132438	1.097899	0.9848705
16818	-71.90874	-233.9029	161.9942	0.5660979	1.403792	0.6732051
16824	-79.77006	-242.0756	162.3056	0.3894353	1.402018	0.6607323
16830	-77.82667	-240.1314	162.3048	0.3733743	1.402018	0.720197
16836	-82.09825	-243.6421	161.5439	0.5464866	1.053726	1.483464
16842	-88.4095	-249.5245	161.115	0.6905821	0.7647379	1.850089
16848	-101.4584	-261.1559	159.6974	0.7671934	0.48761	2.868213
16854	-79.20952	-239.478	160.2685	1.38869	0.461824	2.153177
16860	-77.58542	-237.8022	160.2168	0.893411	0.07757632	2.713245
16866	-82.61115	-242.1375	159.5264	1.370396	0.3292958	2.713245
16872	-74.59847	-234.9028	160.3043	0.6226999	0.3245424	2.713245
16878	-75.43776	-236.0323	160.5946	1.440918	0.2347271	2.061993
16884	-77.78094	-237.8376	160.0567	0.6271288	0.1464742	2.967806
16890	-90.22588	-250.2776	160.0517	0.5163798	0.318361	2.967806
16896	-85.57087	-246.3037	160.7328	0.5163798	0.2998909	2.563227
16902	-80.12175	-241.5135	161.3918	0.5747759	0.6313686	1.863038
16908	-84.43778	-241.9042	157.4664	1.871389	0.2775036	3.757852
16914	-88.07925	-249.0942	161.015	0.7775911	0.9380921	1.723141
16920	-73.62801	-234.3698	160.7418	0.8292556	0.728301	2.011622
16926	-72.28281	-233.4665	161.1837	0.4241879	0.153233	2.47284
16932	-75.63158	-236.8034	161.1718	1.010867	0.0526035	2.046119
16938	-73.27836	-234.0971	160.8188	0.5149933	0.03866722	2.672915
16944	-71.79893	-232.0076	160.2087	0.7619309	0.2966501	2.676721
16950	-65.99239	-226.8372	160.8448	0.4442284	0.1269956	2.676721
16956	-68.36258	-229.6287	161.2662	0.9705364	0.7819681	1.499011
16962	-73.08445	-235.1091	162.0246	0.5119174	0.7819681	1.364715
16968	-77.23632	-239.531	162.2947	0.326651	1.214621	1.062708
16974	-69.60555	-232.5664	162.9608	0.1255086	0.9060076	1.254029
16980	-67.95325	-230.2518	162.2986	0.1521384	0.8714609	1.708443
16986	-74.48925	-235.1024	160.6131	0.7571678	1.003927	1.970678
16992	-70.11551	-229.7053	159.5897	0.7720125	0.5365371	2.900221
16998	-61.90983	-222.8242	160.9144	0.4007964	0.6815089	2.337211
17004	-67.28659	-227.5888	160.3022	0.8649734	0.615095	2.344353
17010	-74.88624	-234.8126	159.9264	0.8514332	0.3787748	2.735073
17016	-74.21604	-233.5258	159.3098	1.909736	0.0819086	2.769639
17022	-72.06524	-232.0518	159.9866	1.87806	0.1100394	2.343308
17028	-61.65514	-222.6464	160.9913	0.7627346	0.04689173	2.343308
17034	-61.12949	-221.7029	160.5734	2.697079	0.3701911	1.468497
17040	-67.68576	-228.4917	160.806	2.697079	0.1269248	1.476575
17046	-69.0987	-229.074	159.9753	2.697079	0.1736705	2.026918
17052	-67.15601	-227.4557	160.2997	1.053635	0.1606955	2.509268
17058	-73.87191	-233.8075	159.9356	2.387042	0.1340929	2.177751
17064	-65.11308	-225.4583	160.3452	0.4884999	0.1051153	2.947153
17070	-77.85851	-238.6472	160.7887	0.8649158	0.2037782	2.296492
17076	-72.43544	-234.2972	161.8618	0.2875663	0.9480076	1.689044
17082	-72.25065	-233.2761	161.0255	0.9772125	0.5045275	1.863498
17088	-68.39752	-229.2365	160.839	0.5789399	0.4719154	2.327272
17094	-66.88578	-228.9714	162.0856	0.3835798	1.002239	1.323809
17100	-63.23107	-226.0207	162.7896	0.2188653	1.077655	0.9747039
17106	-71.98941	-232.5263	160.5369	0.5824013	0.8150372	2.297832
17112	-78.5804	-240.3018	161.7214	0.1219063	0.8105395	2.212246
17118	-74.61315	-235.3816	160.7684	0.7690167	0.1421218	2.419236
17124	-71.24882	-232.307	161.0582	0.4270471	0.5150862	2.320117
17130	-60.68137	-220.9893	160.3079	0.7127463	0.2433531	2.686406
17136	-56.12548	-217.9044	161.7789	0.3730523	0.6850264	1.799952
17142	-67.77028	-229.7506	161.9803	0.7578227	1.025723	0.8628938
17148	-77.45372	-239.845	162.3913	0.4491267	1.001227	0.9373458
17154	-82.03221	-244.107	162.0748	0.2133596	0.7886054	1.787794
17160	-88.64784	-249.6941	161.0462	0.7782144	0.8136208	1.787794
17166	-81.27902	-242.1911	160.9121	1.262319	0.6264682	1.674362
17172	-92.79845	-253.314	160.5156	1.108478	0.5868722	2.064958
17178	-73.74648	-234.7333	160.9868	0.4660468	0.4824563	2.341916
17184	-75.91326	-237.2621	161.3488	0.4662433	1.1609	1.644883
17190	-65.34664	-226.5238	161.1771	0.786134	0.7811108	1.712265
17196	-70.90146	-231.5276	160.6262	0.7854765	0.8739397	2.025797
17202	-71.40729	-231.6652	160.2579	0.5880621	0.6070474	2.598658
17208	-75.63359	-236.8866	161.253	0.6130236	0.8732764	1.753038
17214	-77.21495	-237.8214	160.6064	1.242523	0.4718338	2.002273
17220	-78.99194	-237.7666	158.7747	0.6689849	0.3243805	3.585611
17226	-92.30605	-250.3787	158.0726	0.4959085	0.2697163	4.168297
17232	-83.16736	-245.3361	162.1687	0.2652042	1.803825	0.6807969
17238	-73.07625	-234.8372	161.7609	0.6207817	1.587996	0.6005311
17244	-77.38303	-239.8185	162.4355	0.2027744	1.63867	0.7887447
17250	-70.08334	-232.5538	162.4704	0.2735685	1.436546	0.7545772
17256	-75.80415	-238.0614	162.2572	0.4036305	1.436546	0.630306
17262	-71.53427	-232.431	160.8968	1.309742	1.647456	0.7510749
17268	-71.32231	-232.718	161.3957	0.8232561	1.701717	0.4301448
17274	-75.46799	-236.4818	161.0138	1.362837	1.581376	0.4715555
17280	-88.46362	-249.8944	161.4308	0.9339048	1.525703	0.6319973
17286	-89.57413	-251.335	161.7608	0.5755548	1.496519	0.8571758
17292	-77.38138	-238.4388	161.0574	1.059334	1.797074	0.5562272
17298	-72.35748	-233.4854	161.128	2.013788	0.9977385	0.6360602
17304	-70.54429	-232.0857	161.5415	0.7484693	1.63665	0.6054386
17310	-67.36906	-230.2868	162.9177	0.05378988	0.6519157	1.719416
17316	-78.97313	-240.3774	161.4043	0.1615312	0.8910457	2.27233
17322	-82.16506	-242.8927	160.7276	0.9933541	0.1090651	2.309207
17328	-73.23344	-234.0593	160.8259	0.6228759	0.2306327	2.447802
17334	-84.56082	-245.4996	160.9388	0.6448338	0.4393655	2.223613
17340	-85.32034	-246.47	161.1496	0.4123753	1.082772	1.905918
17346	-84.83204	-245.0211	160.1891	0.9118977	0.5596699	2.418571
17352	-68.88445	-230.3207	161.4363	0.2070315	0.4861484	2.418571
17358	-71.45658	-231.9578	160.5012	0.5215363	0.5984221	2.516393
17364	-80.92794	-242.3264	161.3985	0.1849199	0.6832925	2.360098
17370	-73.50541	-234.5642	161.0588	0.814065	0.2811655	2.109134
17376	-65.70589	-226.1731	160.4672	0.8166966	0.6388961	2.258841
17382	-72.88118	-233.4237	160.5425	1.078002	0.4309414	2.168047
17388	-73.12949	-232.864	159.7345	0.7996921	0.6325287	2.733759
17394	-70.59287	-230.4602	159.8673	1.572233	0.938666	2.013714
17400	-81.18285	-242.6317	161.4488	1.180924	0.1680141	1.668431
17406	-71.91643	-232.8466	160.9301	1.760109	0.3641299	1.586858
17412	-72.85402	-234.647	161.7929	0.2678523	0.5755396	2.024369
17418	-81.85863	-242.3126	160.4539	0.3081728	0.6058094	2.79106
17424	-71.73421	-232.3137	160.5795	0.2871823	0.3988241	2.870362
17430	-72.68902	-234.4111	161.7221	0.8683382	0.9647691	1.061523
17436	-82.29655	-242.9614	160.6648	0.5430713	0.9904651	2.14066
17442	-79.70233	-240.0961	160.3937	2.818139	0.9534896	1.090235
17448	-84.38829	-246.3211	161.9328	0.5381543	0.9199801	1.294097
17454	-88.21277	-249.4523	161.2395	1.118482	1.425007	0.8136133
17460	-78.45267	-239.6877	161.235	1.118482	1.197126	1.063909
17466	-74.08174	-235.7413	161.6595	0.9663341	1.105676	0.8713895
17472	-81.09498	-242.183	161.088	2.086655	0.947657	0.7267721
17478	-77.11792	-239.0933	161.9754	0.4559394	1.639738	0.5798578
17484	-77.76605	-240.1884	162.4224	0.2829237	1.481784	0.7236208
17490	-78.09906	-240.6597	162.5606	0.1274274	1.481784	1.094567
17496	-80.75951	-242.5026	161.7431	0.3062668	0.9280701	1.755787
17502	-85.37041	-246.6483	161.2778	0.9124049	0.8774218	1.464061
17508	-91.87888	-253.0843	161.2054	0.6490166	1.255388	1.473742
17514	-82.47518	-244.0007	161.5255	1.306738	0.5542945	1.231924
17520	-80.44733	-242.3513	161.9039	0.4421951	0.4786965	1.764888
17526	-73.70687	-233.7712	160.0644	0.4421951	0.4649002	2.948108
17532	-81.6027	-242.3268	160.7241	1.258023	1.911691	0.3625719
17538	-74.24637	-235.8892	161.6428	0.4880178	1.911691	0.4134819
17544	-62.39084	-224.9057	162.5148	0.2846346	1.130164	1.02541
17550	-65.28051	-227.0736	161.7931	0.3247725	1.205997	1.488323
17556	-72.61521	-234.1965	161.5813	0.8087619	1.463393	0.7280566
17562	-69.26064	-231.7153	162.4547	0.2214168	1.390755	0.9896519
17568	-67.33532	-229.7903	162.4549	0.1981571	1.202963	1.223113
17574	-67.54979	-229.4574	161.9076	0.3337659	1.060415	1.496873
17580	-68.50414	-228.5582	160.0541	0.7204973	0.6066973	2.612783
17586	-62.70722	-223.2472	160.54	0.7204973	0.1207725	2.612783
17592	-74.03551	-234.8703	160.8348	0.498359	0.1638423	2.60264
17598	-76.38749	-237.2276	160.8401	1.353076	0.4793955	1.776433
17604	-74.6603	-234.2697	159.6094	0.7507142	0.587975	2.873003
17610	-76.18149	-238.4306	162.2491	0.2703132	0.7311479	1.596753
17616	-74.01411	-235.6572	161.6431	0.5607701	1.104341	1.350691
17622	-69.40848	-230.5842	161.1758	0.6739621	0.5960639	1.938343
17628	-77.99451	-239.4228	161.4283	0.3018137	0.5798372	2.206733
17634	-91.08628	-251.2882	160.2019	3.698007	0.6991491	1.175123
17640	-73.89702	-234.1917	160.2946	0.803462	0.8628217	2.235755
17646	-80.86958	-242.2858	161.4163	0.4722169	0.6746755	1.928711
17652	-78.71359	-239.6795	160.9659	0.7855411	0.8845273	1.788237
17658	-75.58033	-236.3462	160.7659	0.7078534	0.6752011	2.128174
17664	-78.62587	-239.3852	160.7593	1.052404	0.9086979	1.7161
17670	-82.82691	-244.5507	161.7238	0.7484439	1.441243	0.6387918
17676	-74.19189	-236.7588	162.5669	0.3036005	0.7946558	1.23961
17682	-64.41485	-226.9558	162.541	0.1659703	1.563512	0.8937604
17688	-64.55325	-226.1116	161.5584	0.763661	1.285988	1.027375
17694	-72.33571	-233.3456	161.0099	1.147392	1.083221	1.333007
17700	-78.17048	-240.6128	162.4423	0.4979519	0.8866221	0.9152636
17706	-67.9195	-229.9284	162.0089	0.5763778	1.044731	1.068664
17712	-72.08025	-234.3688	162.2886	0.3741722	0.6114282	1.484422
17718	-64.12493	-226.3826	162.2577	0.4137829	0.9802826	1.148607
17724	-77.55672	-239.6186	162.0619	0.8252013	0.8063483	0.9281205
17730	-76.03374	-238.3278	162.2941	0.1235207	2.036314	0.2846393
17736	-74.4573	-235.1256	160.6683	1.346208	1.834545	0.3027716
17742	-70.94193	-232.5288	161.5869	0.7740039	1.579384	0.4934457
17748	-79.22515	-240.7029	161.4778	1.018539	1.4142	0.4393187
17754	-81.02003	-241.4886	160.4686	2.5346	1.401787	0.5735882
17760	-70.10546	-231.2194	161.1139	1.574876	1.314646	0.5735882
17766	-80.37377	-241.454	161.0802	1.598819	1.314646	0.6247409
17772	-75.1507	-237.6159	162.4652	0.1338351	1.314646	1.29969
17778	-81.57569	-243.6493	162.0736	0.5009965	0.9474849	1.203615
17784	-71.22851	-233.6815	162.453	0.3429123	1.122101	0.962857
17790	-82.20432	-244.028	161.8237	0.4524672	1.570362	0.9293152
17796	-84.48889	-246.711	162.2221	0.3671241	1.474573	0.7555936
17802	-68.82678	-231.2139	162.3871	0.3735313	1.243079	0.8282277
17808	-78.24175	-239.3854	161.1436	1.484335	1.126574	0.9238074
17814	-71.55197	-232.8041	161.2521	0.5819696	1.008842	1.690034
17820	-70.09333	-230.565	160.4716	0.578312	0.2041628	2.724012
17826	-67.7496	-227.5837	159.8341	0.2942883	0.5253665	3.23044
17832	-70.16363	-230.8128	160.6492	0.722804	0.5253665	2.288101
17838	-78.22978	-238.3468	160.117	1.385342	0.7326804	2.076734
17844	-69.47904	-230.7219	161.2429	0.9661278	0.9812985	1.367233
17850	-67.91248	-229.0768	161.1643	0.712347	1.048467	1.595344
17856	-70.85894	-231.6409	160.7819	0.348349	0.9051485	2.346477
17862	-77.01476	-238.3143	161.2996	0.8430181	0.7104541	1.62801
17868	-75.49551	-237.0963	161.6008	0.1939243	0.58039	2.279041
17874	-72.33389	-232.0696	159.7357	0.9452354	0.2879786	2.844607
17880	-67.72216	-227.986	160.2638	0.5524969	0.5956744	2.635157
17886	-64.07665	-223.6117	159.535	0.7281814	0.04735386	3.257357
17892	-65.64363	-226.2693	160.6257	1.529546	0.6362927	1.723069
17898	-79.52816	-241.0805	161.5523	0.57546	0.6716375	1.723069
17904	-61.45832	-222.9851	161.5268	0.4504535	1.033519	1.62844
17910	-72.92742	-235.3717	162.4443	0.3505119	1.033519	1.043763
17916	-72.57395	-234.6677	162.0937	0.354458	1.045446	1.330199
17922	-68.41206	-228.6918	160.2797	0.4549784	0.5410086	2.75758
17928	-65.62118	-227.7832	162.162	0.1343643	0.2988926	2.227599
17934	-66.40697	-228.0309	161.6239	0.2397921	0.4977557	2.233218
17940	-68.52928	-229.729	161.1997	0.3464239	0.4787359	2.354516
17946	-73.07843	-233.9452	160.8668	1.07548	0.9161003	1.618295
17952	-83.51386	-245.5072	161.9934	0.5336561	0.1568854	1.819208
17958	-86.2469	-246.4823	160.2354	1.943239	0.2312531	2.078523
17964	-81.3015	-241.5574	160.2559	2.556248	0.67823	1.525576
17970	-91.27163	-251.6088	160.3372	1.88677	0.06260963	2.144756
17976	-72.25555	-232.9175	160.662	0.9483933	0.02087491	2.435801
17982	-67.44619	-227.3205	159.8743	0.8780454	0.1342244	2.897384
17988	-72.64311	-232.7693	160.1262	0.6206748	0.06440648	2.980834
17994	-78.61964	-238.7292	160.1096	0.6650045	0.01964277	2.980834
18000	-80.62138	-239.5022	158.8809	1.213381	0.01778017	3.363976
18006	-81.05455	-240.9259	159.8713	0.3393215	0.1601715	3.363976
18012	-84.53687	-244.0396	159.5027	1.836781	0.03395053	2.708543
18018	-80.04366	-240.4849	160.4412	1.538164	0.0125771	2.259589
18024	-70.92252	-231.4159	160.4933	1.21716	0.2128632	2.259589
18030	-65.60939	-226.1119	160.5025	1.712793	0.1172736	2.073277
18036	-72.71561	-233.3237	160.6081	1.712793	0.01168373	2.073277
18042	-71.92984	-231.5473	159.6174	1.38459	0.0754994	2.80585
18048	-74.00604	-233.6009	159.5949	0.94201	0.1564445	3.01088
18054	-75.53385	-235.7385	160.2046	1.581098	0.537494	2.051934
18060	-86.61036	-247.4031	160.7928	1.35493	0.9729865	1.451586
18066	-79.66729	-240.7523	161.085	1.128872	0.8345014	1.480757
18072	-77.36418	-237.941	160.5768	1.020469	0.3866912	2.210477
18078	-71.99233	-232.8912	160.8989	1.088822	0.2744574	2.03014
18084	-71.62386	-232.8326	161.2088	0.4344914	0.3100625	2.346095
18090	-68.01883	-228.2312	160.2124	1.946588	0.3370875	2.0224
18096	-71.48593	-232.481	160.9951	0.7482411	1.33103	1.477737
18102	-71.47969	-233.973	162.4933	0.2251626	0.987461	1.305061
18108	-81.94677	-243.3913	161.4446	0.6582798	1.048603	1.439468
18114	-76.72446	-238.1113	161.3868	0.840193	0.8803801	1.439468
18120	-74.86971	-234.9567	160.087	1.567214	0.6238541	2.079021
18126	-74.40357	-235.2669	160.8633	0.6967168	0.6671428	2.079021
18132	-84.05288	-245.0422	160.9893	0.9972526	1.90955	0.401755
18138	-82.56697	-244.1292	161.5622	0.5359531	1.90955	0.4028786
18144	-87.88557	-249.9828	162.0973	0.4314417	1.563513	0.4328568
18150	-82.08202	-243.4331	161.351	0.8580384	1.563513	0.8310625
18156	-86.19051	-247.4803	161.2898	0.9926159	1.305045	1.023808
18162	-70.18384	-229.9649	159.781	1.344213	0.5418241	2.436199
18168	-70.96005	-231.3582	160.3981	1.359847	0.9243574	1.770605
18174	-84.11751	-245.7853	161.6678	1.153659	0.7466287	1.050439
18180	-77.15929	-238.1325	160.9732	0.6785917	0.5822551	2.078282
18186	-89.218	-249.2294	160.0114	0.3987314	0.6619827	2.910042
18192	-82.47669	-244.0759	161.5992	0.3987314	0.764404	1.834134
18198	-75.62475	-236.6038	160.979	0.5757649	0.5220817	2.208315
18204	-95.10502	-255.9749	160.8698	0.3479708	1.048449	2.198745
18210	-83.59593	-244.5616	160.9657	1.116863	0.7105215	1.667213
18216	-86.31982	-248.1315	161.8117	0.6942716	0.9021384	1.224116
18222	-89.14432	-250.0152	160.8708	1.89533	0.8394632	1.194052
18228	-77.4967	-238.178	160.6813	0.7437294	0.8806982	2.018545
18234	-70.14911	-230.669	160.5199	1.041299	0.5158076	2.15043
18240	-64.88473	-225.4164	160.5317	0.7329804	0.6113601	2.299979
18246	-72.69913	-233.6337	160.9345	0.7329804	0.3648922	2.199455
18252	-72.60214	-233.6218	161.0196	0.5085545	0.04527827	2.551105
18258	-76.85496	-238.0341	161.1792	0.3306533	0.220291	2.551105
18264	-77.21968	-238.3919	161.1722	0.4809786	0.3332124	2.302535
18270	-72.71105	-233.2603	160.5493	0.8100606	0.3219383	2.413196
18276	-72.3117	-233.1728	160.8611	1.562349	0.7068901	1.483441
18282	-81.40743	-241.2768	159.8694	2.017702	0.6977665	1.982619
18288	-81.66882	-242.2443	160.5755	1.805092	0.7538514	1.539831
18294	-74.16407	-235.577	161.413	0.7146954	0.7744233	1.611593
18300	-74.02352	-235.0885	161.065	0.975362	0.8023815	1.628315
18306	-78.712	-240.4224	161.7104	0.7250241	0.810076	1.349848
18312	-76.289	-237.4801	161.1911	0.5107284	0.6121054	2.07749
18318	-77.11267	-237.8709	160.7582	0.6245025	0.345401	2.416715
18324	-84.33469	-244.0524	159.7177	1.871842	0.5471231	2.238182
18330	-91.13009	-250.7427	159.6126	1.871842	0.7288219	2.188662
18336	-78.86484	-239.637	160.7721	0.6508102	0.6518646	2.188662
18342	-77.30625	-237.7202	160.414	1.58573	0.4885608	1.94277
18348	-71.53137	-232.1594	160.628	1.72805	1.185518	1.196494
18354	-76.87952	-238.884	162.0045	0.2158709	1.157613	1.569876
18360	-82.78312	-243.5363	160.7532	1.541164	0.3266346	1.843825
18366	-78.02357	-238.4873	160.4637	1.47094	0.5090175	1.951446
18372	-66.49246	-227.526	161.0335	1.270952	0.9240937	1.35565
18378	-63.58226	-225.1003	161.518	0.4931403	1.022215	1.589684
18384	-61.7623	-223.8014	162.0391	0.4931403	1.216596	1.000315
18390	-68.12299	-229.4218	161.2988	0.2065019	1.300053	1.981488
18396	-69.81362	-231.0519	161.2383	0.8460425	0.697962	1.678436
18402	-72.46761	-232.7337	160.2661	0.628409	0.1750535	2.82289
18408	-64.49358	-225.2391	160.7455	0.7396276	0.5785737	2.178071
18414	-67.77587	-228.1961	160.4203	0.4282437	0.5368766	2.703572
18420	-84.329	-244.4276	160.0986	0.9068112	1.320177	1.988376
18426	-79.15724	-240.8969	161.7396	0.3076836	1.467719	1.357393
18432	-82.54249	-244.796	162.2536	0.3460096	0.8692804	1.357393
18438	-81.91218	-243.8581	161.9459	0.5082472	1.117856	1.156247
18444	-76.85445	-238.3065	161.4521	0.8674464	0.9836339	1.281959
18450	-80.10945	-242.1343	162.0248	0.2587178	1.114348	1.50102
18456	-83.76042	-245.3866	161.6262	0.8501748	1.117562	1.026469
18462	-76.41465	-237.7299	161.3153	0.9884842	0.6949711	1.513731
18468	-81.94787	-243.3329	161.3851	0.5445568	1.17397	1.514669
18474	-82.14959	-244.1856	162.036	0.08514485	1.547796	1.601877
18480	-74.09939	-233.4848	159.3854	0.6612031	0.6778172	3.023545
18486	-81.25612	-240.1244	158.8683	1.968808	0.3658826	2.843903
18492	-67.13822	-227.8518	160.7136	0.2472088	0.2244494	2.955255
18498	-70.03228	-231.9802	161.948	0.2856996	0.6162109	1.86313
18504	-73.44108	-234.9931	161.552	0.6330627	0.83626	1.544508
18510	-78.77807	-240.4125	161.6344	0.9187223	1.168026	0.8859109
18516	-79.99609	-241.7062	161.7101	0.5567855	0.9762198	1.403421
18522	-70.735	-231.7314	160.9964	0.4765677	0.7389732	2.159183
18528	-79.00074	-240.0814	161.0807	1.163661	0.2345671	1.888942
18534	-88.04151	-250.0236	161.9821	0.4119259	1.204745	1.196243
18540	-88.27428	-250.7457	162.4714	0.3009253	1.266272	0.8876894
18546	-82.18118	-244.3235	162.1424	0.4724651	1.452526	0.53993
18552	-94.92352	-255.3081	160.3846	0.823164	1.087268	2.015146
18558	-86.32043	-248.6581	162.3376	0.06749529	1.087268	1.773473
18564	-76.98941	-239.2525	162.2631	0.06749529	1.497977	1.532322
18570	-74.81117	-236.6714	161.8602	0.1787112	0.5212961	2.180463
18576	-87.15003	-249.5045	162.3544	0.4914255	0.6605617	1.222343
18582	-88.3453	-249.8463	161.501	0.4693386	0.9215816	1.703159
18588	-79.92656	-241.885	161.9584	0.4693386	1.363603	0.9741003
18594	-81.65721	-241.1377	159.4805	0.8356552	0.3000539	3.062959
18600	-80.57538	-239.6552	159.0798	0.9593665	0.5711137	3.060179
18606	-73.43113	-234.4425	161.0113	1.014177	0.2007079	2.052151
18612	-80.035	-240.0316	159.9966	1.223075	0.292182	2.520367
18618	-80.52065	-241.1	160.5793	0.6686446	0.2981685	2.520367
18624	-71.43632	-232.0247	160.5884	1.546559	0.4770868	1.850984
18630	-73.0601	-234.5038	161.4437	0.9147161	0.3039336	1.758176
18636	-81.02262	-240.6384	159.6158	1.120106	0.5650032	2.644006
18642	-83.66136	-243.8238	160.1625	0.7887522	0.2297887	2.72624
18648	-93.83814	-254.07	160.2319	1.159587	0.5522717	2.241973
18654	-84.63702	-245.5922	160.9552	0.8960362	1.037327	1.598039
18660	-85.4861	-246.6816	161.1955	1.250633	1.063025	1.116828
18666	-83.55239	-244.82	161.2676	0.9404148	1.343626	1.059599
18672	-79.90643	-241.3922	161.4857	1.090966	1.343626	0.4775582
18678	-78.87499	-239.5527	160.6777	1.494619	1.747004	0.3338558
18684	-83.8161	-246.3436	162.5275	0.376468	1.232229	0.5957429
18690	-72.66695	-233.7879	161.1209	1.651394	1.249867	0.590119
18696	-81.30514	-243.2608	161.9556	0.6109216	1.331013	0.7494825
18702	-83.95123	-244.087	160.1358	0.9317029	0.04299125	2.75887
18708	-70.26579	-231.4028	161.137	0.3510535	0.008277865	2.681166
18714	-66.88054	-227.763	160.8825	0.8910522	0.01979723	2.33564
18720	-75.70732	-237.5048	161.7975	0.6097344	0.002500807	1.979193
18726	-80.14681	-240.234	160.0872	0.6097344	0.07552562	3.006972
18732	-92.90593	-251.1419	158.2359	0.9464576	0.3017501	3.721293
18738	-94.43152	-254.3029	159.8714	1.089382	0.3719084	2.623024
18744	-82.10368	-244.1931	162.0894	0.3598151	1.311089	1.09807
18750	-73.91971	-236.1766	162.2569	0.354181	1.311089	0.9453249
18756	-78.64211	-241.071	162.4289	0.2724087	1.311089	0.9598107
18762	-79.3396	-240.5399	161.2003	0.654033	1.113993	1.577648
18768	-69.97361	-231.8926	161.9189	0.4513942	1.037219	1.32751
18774	-72.18984	-234.2796	162.0897	0.3800168	1.020737	1.311336
18780	-74.6323	-235.1447	160.5124	1.323553	0.1502468	2.230469
18786	-72.96118	-233.9598	160.9986	0.6865066	0.0476116	2.399539
18792	-77.97979	-237.8198	159.8401	1.282239	0.02574958	2.750621
18798	-72.55433	-231.91	159.3556	0.7094182	0.2332587	3.267662
18804	-69.02899	-228.9675	159.9385	2.109296	0.05805335	2.32035
18810	-71.07222	-231.3488	160.2766	2.363487	0.4874621	1.718034
18816	-69.74866	-230.5738	160.8252	1.401513	0.1860893	1.960981
18822	-79.69913	-239.8521	160.153	1.492636	0.6594151	2.04761
18828	-69.71541	-230.7344	161.019	1.662497	0.3497859	1.579711
18834	-72.27558	-233.5368	161.2613	1.126829	0.8156736	1.36073
18840	-70.18604	-231.3512	161.1651	1.328494	0.9537068	1.18354
18846	-73.50346	-235.1003	161.5969	1.045411	1.16287	0.7781561
18852	-66.21699	-227.9333	161.7163	0.9622649	0.7953646	1.130357
18858	-66.70574	-226.1415	159.4357	3.233259	0.541644	1.987801
18864	-62.19804	-222.4765	160.2785	2.154615	0.1276469	2.038088
18870	-63.75516	-224.1792	160.4241	2.356612	0.2124869	1.80948
18876	-70.48181	-230.7711	160.2893	1.55534	0.2101789	2.222259
18882	-75.13342	-235.8198	160.6864	1.883462	0.5892008	1.543345
18888	-70.00396	-230.7991	160.7952	1.169624	0.5403817	1.8715
18894	-80.62055	-241.3096	160.689	0.1546086	0.7057633	2.847149
18900	-74.18285	-236.1954	162.0125	0.4360336	1.534658	0.7797858
18906	-77.34477	-238.4924	161.1476	1.267013	0.542058	1.562119
18912	-81.47919	-241.3094	159.8302	0.8467138	0.1266131	2.949704
18918	-79.16075	-240.7014	161.5406	0.8007235	0.7211232	1.478405
18924	-75.99933	-236.6611	160.6617	0.5617391	1.080231	2.064911
18930	-74.1201	-236.163	162.0429	0.5712474	1.02819	1.059479
18936	-77.3971	-240.0312	162.6341	0.2280031	0.9827497	1.184642
18942	-77.80016	-240.8033	163.0032	0.1326303	0.9791524	1.131346
18948	-73.43999	-235.2327	161.7927	0.5422686	1.238485	1.136973
18954	-73.46046	-236.2791	162.8187	0.2114344	1.304558	0.6697587
18960	-71.93473	-233.5535	161.6188	0.5009448	0.7670095	1.691423
18966	-78.28706	-239.0312	160.7441	0.846	0.9621649	1.839162
18972	-68.07843	-230.7014	162.623	0.2398029	0.8928109	1.243285
18978	-81.3711	-243.1711	161.8	0.7816115	0.8867863	1.152987
18984	-71.74294	-233.9265	162.1836	0.6082106	0.9809099	0.9089724
18990	-69.42831	-231.5888	162.1605	0.3743203	1.61545	0.4547081
18996	-78.91803	-240.5093	161.5913	0.9338038	1.368676	0.3938192
19002	-83.53335	-245.7481	162.2147	0.4403119	1.203752	0.9264259
19008	-83.03372	-245.6206	162.5869	0.1224222	1.24565	1.292084
19014	-79.418	-241.6397	162.2217	0.3131766	1.478352	0.8984708
19020	-73.35927	-235.321	161.9618	0.555331	1.501041	0.5166755
19026	-65.5672	-227.8459	162.2787	0.4319932	1.248694	0.8161523
19032	-66.9077	-229.5207	162.613	0.1811091	1.248694	1.089787
19038	-65.83331	-227.6017	161.7684	0.3641422	1.036994	1.569944
19044	-63.10388	-224.4949	161.391	0.7006628	0.9789876	1.49017
19050	-67.41298	-229.5936	162.1806	0.3637805	0.574157	1.607419
19056	-76.58685	-237.7382	161.1514	0.2276865	0.7861268	2.371915
19062	-76.13923	-237.073	160.9337	0.2712905	0.9222033	2.351189
19068	-73.65857	-235.0652	161.4067	0.4095056	0.770982	1.946565
19074	-68.85113	-230.4624	161.6113	0.3444211	0.826675	1.858647
19080	-64.53465	-225.1434	160.6088	0.2743147	0.4418316	2.845525
19086	-67.06063	-228.2217	161.1611	0.5147874	0.5767339	2.116081
19092	-76.42649	-235.633	159.2065	0.9242653	0.2065997	3.223419
19098	-79.40072	-240.2458	160.8451	1.52951	0.4975415	1.665901
19104	-81.79943	-241.6571	159.8576	1.835403	0.5239664	2.177358
19110	-85.42767	-246.6586	161.231	0.967114	1.154253	1.23559
19116	-74.68421	-236.2293	161.5451	0.7370844	1.043464	1.282665
19122	-72.81873	-234.4816	161.6629	0.774255	0.8799724	1.282665
19128	-72.44365	-233.627	161.1833	1.277402	1.435426	0.6699955
19134	-69.15859	-230.2365	161.0779	1.277402	1.450244	0.8105157
19140	-70.01223	-231.9387	161.9264	0.5834795	1.450244	0.3657033
19146	-81.02428	-242.346	161.3218	1.018925	1.367867	0.89749
19152	-76.38755	-237.5453	161.1578	1.270776	1.479895	0.6417796
19158	-80.42163	-242.4485	162.0268	0.4535637	1.308456	0.9886878
19164	-80.09865	-241.3541	161.2555	0.5818982	1.108955	1.615908
19170	-77.15208	-238.7685	161.6164	0.3367399	0.9145978	1.80604
19176	-72.21237	-234.9617	162.7494	0.2668793	0.7664032	1.183598
19182	-95.35027	-256.2281	160.8779	1.77978	1.160134	0.9544662
19188	-92.14794	-254.3228	162.1748	0.4723285	1.160943	0.9544662
19194	-72.81826	-234.2295	161.4113	1.184487	1.210013	0.792251
19200	-68.21096	-229.2714	161.0605	1.748194	1.210013	0.6758838
19206	-72.99428	-235.3195	162.3252	0.4147002	1.19497	0.8646345
19212	-74.2686	-236.0939	161.8253	0.8451922	1.19497	0.6986663
19218	-76.43585	-237.0392	160.6033	2.641442	1.224358	0.5276964
19224	-76.8729	-238.058	161.1851	1.396726	1.348738	0.6474183
19230	-59.68538	-220.733	161.0476	1.752101	1.214262	0.6872536
19236	-67.90179	-229.0837	161.1819	1.126588	1.147527	1.150841
19242	-73.41775	-234.1362	160.7184	1.842528	1.100801	1.127057
19248	-80.49646	-242.0549	161.5584	0.5763315	1.274072	1.262735
19254	-78.57877	-240.048	161.4692	0.5217194	1.080987	1.548034
19260	-83.29052	-244.146	160.8555	0.95881	0.7488264	1.825468
19266	-80.29789	-241.8265	161.5287	0.794311	0.5574901	1.613833
19272	-87.02255	-248.0288	161.0063	0.794311	0.8680254	1.764358
19278	-80.00555	-239.6654	159.6598	0.6617908	0.215883	3.134994
19284	-80.70375	-240.2481	159.5443	1.119901	0.1836569	2.920184
19290	-71.67845	-233.0091	161.3307	0.4124275	0.8692738	1.927809
19296	-77.24139	-239.6247	162.3833	0.2559346	1.265739	1.089413
19302	-79.82039	-241.0561	161.2357	0.2909989	0.2393921	2.560286
19308	-86.23252	-247.3824	161.1499	0.5183983	0.8827607	1.916124
19314	-77.94438	-237.6647	159.7204	0.9774919	0.2390439	2.863439
19320	-89.0577	-249.8962	160.8385	1.491307	0.5373571	1.662082
19326	-89.06059	-250.6225	161.5619	0.6451999	0.8827534	1.489869
19332	-79.71599	-241.4476	161.7316	0.8293093	0.9718836	1.087286
19338	-72.59742	-233.2641	160.6667	1.66077	1.381253	1.023847
19344	-67.4249	-229.1026	161.6777	0.8686266	1.198648	0.8632369
19350	-76.19656	-237.2983	161.1018	1.516997	1.378187	0.4989876
19356	-78.35829	-240.4594	162.1011	0.3521657	1.654005	0.7124399
19362	-77.10088	-238.3999	161.299	0.8842269	1.25429	1.166879
19368	-72.06574	-233.0376	160.9719	0.8108647	0.4701496	2.044381
19374	-79.58294	-240.6457	161.0628	0.5567082	0.6779484	2.070798
19380	-71.73824	-232.3541	160.6158	1.344093	0.7101226	1.776917
19386	-76.49185	-236.5522	160.0603	1.303998	0.2888572	2.440068
19392	-75.23965	-235.0604	159.8207	1.900279	0.1091877	2.440068
19398	-72.81251	-233.2138	160.4013	0.5074051	0.2762563	2.790573
19404	-74.77281	-234.3745	159.6016	0.3014754	0.4432219	3.405749
19410	-71.25166	-230.4284	159.1768	1.494613	0.5828717	2.714181
19416	-69.05326	-230.5699	161.5167	0.5342573	0.757684	1.732175
19422	-67.66461	-228.4716	160.807	2.5179	0.3702082	1.353539
19428	-72.55688	-233.8002	161.2433	1.460866	0.8029952	1.157053
19434	-70.93937	-231.4595	160.5201	1.773812	0.5110456	1.768025
19440	-73.31084	-233.0391	159.7283	3.424085	0.4968563	1.768025
19446	-72.08946	-232.0642	159.9747	1.458633	0.3406666	2.385026
19452	-81.29833	-241.9013	160.603	2.261348	0.2743211	1.675642
19458	-70.72748	-231.1384	160.4109	1.63195	0.1720449	2.133217
19464	-78.91834	-240.3233	161.405	1.25756	0.09636302	1.703615
19470	-72.61828	-233.7898	161.1715	1.201812	0.6185775	1.529038
19476	-66.07359	-225.9539	159.8803	2.998623	0.03591123	2.092357
19482	-74.33785	-234.5918	160.254	2.098076	0.1015215	2.092357
19488	-74.67679	-234.7583	160.0815	0.8096927	0.2295417	2.760794
19494	-80.78938	-238.967	158.1776	0.9977467	0.1690452	3.801237
19500	-72.84813	-233.6836	160.8355	0.8504431	0.3408125	2.18862
19506	-77.71431	-238.4085	160.6942	0.9431486	0.6369498	2.021057
19512	-87.58701	-248.8913	161.3043	1.36299	0.5312268	1.392853
19518	-76.64031	-237.4986	160.8583	0.7314365	0.6297311	2.07764
19524	-75.11151	-236.3015	161.19	0.5185266	0.6003204	2.07764
19530	-68.76284	-230.9159	162.1531	0.1030966	1.085204	1.791572
19536	-78.17311	-238.5603	160.3871	0.2156887	0.2865422	3.164897
19542	-74.79953	-234.4189	159.6194	0.5644943	0.3924146	3.136971
19548	-71.67442	-233.2161	161.5416	0.1773971	0.1913499	2.593562
19554	-82.26533	-242.3096	160.0443	0.2587032	0.2601914	3.314468
19560	-76.7515	-238.5449	161.7934	0.2853197	0.4926181	2.050613
19566	-67.70293	-229.8691	162.1662	0.2540679	0.1977951	2.050613
19572	-75.18229	-238.3292	163.1469	0.2067572	0.2912958	1.380889
19578	-74.75266	-235.8631	161.1104	0.6960964	0.1021805	2.285773
19584	-77.56365	-238.6057	161.0421	0.5474967	0.2308494	2.381755
19590	-79.63321	-240.7591	161.1259	0.4721355	0.3305414	2.34341
19596	-82.01118	-242.5875	160.5763	1.655035	0.3709108	1.880021
19602	-90.25736	-250.0401	159.7827	1.447119	0.1457446	2.632121
19608	-77.64724	-238.1741	160.5268	1.840599	0.9207785	1.433836
19614	-64.75307	-226.4363	161.6832	0.8580971	0.6444656	1.376932
19620	-65.38159	-227.0174	161.6358	0.7232998	1.053512	1.2131
19626	-67.23307	-229.3625	162.1294	0.5457985	0.5140748	1.449471
19632	-68.18778	-229.3733	161.1856	0.9533214	0.6547912	1.663958
19638	-75.03213	-235.6973	160.6652	1.165885	0.4856241	1.998306
19644	-77.43408	-237.5642	160.1301	1.165885	0.07170943	2.605466
19650	-78.13522	-237.6889	159.5537	0.7354453	0.1813775	3.161519
19656	-84.01389	-246.5642	162.5503	0.184411	0.9190757	1.409292
19662	-83.85156	-246.2694	162.4178	0.30789	1.333221	0.8530814
19668	-80.07747	-241.9046	161.8272	0.3981907	1.333221	1.240921
19674	-70.15206	-231.7056	161.5535	0.6071416	1.759573	0.332276
19680	-67.49008	-228.684	161.1939	0.597898	2.016358	0.2518964
19686	-81.82812	-242.3296	160.5015	1.126901	2.016358	0.2130046
19692	-78.39248	-239.896	161.5035	0.4212049	2.016358	0.2622881
19698	-83.43049	-244.2012	160.7707	0.8267434	2.016358	0.1997235
19704	-69.56452	-231.584	162.0194	0.301645	1.854804	0.3427512
19710	-71.89197	-232.9135	161.0216	0.8217541	1.983948	0.3049366
19716	-75.49198	-236.7685	161.2765	0.8517092	1.694782	0.3049366
19722	-77.65932	-239.5088	161.8495	0.4762814	1.741879	0.4968634
19728	-84.50028	-246.165	161.6647	0.4762814	1.597143	1.022399
19734	-81.85467	-243.5477	161.693	0.7623982	1.435877	0.6782333
19740	-96.16527	-256.9672	160.8019	0.9929829	1.9761	0.2752529
19746	-86.96027	-246.999	160.0387	2.976945	1.639353	0.4816995
19752	-76.021	-238.6895	162.6685	0.1496516	1.466717	0.9215649
19758	-80.78687	-244.0331	163.2462	0.1195103	1.037681	0.8800871
19764	-83.99489	-246.8189	162.8241	0.2469365	1.079505	0.8494829
19770	-74.03598	-237.2325	163.1966	0.09993498	1.079505	0.9753007
19776	-79.5469	-241.6209	162.074	0.3059504	1.101163	1.385885
19782	-73.64673	-235.035	161.3883	0.4649845	0.9752756	1.750024
19788	-78.29234	-238.2279	159.9355	0.6496794	0.4814551	2.819591
19794	-71.17871	-232.4895	161.3108	0.2348816	0.5454362	2.410831
19800	-68.11188	-229.2142	161.1024	0.4897993	0.2659389	2.380271
19806	-79.54412	-241.3047	161.7606	0.2085945	0.2178921	2.380271
19812	-69.5331	-230.2813	160.7482	0.157481	0.0925226	3.173534
19818	-66.41522	-227.4499	161.0347	0.2866808	0.3068556	2.649279
19824	-84.00305	-245.3286	161.3255	0.4700939	0.4876811	2.115656
19830	-73.99997	-234.7469	160.7469	0.8265831	0.6385781	2.069679
19836	-78.26897	-240.0188	161.7498	0.2765089	0.6534978	1.986882
19842	-79.43233	-240.1042	160.6719	0.4263963	0.6111007	2.504006
19848	-75.92691	-235.043	159.1161	1.369403	0.6037795	2.796706
19854	-72.53711	-233.5586	161.0215	1.310331	0.6885671	1.52058
19860	-72.11025	-232.9591	160.8488	1.907518	1.20874	0.8420865
19866	-67.84931	-229.7136	161.8643	0.4389149	0.7524032	1.602592
19872	-64.45087	-225.5053	161.0544	1.119148	0.9281924	1.439581
19878	-71.82799	-232.673	160.845	1.20548	0.7993519	1.633292
19884	-70.20029	-232.7662	162.5659	0.5362027	0.1370187	1.415313
19890	-66.74373	-227.6757	160.932	0.5411035	0.3048767	2.410836
19896	-66.41539	-227.4122	160.9968	0.9196572	0.5690152	1.879902
19902	-71.10871	-231.1173	160.0086	2.415516	0.1625584	2.102119
19908	-68.35933	-229.2753	160.916	0.8508718	0.6281605	1.945609
19914	-69.07181	-229.9564	160.8846	1.175785	0.9903478	1.482612
19920	-65.76767	-228.1107	162.3431	0.3979219	1.130513	0.9521396
19926	-69.40088	-231.0315	161.6306	0.8912058	1.026455	1.065908
19932	-67.43559	-229.4601	162.0245	0.5915566	1.381975	0.4656033
19938	-70.73381	-232.9629	162.2291	0.2457148	1.846009	0.4828701
19944	-74.21745	-236.5543	162.3368	0.1863557	1.810658	0.3098604
19950	-78.53229	-239.5351	161.0028	0.5729596	2.240498	0.2499465
19956	-82.52329	-244.1683	161.645	0.5729596	1.791477	0.5076446
19962	-77.02487	-239.6765	162.6516	0.1166201	1.828626	0.5734292
19968	-74.27781	-236.7047	162.4269	0.1795091	1.828626	0.4273849
19974	-67.22869	-229.2703	162.0416	0.4878247	1.485926	0.6638975
19980	-67.0146	-229.3236	162.3091	0.3670833	1.485926	0.4948095
19986	-65.99794	-228.024	162.0261	0.4802986	1.485926	0.715289
19992	-63.61745	-225.4122	161.7947	0.7440375	1.401799	0.5598542
19998	-62.91903	-224.8105	161.8915	0.744034	1.287008	0.6194511
20004	-66.55038	-228.5778	162.0275	0.6578953	1.287008	0.5194283
20010	-66.91309	-229.1073	162.1942	0.2379269	1.084445	1.436692
20016	-62.26752	-224.4163	162.1487	0.07907767	0.6745858	2.141048
20022	-62.97996	-223.3233	160.3434	0.4761384	0.6181546	2.648657
20028	-58.64843	-220.8816	162.2331	0.1769544	0.5361585	1.927797
20034	-55.03714	-216.8343	161.7972	0.3366642	0.6759472	1.845977
20040	-58.59741	-217.4261	158.8287	1.354896	0.3116783	3.151986
20046	-67.18728	-228.0036	160.8163	1.069333	0.4812107	1.959565
20052	-82.06122	-244.006	161.9448	1.069333	0.4812107	1.112103
20058	-81.37989	-242.8494	161.4695	1.069333	1.299603	0.7302663
20064	-77.39615	-239.1501	161.7539	0.8734116	1.184711	0.7765296
20070	-79.3856	-240.7262	161.3406	0.6917889	1.255043	1.324026
20076	-78.71449	-240.4516	161.7371	0.6917889	1.401668	0.8015549
20082	-84.98935	-246.7278	161.7384	0.4800332	1.401668	1.13021
20088	-76.8942	-238.7314	161.8372	0.2230543	0.9849866	1.797286
20094	-73.33496	-233.3391	160.0041	1.504613	0.8127577	2.038832
20100	-84.99639	-245.6213	160.6249	0.6127469	0.8127577	2.21432
20106	-79.66587	-241.3126	161.6467	0.7528265	0.632991	1.508379
20112	-90.04597	-249.3881	159.3421	2.137476	0.3522637	2.501084
20118	-82.07954	-240.8249	158.7454	1.506188	0.1972219	3.200919
20124	-86.81845	-248.0376	161.2191	1.353054	0.6726436	1.354838
20130	-76.14074	-238.6807	162.54	0.1643475	0.7701853	1.577771
20136	-74.68682	-236.3364	161.6495	0.3439403	0.9045191	1.779315
20142	-80.23736	-241.3003	161.0629	0.8161055	0.3105923	2.085562
20148	-70.31659	-231.2791	160.9625	0.8171407	0.03991552	2.324833
20154	-76.12169	-235.9123	159.7906	0.8988023	0.4397962	2.748803
20160	-78.28913	-238.4994	160.2103	2.707069	0.4751756	1.655044
20166	-80.11739	-241.8725	161.7551	0.5884958	0.9723585	1.333424
20172	-74.78073	-236.9872	162.2065	0.1569557	0.8457116	1.779404
20178	-75.68971	-238.0776	162.3879	0.4135311	1.056987	0.9509661
20184	-72.24357	-234.1731	161.9295	0.9260502	0.6042559	1.144341
20190	-68.86021	-230.1652	161.305	0.6494112	1.018855	1.575257
20196	-58.13976	-219.8614	161.7216	0.4534857	0.09132665	2.134808
20202	-61.32434	-223.2835	161.9591	0.4113519	0.5104075	1.743894
20208	-73.18105	-235.2018	162.0208	0.3045853	0.4177495	1.918323
20214	-71.881	-233.6313	161.7503	0.3477656	0.6433376	1.884066
20220	-83.39937	-245.6628	162.2635	0.2210516	0.9837044	1.49582
20226	-82.92741	-244.9992	162.0718	0.5835444	0.9837044	1.056836
20232	-82.22074	-244.1439	161.9231	0.5835444	1.356647	0.8144305
20238	-83.20529	-245.3389	162.1336	0.4195511	1.182958	1.067122
20244	-84.39379	-244.0353	159.6415	1.073171	0.4371259	2.733671
20250	-90.55469	-250.9144	160.3597	1.004369	0.3970546	2.353072
20256	-103.9579	-264.631	160.673	1.686254	0.02735308	2.031705
20262	-93.64719	-251.903	158.2558	2.675705	0.1964219	3.091299
20268	-84.76171	-244.0742	159.3125	1.563053	0.2700587	2.792131
20274	-87.85679	-247.663	159.8062	2.427145	0.5428004	1.980424
20280	-75.61081	-235.0385	159.4276	1.651563	0.2124658	2.719324
20286	-70.77726	-230.7201	159.9428	0.7189414	0.07673586	3.004178
20292	-73.53648	-233.7292	160.1927	0.5425044	0.07534096	3.004178
20298	-74.28788	-234.7605	160.4726	1.98656	0.1731413	1.942134
20304	-78.29914	-239.1161	160.8169	2.240573	0.7897931	1.111011
20310	-77.84132	-238.8746	161.0332	1.263977	0.8293041	1.434273
20316	-71.94056	-232.6762	160.7356	1.397135	1.176859	1.310577
20322	-79.75278	-239.9938	160.241	1.056602	0.6805556	2.214855
20328	-82.8892	-243.524	160.6348	1.156463	0.1942061	2.214855
20334	-94.78117	-255.7206	160.9394	1.59992	0.8078102	1.323523
20340	-77.50775	-239.5217	162.014	0.3668269	0.1001398	2.04499
20346	-71.26407	-231.4319	160.1679	1.393986	0.06177868	2.470105
20352	-81.55088	-242.5991	161.0482	0.2290106	0.5965777	2.553293
20358	-79.83498	-241.5405	161.7055	0.4409048	0.7623762	1.706643
20364	-74.20222	-235.677	161.4747	0.6023797	0.6686287	1.751784
20370	-59.52654	-220.9352	161.4087	0.7068607	0.4008739	1.883513
20376	-70.61025	-230.8569	160.2467	2.038071	0.9563676	1.528816
20382	-73.91599	-234.8728	160.9568	1.221746	0.2966487	1.896367
20388	-74.55291	-236.0261	161.4732	0.637622	0.8263313	1.60489
20394	-74.53397	-234.9507	160.4168	1.063926	1.03476	1.858742
20400	-69.73733	-229.5742	159.8368	1.713446	0.5264186	2.240006
20406	-69.97091	-231.2369	161.266	1.268707	0.4570921	1.536413
20412	-68.86559	-228.9146	160.049	1.268707	0.2733176	2.475232
20418	-80.10801	-239.167	159.059	0.7304295	0.2354673	3.424998
20424	-74.83835	-233.9076	159.0693	1.160013	0.22824	3.156094
20430	-80.32122	-241.5282	161.207	0.3180984	1.161757	1.944632
20436	-79.84538	-241.5968	161.7514	0.4791466	0.9757849	1.468241
20442	-83.50253	-244.958	161.4554	0.6226072	0.8810702	1.593328
20448	-93.54794	-255.2161	161.6682	0.3598787	0.7991817	1.816188
20454	-89.02079	-250.2647	161.244	0.322518	0.6182949	2.270395
20460	-78.70045	-238.8087	160.1082	0.1855777	0.2587625	3.398842
20466	-81.6695	-241.5907	159.9212	0.2745524	0.1137952	3.449236
20472	-78.07548	-240.0139	161.9384	0.2259656	0.7984476	1.850473
20478	-75.77632	-238.0691	162.2928	0.1055641	0.8076883	1.879235
20484	-74.50673	-237.0135	162.5068	0.1479212	0.3791679	1.91491
20490	-68.38455	-229.2869	160.9024	1.048269	0.4816008	1.91491
20496	-65.76967	-228.3291	162.5595	0.1736724	1.005679	1.36112
20502	-80.80664	-241.2105	160.4038	0.7949109	0.6361283	2.31751
20508	-69.25391	-230.1326	160.8787	1.127734	0.4264769	1.917745
20514	-69.79528	-231.3223	161.527	0.6130301	1.051026	1.422735
20520	-91.67939	-250.8434	159.164	0.9035235	0.5056363	3.084174
20526	-84.69898	-244.9872	160.2882	0.3486281	0.3512144	2.991423
20532	-65.17493	-227.3743	162.1994	0.3661143	1.340296	0.9491661
20538	-70.10276	-232.5244	162.4217	0.2329384	1.340296	1.040433
20544	-68.28252	-229.1415	160.8589	0.2178378	0.8592873	2.52702
20550	-72.32756	-234.3221	161.9946	0.4835482	0.8592873	1.36456
20556	-74.23108	-236.2593	162.0283	0.4345687	0.3669899	1.765717
20562	-79.56178	-238.5864	159.0247	0.2873867	1.078537	3.391036
20568	-81.22138	-243.1251	161.9037	0.04769268	0.7904071	2.32286
20574	-88.67411	-249.6316	160.9575	0.2202254	0.6208406	2.609679
20580	-83.88175	-244.263	160.3813	0.9998844	0.7653685	2.10455
20586	-94.55118	-253.8505	159.2994	1.21865	0.2201155	2.992827
20592	-85.15147	-247.5826	162.4311	0.3108811	1.178638	0.9995073
20598	-86.82894	-248.442	161.6131	0.7085902	1.458838	0.8581605
20604	-73.37062	-235.2864	161.9158	0.5302177	1.58577	0.4781142
20610	-70.02745	-232.3288	162.3013	0.399631	1.347941	0.729415
20616	-80.52181	-242.7721	162.2503	0.3821724	1.471911	0.6601282
20622	-81.50923	-244.1015	162.5923	0.1947247	1.310114	1.01063
20628	-82.35649	-243.5777	161.2212	0.2247658	0.970267	2.214687
20634	-75.317	-237.0017	161.6847	0.3985313	1.015423	1.596827
20640	-69.35697	-230.5004	161.1434	0.6073651	1.015423	1.735903
20646	-70.5471	-232.1777	161.6306	0.7700841	0.8263893	1.35586
20652	-80.48448	-241.0096	160.5251	1.749095	0.6023528	1.711708
20658	-81.59937	-242.0272	160.4279	1.749095	0.7787979	1.655363
20664	-69.79409	-230.7611	160.967	0.8949086	0.7379667	1.802662
20670	-90.80875	-252.054	161.2453	1.360258	1.083329	0.9627335
20676	-92.92865	-254.1092	161.1805	1.360258	1.018038	1.089664
20682	-78.45037	-239.8975	161.4472	1.237771	1.04858	0.8903132
20688	-73.89526	-235.8516	161.9564	0.5372147	1.459409	0.7205687
20694	-73.88246	-235.4537	161.5713	0.7270601	1.649534	0.4584057
20700	-78.66351	-240.0302	161.3666	0.8683654	1.100906	1.254826
20706	-82.85005	-244.7323	161.8823	0.5274491	0.7724025	1.462944
20712	-76.44178	-237.4036	160.9618	1.323886	0.469185	1.71471
20718	-75.89037	-237.4587	161.5683	1.216547	0.7634595	1.076173
20724	-82.10627	-243.7184	161.6121	1.214335	0.7487848	1.050521
20730	-76.55536	-238.5653	162.01	0.8395169	0.9300805	0.8252933
20736	-72.14129	-233.9361	161.7948	0.7163867	1.214006	0.9189339
20742	-71.46117	-233.5241	162.0629	0.737472	0.7945156	1.046046
20748	-78.07359	-240.0441	161.9706	0.4121903	1.735941	0.5004312
20754	-79.76086	-240.2137	160.4529	2.514789	1.355504	0.7299933
20760	-70.05863	-231.4825	161.4239	1.282794	1.202309	0.6451773
20766	-70.68247	-231.7273	161.0448	1.282794	1.595626	0.6101401
20772	-81.52563	-241.9398	160.4142	2.439228	1.061457	1.136314
20778	-76.59598	-238.5609	161.9649	0.571097	1.32149	0.8297694
20784	-84.39616	-246.9442	162.548	0.1427489	1.108193	1.372456
20790	-81.70552	-243.2152	161.5097	0.2024557	0.6295728	2.289459
20796	-75.71417	-237.6717	161.9575	0.3149001	1.138593	1.431332
20802	-78.3227	-239.4783	161.1556	0.3149001	0.7904579	2.227501
20808	-76.55685	-237.6531	161.0962	0.997482	0.8797877	1.532454
20814	-72.78096	-235.4992	162.7183	0.2770343	0.9713842	0.9995731
20820	-72.04234	-234.5916	162.5492	0.1084429	1.110469	1.471328
20826	-76.11277	-238.4858	162.3731	0.08228853	0.8292277	1.878884
20832	-71.02676	-233.4598	162.433	0.1115967	0.9333985	1.676938
20838	-69.52681	-231.6903	162.1635	0.3636407	0.9416737	1.34219
20844	-65.2251	-227.7367	162.5116	0.2601144	1.106787	1.107727
20850	-72.8392	-234.2995	161.4603	0.2510171	1.106787	1.92012
20856	-61.53425	-223.2739	161.7396	0.764815	1.000493	1.123512
20862	-68.67772	-230.549	161.8713	0.7698887	1.137172	0.8420519
20868	-66.20155	-227.2256	161.0241	1.201393	0.9444005	1.393681
20874	-72.56708	-232.6287	160.0616	0.5025627	0.6879018	2.751532
20880	-71.54093	-231.8097	160.2688	0.6907561	0.5764726	2.522107
20886	-72.92344	-234.8222	161.8988	0.6750404	0.9605427	1.119291
20892	-73.09121	-234.8544	161.7632	0.1113747	0.1123622	2.652017
20898	-67.2367	-228.0206	160.7839	0.1109529	0.8727552	2.787173
20904	-67.56396	-229.1956	161.6316	0.1450535	0.4339344	2.454261
20910	-81.37471	-242.1937	160.819	0.4361255	0.5256193	2.454261
20916	-77.20785	-238.6454	161.4376	0.6710174	0.7285127	1.668122
20922	-77.37787	-238.6193	161.2414	0.7936553	0.2863611	2.000923
20928	-75.57123	-235.8523	160.2811	0.7936553	0.6214051	2.40564
20934	-73.58566	-234.1269	160.5412	0.1548759	0.7092651	2.933841
20940	-73.56903	-235.7246	162.1555	0.06031908	0.2289763	2.478572
20946	-77.74719	-238.9419	161.1947	0.1843857	0.04831722	2.879824
20952	-85.14068	-245.4276	160.2869	0.4168538	0.6678522	2.717983
20958	-77.43216	-237.8867	160.4545	0.5677273	0.2993655	2.685849
20964	-80.42461	-241.5346	161.11	1.138741	0.9575807	1.359541
20970	-81.67099	-243.2396	161.5686	0.4712259	0.8230979	1.722723
20976	-76.93368	-237.3944	160.4607	0.9231414	0.5628022	2.23595
20982	-70.74017	-231.4688	160.7286	0.7146204	0.6848045	2.140537
20988	-76.46802	-237.075	160.6069	1.322823	0.3933062	2.009929
20994	-84.97798	-244.956	159.978	0.9609427	0.7543228	2.396436
21000	-91.84946	-254.0667	162.2172	0.3360866	1.429657	0.9011919
21006	-77.47762	-238.3097	160.832	1.087486	0.613776	1.847373
21012	-77.8581	-238.673	160.8149	2.023615	1.001881	1.02743
21018	-81.542	-243.7971	162.2551	0.4601022	1.23684	0.7965229
21024	-75.54765	-237.0985	161.5508	0.3929322	1.303403	1.490866
21030	-72.60305	-233.1419	160.5389	1.034619	0.9555201	1.848725
21036	-75.4501	-235.6279	160.1778	0.5787563	0.1959787	2.907217
21042	-88.13866	-247.8561	159.7174	0.2996919	0.3302313	3.406549
21048	-78.37411	-238.6858	160.3117	0.433291	0.207222	2.96403
21054	-76.27408	-238.303	162.0289	0.1742424	0.8649071	1.849066
21060	-77.94313	-240.028	162.0848	0.1187701	0.8024648	1.987029
21066	-65.43076	-227.3512	161.9205	0.4757887	1.137493	1.208315
21072	-68.66012	-230.0788	161.4187	0.7801932	1.049312	1.337419
21078	-76.86792	-237.5384	160.6705	0.6654653	1.004614	2.010758
21084	-73.86602	-234.7729	160.9069	0.3853903	0.1217673	2.709819
21090	-79.87648	-239.3402	159.4637	1.599821	0.1461308	2.75967
21096	-73.11401	-233.044	159.93	0.5154233	0.3659867	3.013222
21102	-76.6424	-237.1171	160.4747	0.2952222	0.677515	2.753029
21108	-73.765	-235.9902	162.2252	0.1629984	0.9361452	1.688314
21114	-70.88304	-232.3541	161.4711	0.5348712	0.8643724	1.688314
21120	-73.03228	-233.2292	160.1969	0.9102474	0.8643724	2.22048
21126	-75.93842	-236.3235	160.3851	0.9925423	0.3285343	2.387929
21132	-73.38612	-233.6026	160.2165	0.7723912	0.4136151	2.59188
21138	-74.69941	-234.1895	159.4901	1.936616	0.2641468	2.536207
21144	-73.72399	-232.9705	159.2465	1.441607	0.2112834	2.921718
21150	-77.01147	-237.2545	160.2431	1.026236	0.4931983	2.352356
21156	-82.54452	-243.6406	161.0961	1.151207	0.09282008	1.981623
21162	-78.29651	-237.4503	159.1538	0.8362044	0.06565577	3.394566
21168	-62.42945	-221.3428	158.9134	0.5837175	0.3844011	3.540009
21174	-58.60168	-219.4492	160.8476	0.6583572	0.0688496	2.504746
21180	-70.96676	-230.9909	160.0241	1.37878	0.02270726	2.591419
21186	-79.16341	-239.1344	159.971	0.1379602	0.04528326	3.696506
21192	-77.68228	-237.3754	159.6931	2.352156	0.2993899	2.23921
21198	-73.7648	-233.1899	159.4251	1.065066	0.4902951	2.837829
21204	-68.9682	-230.499	161.5308	0.8669874	0.3024432	1.734638
21210	-67.63367	-227.3098	159.6761	0.9646154	0.1187264	2.9707
21216	-77.29326	-237.0519	159.7587	0.6471065	0.5996685	2.857327
21222	-86.03925	-247.6017	161.5624	0.1606622	0.2618757	2.571046
21228	-84.14412	-244.4078	160.2637	0.5978057	0.6315039	2.571046
21234	-78.58238	-239.0521	160.4697	0.8331635	0.1223876	2.571046
21240	-82.19705	-242.2096	160.0125	0.8331635	0.6366207	2.535588
21246	-79.55588	-238.7318	159.176	1.400248	0.3318078	2.910675
21252	-75.59293	-235.7122	160.1192	0.5470135	0.6372368	2.703756
21258	-78.05628	-236.9361	158.8798	0.5470135	0.3380846	3.618813
21264	-81.70666	-240.1673	158.4606	0.927895	0.2735832	3.618813
21270	-66.67744	-227.679	161.0015	0.1521276	0.3917824	2.853257
21276	-69.4053	-230.4667	161.0614	0.5606855	0.2375148	2.352423
21282	-70.57907	-231.5106	160.9315	0.2984849	0.6023093	2.512714
21288	-70.51042	-232.16	161.6496	0.3405154	0.6321606	1.97005
21294	-65.28265	-226.9183	161.6357	0.3627594	0.5421269	2.008258
21300	-72.28593	-233.4031	161.1171	0.7172009	0.6359146	1.912844
21306	-71.75382	-232.7505	160.9966	0.7919583	0.9675653	1.703133
21312	-76.54902	-237.3005	160.7514	2.571844	0.7403992	1.061728
21318	-79.4511	-241.8514	162.4003	0.1481957	1.005613	1.548116
21324	-76.78226	-237.2058	160.4236	0.79705	0.3010375	2.514777
21330	-83.16216	-244.7282	161.5661	0.2930082	0.4544946	2.212042
21336	-72.77828	-233.4008	160.6225	0.2370363	0.2537536	3.008642
21342	-76.0578	-235.5268	159.469	1.558086	0.1862639	2.749928
21348	-82.96871	-243.5413	160.5726	1.570648	1.123644	1.380341
21354	-76.35019	-237.9892	161.639	0.697543	1.350971	0.9649532
21360	-75.49181	-237.45	161.9582	0.5293183	0.9988469	1.219068
21366	-74.28654	-235.5997	161.3131	1.00726	1.215339	1.07327
21372	-80.36867	-242.3824	162.0137	0.5286233	1.192374	0.9920853
21378	-74.0362	-234.9591	160.9229	1.469937	1.30037	0.9843975
21384	-77.99411	-240.0171	162.023	0.4595412	1.230335	1.058524
21390	-71.13569	-232.7832	161.6476	0.3472519	0.6867412	1.925034
21396	-70.16113	-231.7283	161.5672	0.5078619	0.7941909	1.700681
21402	-75.5602	-236.027	160.4668	0.2178676	0.5268304	2.970061
21408	-82.76838	-243.7498	160.9814	0.2178676	0.7327717	2.529517
21414	-80.26157	-241.9257	161.6642	0.2641154	1.210098	1.684186
21420	-72.85417	-235.4052	162.551	0.1624515	1.15611	1.276571
21426	-68.87088	-229.6861	160.8152	1.418301	1.009696	1.36741
21432	-64.5681	-226.5413	161.9732	0.5040718	1.364127	0.8946281
21438	-72.83386	-234.8831	162.0493	0.2841339	1.860405	0.33637
21444	-78.75422	-240.6999	161.9457	0.5724802	1.490804	0.5200702
21450	-72.24807	-235.0793	162.8312	0.1450076	1.55123	0.5211356
21456	-71.41437	-234.0919	162.6775	0.2758905	1.135319	0.8698937
21462	-69.18426	-230.7859	161.6017	0.6117443	1.135319	1.298535
21468	-79.59956	-241.2744	161.6749	0.5339653	1.246693	1.24278
21474	-67.31812	-229.608	162.2899	0.314947	1.246693	1.061609
21480	-68.81053	-228.5089	159.6984	2.276595	0.9088886	1.858331
21486	-69.06776	-230.1845	161.1167	1.642325	0.8522238	1.110056
21492	-74.2083	-235.2401	161.0318	1.204133	0.7542169	1.530517
21498	-72.52591	-234.1158	161.5899	0.8834881	1.008537	1.127543
21504	-70.10613	-230.9735	160.8674	0.7109893	0.3191503	2.290101
21510	-75.72917	-235.4157	159.6866	0.9010636	0.6785995	2.664647
21516	-68.20573	-228.4217	160.216	1.760985	0.7066348	1.848762
21522	-71.29216	-231.285	159.9928	0.9963031	0.2488834	2.679596
21528	-64.23087	-224.9265	160.6957	0.9963031	0.3593972	2.16669
21534	-72.08673	-232.2418	160.1551	1.966333	0.09573256	2.210276
21540	-78.66067	-237.0778	158.4171	0.7097284	0.1681477	3.851441
21546	-70.87081	-232.0199	161.149	0.6308959	0.2782305	2.204421
21552	-70.00014	-230.8274	160.8273	0.864705	0.2628919	2.233919
21558	-75.31445	-236.5924	161.2779	0.2957143	0.927885	2.0872
21564	-80.07584	-242.5228	162.447	0.260053	1.187869	1.092791
21570	-74.88594	-236.7674	161.8815	0.3875458	1.862032	0.4309392
21576	-77.55945	-239.6968	162.1374	0.2805577	1.829076	0.4043838
21582	-83.86074	-243.9481	160.0874	0.5186783	0.1268459	3.058996
21588	-78.78677	-239.4266	160.6398	1.055308	0.1109824	2.325189
21594	-81.52061	-242.6788	161.1582	1.752025	1.125339	0.6437213
21600	-79.40443	-237.9331	158.5287	2.564418	0.1156908	3.007901
21606	-72.36468	-231.6511	159.2864	1.818581	0.4295921	2.605134
21612	-65.65372	-226.3452	160.6915	1.380781	0.4370172	1.892705
21618	-70.56564	-231.2018	160.6362	1.447543	0.9119768	1.560831
21624	-67.05194	-228.7231	161.6711	0.4534269	0.9074132	1.611435
21630	-69.10795	-231.6457	162.5378	0.2203944	1.32317	0.97678
21636	-62.42007	-224.7811	162.361	0.2374225	1.005029	1.369811
21642	-85.14392	-246.0652	160.9213	0.4844738	0.4230758	2.401084
21648	-74.51725	-235.2167	160.6994	0.5058198	0.7018443	2.342495
21654	-93.4464	-254.7285	161.2821	0.5715924	0.6877726	1.902549
21660	-85.0636	-246.0827	161.0191	0.3704834	0.3760122	2.5015
21666	-82.90769	-242.8787	159.971	1.878875	0.5668608	2.057368
21672	-87.59058	-249.7144	162.1238	0.538615	0.9342988	1.11788
21678	-73.44296	-235.7531	162.3101	0.1912167	1.160302	1.392086
21684	-66.14212	-227.8647	161.7226	0.6295863	1.433099	0.884585
21690	-64.10741	-225.5612	161.4538	0.4471574	2.148114	0.3710673
21696	-67.10721	-229.6953	162.588	0.2960192	1.35412	0.567365
21702	-73.14873	-234.6104	161.4617	0.8221559	1.606535	0.6576417
21708	-70.1086	-232.4505	162.3419	0.4471531	1.073864	0.9159599
21714	-69.66264	-230.7603	161.0977	1.388566	1.473168	0.4481044
21720	-77.03789	-237.946	160.9081	0.9974052	1.727142	0.2106245
21726	-66.03942	-227.3082	161.2688	0.905112	1.683609	0.3412855
21732	-66.82207	-229.0108	162.1887	0.4534896	1.440998	0.5257921
21738	-54.67064	-216.1674	161.4968	0.9657055	1.440998	0.5928855
21744	-59.23586	-220.5737	161.3378	0.912301	1.66925	0.5327362
21750	-78.53906	-240.3026	161.7635	0.6884185	1.447336	0.6999557
21756	-85.15176	-246.2332	161.0815	0.8941498	1.382774	1.233901
21762	-67.98983	-229.4202	161.4304	0.976836	0.7130815	1.421656
21768	-71.25578	-232.4229	161.1672	1.090942	0.7801229	1.486278
21774	-77.92862	-239.1355	161.2069	0.8761115	0.7801229	1.617844
21780	-73.0938	-233.2477	160.1539	1.278233	0.8789929	2.012535
21786	-76.46093	-236.6515	160.1906	3.028469	0.3845475	1.632497
21792	-83.80537	-242.8191	159.0137	2.386344	0.3253742	2.639332
21798	-67.17442	-227.0183	159.8439	1.532879	0.55446	2.29754
21804	-63.7144	-224.1444	160.43	1.788845	0.317252	1.95558
21810	-66.89121	-227.694	160.8027	1.369922	0.2159449	1.972522
21816	-66.52846	-227.2737	160.7453	1.190634	0.2452523	2.089938
21822	-60.49296	-221.5862	161.0933	1.190634	0.5033383	1.676754
21828	-56.778	-218.4795	161.7015	0.9959114	1.057681	0.8425712
21834	-70.61645	-232.1897	161.5732	0.8619438	1.427605	0.6997286
21840	-72.69977	-233.8083	161.1086	1.558937	1.176388	0.8444197
21846	-62.63014	-223.8633	161.2332	1.391347	0.7558618	1.251432
21852	-79.46117	-238.5586	159.0974	1.62908	0.3041445	2.87397
21858	-77.50907	-238.0924	160.5834	1.62908	0.5810366	1.742287
21864	-93.26397	-254.3494	161.0854	0.6853569	0.3786561	2.132323
21870	-91.41041	-251.6424	160.2319	3.269906	0.7734252	1.224071
21876	-76.66772	-237.2207	160.553	2.00072	1.206793	1.094007
21882	-66.52035	-228.9048	162.3844	0.2879726	1.579825	0.4500887
21888	-74.96001	-236.5649	161.6049	0.6714598	1.534578	0.8353163
21894	-71.96234	-234.1065	162.1441	0.4077888	1.566664	0.5463752
21900	-92.78708	-254.7364	161.9493	0.455403	1.095187	1.249534
21906	-90.51508	-252.4672	161.9521	0.5184874	1.279546	0.982677
21912	-92.70124	-255.1581	162.4568	0.292443	1.383237	0.7849364
21918	-79.83651	-241.73	161.8934	0.6477037	1.094539	1.033755
21924	-77.35919	-238.9911	161.632	0.6477037	1.119458	1.245012
21930	-74.30819	-236.8447	162.5365	0.2816505	1.402345	0.6672004
21936	-81.15214	-242.7016	161.5495	0.4059847	1.384692	1.410624
21942	-71.30362	-232.8402	161.5366	0.1978763	1.343413	1.80786
21948	-72.85445	-234.346	161.4915	0.2620535	0.7129596	2.141889
21954	-77.01738	-239.6347	162.6173	0.1795363	0.7241915	1.518097
21960	-75.0065	-235.602	160.5955	3.144238	0.202413	1.431275
21966	-77.64617	-237.6842	160.038	1.959182	0.1235954	2.270425
21972	-80.83363	-241.7452	160.9116	0.5617066	0.1193582	2.520027
21978	-72.22514	-232.659	160.4338	0.6471225	0.4730862	2.520267
21984	-60.69807	-222.0631	161.365	0.7196001	0.3348559	1.946684
21990	-65.8103	-225.9761	160.1658	1.162106	0.1359238	2.545587
21996	-71.37336	-232.3091	160.9357	0.9733546	0.2759797	2.079418
22002	-71.93776	-234.2635	162.3258	0.3113229	1.437775	0.8279637
22008	-73.79399	-234.7946	161.0006	1.554821	1.247318	0.8916268
22014	-63.77651	-225.7843	162.0078	0.69131	1.024675	0.9285147
22020	-64.28789	-226.1979	161.91	0.7598217	1.035553	0.9285147
22026	-62.7796	-225.1315	162.3519	0.2455063	1.045078	1.32813
22032	-63.46459	-224.2389	160.7743	1.690656	0.9745734	1.27177
22038	-65.39405	-227.8304	162.4364	0.4013899	1.03959	0.9425556
22044	-74.9113	-234.697	159.7856	4.006594	0.751651	1.385951
22050	-63.17693	-225.4243	162.2473	0.4868345	0.3517757	1.554243
22056	-65.98437	-226.3249	160.3406	1.055692	0.2104824	2.451283
22062	-82.11999	-241.2325	159.1125	0.6634278	0.1659174	3.485504
22068	-78.85185	-239.0924	160.2405	0.8615524	0.6240797	2.380184
22074	-77.80822	-239.3199	161.5117	0.6888451	1.167275	1.259225
22080	-66.65453	-228.8038	162.1493	0.4743331	1.167275	0.9708465
22086	-82.85415	-244.5895	161.7354	0.3227921	1.167275	1.563328
22092	-74.33442	-236.8327	162.4983	0.1916709	1.30504	1.113154
22098	-73.62641	-236.7079	163.0815	0.1143585	1.252959	0.8441446
22104	-83.55425	-246.127	162.5727	0.1608467	1.252959	1.18113
22110	-83.59257	-246.0326	162.44	0.3026419	1.278566	0.904772
22116	-91.40928	-252.2282	160.8189	0.948388	0.709566	1.884767
22122	-80.16268	-240.9785	160.8158	0.3051447	0.7542577	2.480362
22128	-88.39101	-250.0915	161.7005	0.2397786	0.9740561	1.867322
22134	-72.18204	-232.9048	160.7228	0.6718294	0.770361	2.125096
22140	-72.40634	-234.6084	162.202	0.2857212	0.9109651	1.470292
22146	-73.84338	-233.0264	159.183	0.2369709	0.6523433	3.621965
22152	-74.90327	-235.717	160.8137	0.6495696	0.3945815	2.328297
22158	-79.03087	-240.0227	160.9918	0.6495696	0.06823623	2.422177
22164	-83.92241	-243.5979	159.6755	0.3337737	0.1884305	3.469148
22170	-66.95052	-228.1611	161.2106	0.3377504	0.3224661	2.458034
22176	-75.48088	-236.5563	161.0755	0.344031	0.4440985	2.458034
22182	-71.4341	-233.9582	162.5241	0.1826658	0.5804444	1.683271
22188	-72.43078	-234.6166	162.1858	0.2961206	1.001811	1.393988
22194	-77.66358	-240.4152	162.7516	0.03365273	0.876914	1.747487
22200	-74.25203	-236.7252	162.4732	0.1458588	0.9085503	1.57204
22206	-83.411	-243.4385	160.0275	0.4766175	0.4657366	2.933457
22212	-78.59433	-239.2237	160.6294	0.4588634	0.5551422	2.528995
22218	-67.12849	-228.6429	161.5145	0.6047036	0.6488814	1.735429
22224	-61.69182	-223.4689	161.7771	0.3176555	0.8306954	1.78195
22230	-68.09484	-229.4522	161.3574	0.3868412	0.7310431	2.035396
22236	-73.88342	-233.5031	159.6197	0.8029959	0.4274269	2.925658
22242	-73.56505	-235.8664	162.3014	0.09670182	0.5715187	2.056889
22248	-82.33917	-243.3076	160.9684	1.101416	0.8046415	1.607786
22254	-75.85458	-237.2044	161.3499	0.528795	0.711098	1.885633
22260	-72.16167	-232.735	160.5733	1.165287	0.672652	1.934876
22266	-73.1548	-231.7362	158.5814	1.165287	0.1835566	3.46702
22272	-74.17212	-234.8878	160.7157	0.9112648	0.7798191	1.933666
22278	-89.39468	-247.8987	158.504	1.369501	0.7055424	3.103928
22284	-75.22375	-236.4298	161.206	0.4739153	0.7976215	1.985357
22290	-87.82159	-247.9013	160.0797	1.370519	0.7427418	2.102239
22296	-68.34017	-230.4937	162.1536	0.160015	0.9080724	1.765558
22302	-87.05742	-246.9993	159.9419	0.6263313	1.227291	2.373659
22308	-72.31638	-233.7448	161.4285	0.2051921	1.142229	2.002836
22314	-80.8786	-243.071	162.1924	0.06994428	1.285469	1.728149
22320	-82.49328	-244.8707	162.3774	0.06883315	0.880463	1.88396
22326	-88.72222	-250.2606	161.5383	0.2955554	0.7067069	2.061589
22332	-90.95815	-252.6619	161.7038	0.5151581	0.7080194	1.65633
22338	-83.44468	-243.031	159.5864	1.287682	0.4549261	2.640129
22344	-87.08814	-246.3424	159.2543	0.8696161	0.6190578	2.98446
22350	-88.05419	-247.7563	159.7021	0.6019273	0.5093422	2.98446
22356	-88.4825	-248.0593	159.5767	0.776954	0.5000048	2.926513
22362	-76.73757	-238.3217	161.5841	0.5810196	1.050122	1.415457
22368	-84.57484	-245.6168	161.042	1.144549	0.949575	1.414875
22374	-70.58993	-232.2513	161.6613	0.280052	0.30241	2.268635
22380	-76.76996	-236.3571	159.5872	1.037339	0.5189349	2.73791
22386	-71.95534	-231.3556	159.4003	0.5611557	0.1929793	3.387156
22392	-80.11811	-241.1454	161.0272	1.792147	1.160679	0.764693
22398	-79.47804	-240.1222	160.6442	2.04959	1.316936	0.8570941
22404	-81.07334	-241.3709	160.2975	2.345392	0.9163048	1.392915
22410	-76.62331	-237.4648	160.8415	1.742776	0.9163048	1.235652
22416	-80.89325	-242.482	161.5888	1.110576	0.6136473	1.271576
22422	-77.30154	-238.9595	161.658	0.330573	0.2876863	2.205245
22428	-73.54126	-233.3513	159.8101	0.4654988	0.5366735	3.032963
22434	-72.4665	-233.4831	161.0166	0.7964622	0.945147	1.701072
22440	-77.56895	-238.9339	161.3649	0.7691109	0.6251184	1.70428
22446	-81.06941	-240.8519	159.7825	0.6236257	0.5511401	2.892125
22452	-70.90638	-231.6139	160.7075	0.7017206	0.1128133	2.528749
22458	-82.58861	-242.7749	160.1863	0.5824051	0.03034089	2.998576
22464	-83.68888	-243.1816	159.4927	0.4357379	0.3657187	3.353868
22470	-82.55689	-242.5805	160.0236	0.5264459	0.2979584	2.987248
22476	-86.21421	-245.4778	159.2636	1.041525	0.4376972	2.980783
22482	-70.11703	-229.9079	159.7909	0.9331318	0.5754728	2.642828
22488	-78.36568	-236.4719	158.1062	1.216158	0.7429422	3.391599
22494	-77.93404	-238.5234	160.5894	1.755316	0.7046929	1.589247
22500	-76.78908	-237.3608	160.5718	2.506773	0.9715688	1.042764
22506	-78.2955	-239.4983	161.2028	2.061716	0.6118353	1.007882
22512	-68.36984	-228.4385	160.0687	0.5928154	0.5682579	2.734668
22518	-72.16988	-232.327	160.1571	0.2910078	0.4876897	3.065422
22524	-71.63676	-231.9006	160.2638	0.1696648	0.2768191	3.326731
22530	-66.60689	-228.2211	161.6143	0.2078789	0.5466857	2.265363
22536	-64.09499	-224.5752	160.4802	0.5743137	0.6880412	2.421998
22542	-68.32644	-229.69	161.3636	0.4383133	0.6205651	2.040096
22548	-65.67788	-226.0535	160.3756	0.3177832	0.3298846	2.99209
22554	-63.42927	-224.9486	161.5193	0.1609161	0.08017976	2.709212
22560	-63.98344	-225.3068	161.3234	0.2151087	0.1078987	2.709212
22566	-65.75587	-227.6709	161.915	0.4945858	0.1190753	1.941507
22572	-59.13417	-220.226	161.0919	0.9428723	0.3585421	1.941507
22578	-50.12176	-212.6919	162.5702	0.270442	0.7381146	1.347857
22584	-58.06991	-219.8924	161.8225	0.2170014	1.030172	1.78802
22590	-60.49831	-222.3383	161.84	0.2170014	0.6337322	2.044515
22596	-66.66893	-228.9822	162.3132	0.4631534	0.7653784	1.209316
22602	-67.83692	-228.6437	160.8068	0.4911775	0.6927045	2.295343
22608	-75.94531	-237.7605	161.8151	0.4862641	0.7595666	1.572894
22614	-79.90537	-242.0775	162.1721	0.4073513	1.153017	1.080609
22620	-76.85248	-239.3205	162.468	0.1881211	1.355202	1.104931
22626	-80.09056	-242.4056	162.315	0.1986099	1.170248	1.362819
22632	-73.33746	-234.8382	161.5007	0.5378071	1.07829	1.507609
22638	-78.36428	-240.4108	162.0465	0.1939892	0.6623118	1.932734
22644	-70.09359	-232.0763	161.9827	0.153363	0.741205	2.010879
22650	-89.42607	-249.9072	160.4812	1.42395	1.901429	0.2639486
22656	-89.12697	-249.3937	160.2668	1.798879	1.859201	0.2665342
22662	-88.60238	-249.2507	160.6483	1.138587	1.859201	0.2131101
22668	-80.60521	-242.032	161.4268	0.4901546	2.084076	0.3496472
22674	-68.62296	-231.1848	162.5619	0.2781477	1.077918	1.045663
22680	-81.3723	-243.1691	161.7968	0.4738358	1.245538	1.224465
22686	-77.61483	-239.8526	162.2378	0.5067907	1.077862	0.9138828
22692	-81.49796	-243.8197	162.3217	0.273548	1.259062	1.111221
22698	-90.04635	-251.9248	161.8784	0.1933802	1.326796	1.586857
22704	-84.4822	-246.7302	162.248	0.2248896	1.459534	1.11203
22710	-92.87356	-254.1138	161.2402	0.4457431	1.866418	1.211649
22716	-82.56957	-244.792	162.2224	0.4175844	1.341447	0.8033237
22722	-75.85337	-237.3738	161.5204	0.7983516	0.707904	1.505668
22728	-82.71742	-243.1466	160.4292	0.9371789	0.4444126	2.322481
22734	-79.11987	-238.6344	159.5145	0.8129589	0.5068863	2.934159
22740	-71.85439	-232.2077	160.3533	1.146931	0.3007126	2.332545
22746	-68.66337	-229.1493	160.486	0.5046437	0.3306722	2.708346
22752	-72.46867	-232.0983	159.6297	0.5429917	0.711853	2.959554
22758	-76.96172	-239.0958	162.1341	0.3602071	1.066808	1.270342
22764	-77.95522	-239.9564	162.0012	0.4896392	0.7535638	1.433679
22770	-82.32867	-245.4173	163.0886	0.07488436	0.9596	1.281895
22776	-73.48379	-235.0345	161.5507	0.337369	0.45896	2.154142
22782	-66.22043	-228.8436	162.6231	0.1683887	0.6893701	1.566258
22788	-74.85473	-237.0927	162.238	0.3795863	0.6283309	1.501567
22794	-73.77346	-235.0537	161.2802	0.6633563	0.8246181	1.718889
22800	-73.12042	-232.0719	158.9515	0.9325311	0.3083521	3.308788
22806	-80.93662	-241.0318	160.0951	0.5695684	1.367687	2.239023
22812	-71.16355	-233.7927	162.6292	0.198812	1.368973	0.89693
22818	-68.50967	-230.7478	162.2382	0.3729301	1.368973	0.858009
22824	-79.72424	-242.1426	162.4183	0.0820411	1.282654	1.526121
22830	-71.10983	-232.8943	161.7845	0.5648815	0.8775621	1.412691
22836	-68.95982	-231.3684	162.4086	0.1394166	1.208097	1.412691
22842	-72.39559	-234.5429	162.1473	0.2548274	1.12926	1.40388
22848	-74.9226	-236.8772	161.9546	0.3999789	1.114109	1.313402
22854	-90.57428	-252.2438	161.6695	0.8133878	1.399759	0.6759
22860	-71.77907	-234.3503	162.5712	0.1418545	1.399759	1.111013
22866	-85.60665	-247.6819	162.0753	0.4011767	1.468607	0.8670386
22872	-70.90259	-233.068	162.1654	0.2321887	1.320286	1.285259
22878	-74.25834	-236.2304	161.9721	0.3994108	1.205902	1.224127
22884	-68.22359	-229.7176	161.494	0.7314208	1.205902	1.195265
22890	-80.36921	-241.6635	161.2943	0.3617277	0.5603055	2.221343
22896	-73.28933	-234.4297	161.1404	0.9053909	0.2543212	2.005423
22902	-70.33136	-232.2103	161.8789	0.7629645	0.7711982	1.204417
22908	-68.16941	-229.242	161.0726	1.008222	0.7990062	1.601288
22914	-67.33774	-228.5378	161.2001	1.175431	0.8173811	1.373161
22920	-70.8278	-232.0734	161.2456	1.175431	1.107675	1.089561
22926	-67.36311	-229.3822	162.0191	0.5298306	0.9846329	1.178362
22932	-72.23085	-234.043	161.8121	1.047765	0.6635908	1.085445
22938	-86.10529	-246.1311	160.0258	4.115396	1.074152	0.8304868
22944	-75.79858	-237.2862	161.4877	0.6555392	0.604926	1.734988
22950	-78.04716	-237.6455	159.5983	0.6555392	0.04414733	3.278184
22956	-66.61231	-227.3902	160.7779	0.6555392	0.1251814	2.515463
22962	-93.43751	-253.4649	160.0274	1.768365	0.6313713	2.023445
22968	-95.55268	-256.4733	160.9206	1.626367	0.8904588	1.256434
22974	-84.58961	-247.1065	162.5169	0.3331769	0.160928	1.708791
22980	-91.24328	-253.2874	162.0441	0.5512172	1.136616	0.9819353
22986	-74.60748	-234.7599	160.1524	2.333116	0.7619292	1.621961
22992	-69.65557	-230.9106	161.255	0.7179133	0.9071834	1.626845
22998	-89.01218	-250.3685	161.3563	0.4858387	0.6616514	1.962199
23004	-81.47792	-241.7236	160.2457	1.590915	0.3971956	2.112694
23010	-83.13824	-243.8687	160.7305	2.661288	0.672008	1.105297
23016	-74.67514	-235.4079	160.7327	1.435407	0.7334697	1.627218
23022	-81.47039	-242.5783	161.1079	1.435407	0.9891669	1.129028
23028	-79.263	-240.0049	160.7419	1.935395	0.9097316	1.223339
23034	-79.9258	-241.725	161.7992	0.4093195	1.039761	1.478593
23040	-89.06187	-249.8163	160.7544	0.8921062	1.143652	1.669181
23046	-78.03478	-239.0748	161.04	1.632661	0.3810939	1.556218
23052	-81.28058	-243.528	162.2474	0.4579929	0.9346159	1.126812
23058	-78.33884	-238.7563	160.4174	1.197242	0.3390016	2.238413
23064	-76.26818	-236.2846	160.0164	1.503216	0.1321536	2.469288
23070	-73.49021	-233.2393	159.7491	1.740403	0.2353197	2.469288
23076	-72.7248	-233.414	160.6892	0.9812405	0.2421986	2.256392
23082	-72.50372	-232.8536	160.3499	1.152824	0.1648534	2.417391
23088	-59.47291	-219.8975	160.4246	1.204939	0.2862603	2.263409
23094	-68.02522	-229.4563	161.431	0.5020043	0.1427274	2.236166
23100	-70.103	-229.914	159.811	1.206338	0.1577744	2.727005
23106	-69.5953	-228.6647	159.0694	0.3738318	0.1340173	3.803474
23112	-79.55396	-240.8663	161.3123	0.3714771	0.2711022	2.381861
23118	-72.94464	-233.4229	160.4783	1.167667	0.1138257	2.360067
23124	-75.16753	-235.2726	160.1051	0.5029157	0.5404359	2.814567
23130	-78.50131	-239.3353	160.834	0.2014135	0.2193249	2.962937
23136	-71.15181	-232.6787	161.5269	0.2014135	0.1288756	2.595476
23142	-81.1265	-242.7328	161.6063	0.1590742	0.4496202	2.42964
23148	-75.87558	-236.7229	160.8473	0.5664472	0.3206678	2.42964
23154	-77.08571	-236.1645	159.0788	0.665479	0.3384417	3.402697
23160	-79.37366	-240.6387	161.265	0.3078565	0.2797411	2.492328
23166	-79.43799	-239.6064	160.1684	0.6103047	0.03155394	2.984114
23172	-73.41182	-233.8638	160.452	0.7889201	0.08769472	2.635501
23178	-79.16861	-239.396	160.2274	0.6999756	0.4230617	2.635501
23184	-68.33506	-228.82	160.4849	0.8131592	0.0261771	2.635501
23190	-71.44222	-231.7612	160.319	0.4968448	0.4371794	2.753264
23196	-73.80854	-232.539	158.7305	1.059874	0.3736825	3.325158
23202	-85.05178	-245.2867	160.2349	0.7061656	0.3873478	2.64792
23208	-91.28034	-251.4864	160.206	1.168222	0.1119877	2.532038
23214	-75.23043	-236.896	161.6656	0.4856039	0.3356258	1.973672
23220	-74.80778	-235.6274	160.8197	1.36171	0.8008435	1.556377
23226	-89.70617	-250.4966	160.7905	0.517334	0.7335192	2.252099
23232	-86.40492	-247.5166	161.1116	0.6601492	0.7788731	1.870484
23238	-77.04634	-236.9723	159.926	0.7564411	0.4600471	2.75397
23244	-83.69281	-244.4442	160.7514	0.2191355	0.5134071	2.803896
23250	-82.91635	-243.0845	160.1681	0.6335689	0.2244016	2.847999
23256	-85.42851	-244.4821	159.0536	0.8603172	0.09846598	3.41809
23262	-74.86137	-235.938	161.0767	1.112719	0.7207903	1.582413
23268	-66.5478	-227.2997	160.7519	0.9115341	0.1656548	2.311786
23274	-72.97189	-233.0191	160.0472	1.233925	0.05781661	2.628621
23280	-72.4772	-231.8411	159.3639	1.501915	0.0303579	2.932929
23286	-72.96458	-234.0269	161.0623	1.002264	0.02595798	2.14118
23292	-76.91697	-237.299	160.382	1.101526	0.1533381	2.433925
23298	-73.12311	-233.2392	160.1161	1.09145	0.428641	2.433925
23304	-73.04344	-233.1616	160.1181	1.40485	0.8100701	2.01472
23310	-73.55662	-234.4176	160.861	1.40485	0.9012774	1.424274
23316	-72.68681	-233.9019	161.2151	0.8458673	0.9012774	1.548
23322	-67.54743	-228.9057	161.3583	0.8557503	1.151582	1.231237
23328	-70.72334	-232.1292	161.4058	1.126329	1.291746	0.7582687
23334	-66.98485	-227.883	160.8982	1.020111	1.066985	1.52384
23340	-70.95302	-231.8542	160.9012	1.59927	1.308024	0.8998276
23346	-74.27998	-236.0923	161.8123	0.710146	0.9737393	1.143692
23352	-81.79394	-242.4491	160.6552	1.102263	1.071767	1.640555
23358	-75.56509	-236.2104	160.6453	0.7025306	0.5962636	2.261825
23364	-69.59222	-230.0234	160.4312	1.344709	0.1657392	2.261825
23370	-67.68313	-228.3154	160.6323	0.6723189	0.6110395	2.286223
23376	-77.67933	-238.2835	160.6042	2.337957	0.7093804	1.316939
23382	-78.7521	-241.2728	162.5207	0.3390557	0.8583031	1.156812
23388	-80.60906	-241.5686	160.9596	1.974057	0.6350185	1.251819
23394	-70.73307	-232.3261	161.593	0.5298989	0.6527965	1.756996
23400	-76.74169	-238.3393	161.5976	0.6472184	1.021972	1.3528
23406	-82.88167	-245.1328	162.2511	0.2419493	1.610675	0.9130383
23412	-78.52258	-240.0458	161.5232	0.7736117	1.175556	1.150888
23418	-77.49469	-239.0908	161.5961	0.7703458	1.052947	1.197627
23424	-71.7874	-233.9845	162.1971	0.3961515	1.052947	1.167614
23430	-77.92345	-240.2191	162.2957	0.1526186	1.052947	1.578867
23436	-89.02908	-249.5583	160.5293	1.050401	0.07275582	2.422408
23442	-91.09293	-250.9657	159.8727	1.29769	0.3299903	2.534965
23448	-91.30985	-251.7451	160.4352	0.687471	0.02596823	2.761686
23454	-77.74813	-236.7817	159.0335	0.6627106	0.001636419	3.627611
23460	-70.14054	-231.7028	161.5622	0.8487645	0.6068625	1.5064
23466	-74.83289	-236.1566	161.3238	0.1727558	0.3558148	2.635836
23472	-79.41474	-238.9213	159.5066	0.1276968	0.6214307	3.653984
23478	-72.19663	-233.1933	160.9966	0.3420284	0.6968595	2.350924
23484	-74.48508	-236.1328	161.6477	0.2157158	0.3638962	2.346247
23490	-63.46287	-225.5426	162.0797	0.22788	0.9519322	1.640084
23496	-72.46351	-234.7192	162.2556	0.1069127	0.9763411	1.784938
23502	-68.06722	-228.8108	160.7436	0.2422365	0.7190575	2.643856
23508	-81.1679	-242.5168	161.3489	0.1773599	0.5280318	2.5041
23514	-65.66904	-227.6514	161.9824	0.2430888	0.8715482	1.737047
23520	-56.80725	-217.3491	160.5418	0.5712025	0.180012	2.702332
23526	-64.26042	-223.7859	159.5255	0.6479701	0.2599023	3.19982
23532	-74.42146	-234.9728	160.5513	0.704347	0.1537169	2.598229
23538	-75.96364	-234.556	158.5923	1.137735	0.1124152	3.51659
23544	-67.84911	-228.0152	160.1661	1.245354	0.269763	2.416244
23550	-69.43067	-231.1192	161.6885	0.6844114	0.4981011	1.640602
23556	-61.3236	-223.8246	162.501	0.3338556	0.8438991	1.19623
23562	-71.01403	-232.7653	161.7512	0.2250153	0.8438991	1.948476
23568	-73.7568	-235.7522	161.9954	0.3071763	0.6191181	1.793794
23574	-71.03036	-232.0031	160.9727	0.4949995	0.9419889	2.020883
23580	-68.42361	-230.5874	162.1638	0.343785	1.084902	1.259316
23586	-76.1661	-238.1446	161.9785	0.3225195	0.4164206	1.920349
23592	-66.46009	-226.2234	159.7633	0.4725019	0.5222826	3.062292
23598	-75.32339	-236.4456	161.1222	0.474551	0.5778591	2.184385
23604	-78.25039	-239.4276	161.1773	0.723887	0.7474887	1.789372
23610	-75.97402	-237.0524	161.0783	1.631915	0.1912218	1.666488
23616	-74.82489	-235.1888	160.3639	1.552698	0.09184741	2.251649
23622	-79.94833	-239.8666	159.9182	1.552698	0.2511249	2.433699
23628	-74.38562	-234.5283	160.1427	1.552698	0.2618815	2.28447
23634	-63.0638	-222.7427	159.6789	1.66901	0.1683588	2.584376
23640	-73.84719	-233.9731	160.1259	0.2844531	0.6608348	2.989802
23646	-75.42644	-236.7585	161.3321	0.4580892	0.214056	2.301812
23652	-76.45975	-237.4249	160.9651	0.4954085	0.2406282	2.476713
23658	-60.43077	-221.1116	160.6808	0.7461965	0.8618342	2.029311
23664	-66.04956	-228.8071	162.7576	0.1822174	0.4911168	1.580359
23670	-69.37838	-231.8003	162.4219	0.1149332	1.064902	1.580359
23676	-62.81499	-225.5237	162.7088	0.3138264	0.7259686	1.156727
23682	-83.7457	-244.5755	160.8297	1.180038	0.6115186	1.792449
23688	-80.79591	-241.934	161.1381	0.9747536	0.4890765	1.798407
23694	-75.01143	-234.8835	159.8721	1.007227	0.4514571	2.622468
23700	-70.82265	-231.2297	160.4071	1.501856	0.4642725	2.003969
23706	-69.82421	-229.4298	159.6056	0.588964	0.1456256	3.26971
23712	-67.24374	-227.1433	159.8996	1.300862	0.09378608	2.662963
23718	-66.12099	-226.5926	160.4716	1.087543	0.03604431	2.459522
23724	-70.408	-229.1338	158.7258	1.087543	0.2037327	3.412333
23730	-67.07078	-228.2653	161.1945	0.5039333	0.2503565	2.316742
23736	-70.68651	-231.3328	160.6463	0.2359285	0.1037542	3.085907
23742	-70.12348	-231.2556	161.1321	0.1623095	0.524349	2.671341
23748	-74.67881	-235.465	160.7862	0.5201609	0.1188637	2.638467
23754	-77.77653	-238.7588	160.9823	0.3016257	0.3935267	2.606351
23760	-72.54443	-233.385	160.8405	0.4117914	0.3312927	2.590145
23766	-79.06188	-239.6781	160.6162	2.152774	0.3006881	1.689407
23772	-62.17051	-223.6157	161.4452	0.3964478	0.6235085	2.036021
23778	-68.5672	-229.6772	161.11	0.3473464	0.6235085	2.318278
23784	-73.92085	-235.9519	162.031	0.2850808	0.6301066	1.797441
23790	-62.64841	-222.9989	160.3505	0.5963185	0.1602548	2.808493
23796	-69.95571	-232.3202	162.3645	0.3078648	0.4156216	1.676325
23802	-71.09336	-232.3947	161.3014	0.5660792	0.6505971	1.920314
23808	-73.17875	-231.8053	158.6265	1.108818	0.2283573	3.444407
23814	-69.65825	-228.2699	158.6116	1.302231	0.3611986	3.276317
23820	-80.18169	-239.8729	159.6912	1.609634	0.1959033	2.584894
23826	-80.15972	-240.7753	160.6156	1.026572	0.1924506	2.306469
23832	-78.76006	-239.8049	161.0449	0.5434251	0.6383532	2.122052
23838	-79.54081	-239.673	160.1322	1.008104	0.4560248	2.457135
23844	-84.10708	-243.7686	159.6615	0.9222832	0.3006068	2.896503
23850	-81.24614	-240.2378	158.9917	2.290544	0.2099048	2.754236
23856	-71.90836	-233.5791	161.6708	0.5411036	0.657771	1.686261
23862	-74.54382	-235.3314	160.7876	1.009812	0.6587402	1.898179
23868	-74.37061	-234.7485	160.3779	1.989815	0.7881816	1.576821
23874	-81.25989	-241.8671	160.6072	0.8714845	0.5926236	2.158093
23880	-86.14587	-247.2653	161.1194	1.531214	0.7063504	1.299489
23886	-68.43445	-228.4531	160.0186	1.531214	0.313604	2.340469
23892	-85.64022	-245.8142	160.174	0.6819152	0.3603363	2.72146
23898	-78.85028	-238.6456	159.7953	0.9744199	0.4625544	2.683278
23904	-78.58157	-240.2466	161.665	0.694091	0.4637913	1.672901
23910	-77.40633	-237.1031	159.6968	1.443126	0.2917157	2.596872
23916	-79.04437	-239.5817	160.5373	1.443126	0.2369631	2.097116
23922	-83.70925	-244.3018	160.5925	0.2934755	0.3778726	2.866099
23928	-90.43288	-250.1321	159.6992	0.4323917	0.2932109	3.278532
23934	-81.76354	-241.1942	159.4306	0.4685391	0.4975519	3.278532
23940	-81.43475	-241.7478	160.313	0.6890744	0.6051853	2.477902
23946	-76.55307	-238.2405	161.6875	0.5138389	0.6051853	1.742266
23952	-78.74443	-239.4528	160.7084	2.21284	0.5046598	1.447645
23958	-78.05006	-238.6726	160.6226	2.21284	0.7297183	1.339031
23964	-78.70431	-240.1597	161.4554	0.9534493	0.8174321	1.339031
23970	-69.74629	-230.9155	161.1693	0.6512703	0.8174321	1.812786
23976	-73.01698	-234.4993	161.4823	0.4139602	0.6013148	2.003865
23982	-75.65368	-236.9092	161.2556	0.4679392	0.377768	2.234865
23988	-70.63643	-232.0697	161.4333	0.7273429	0.4089851	1.843264
23994	-76.07253	-237.4438	161.3713	1.589608	0.09736728	1.543195
24000	-70.3216	-231.2815	160.9599	1.067165	0.3162636	1.975314
24006	-72.25634	-232.4735	160.2171	0.6420227	0.3462347	2.736774
24012	-71.36813	-231.1918	159.8237	2.681329	0.3345628	2.025632
24018	-64.43545	-225.4329	160.9975	0.7490998	0.5471437	2.025632
24024	-63.35663	-223.3836	160.0269	0.7876701	0.3545774	2.733613
24030	-66.28481	-227.693	161.4082	0.62639	0.06350902	2.179712
24036	-65.73768	-224.4996	158.7619	0.62639	0.0678014	3.775389
24042	-67.40024	-227.55	160.1498	0.7377322	0.4351605	2.646154
24048	-70.59162	-231.106	160.5144	1.377845	0.9115023	1.687901
24054	-71.21647	-232.6892	161.4727	0.5108784	0.9782302	1.633178
24060	-67.17415	-228.4963	161.3222	1.060947	0.9936936	1.215692
24066	-69.6826	-231.6079	161.9253	0.5604516	1.128297	1.091186
24072	-66.6296	-228.1118	161.4822	0.2911724	0.9646136	1.933894
24078	-74.7353	-236.6277	161.8924	0.3912362	0.397345	1.894551
24084	-59.25772	-221.0366	161.7789	0.6195639	0.594897	1.569219
24090	-60.35435	-220.8605	160.5061	2.516575	0.769961	1.274206
24096	-58.81698	-219.5299	160.713	1.937637	0.8056206	1.331591
24102	-64.09961	-225.5393	161.4397	0.8823528	1.369617	0.9222607
24108	-66.80526	-228.1939	161.3887	0.653478	1.150952	1.408723
24114	-73.01878	-234.2522	161.2334	1.125689	1.075627	1.169477
24120	-74.53335	-236.0476	161.5142	1.102685	1.264911	0.6557007
24126	-77.53891	-239.15	161.6111	0.7271655	1.009689	1.266434
24132	-73.73965	-234.8413	161.1016	1.582911	0.8367393	1.173974
24138	-76.35099	-238.0099	161.6589	0.5928708	1.155867	1.257133
24144	-73.457	-235.7898	162.3328	0.3895804	1.155867	0.953356
24150	-72.57398	-233.067	160.4931	0.9952414	0.8026594	2.00916
24156	-66.94248	-227.9053	160.9628	0.6877834	0.6849424	2.00916
24162	-74.43621	-235.4042	160.968	0.2413101	0.6815204	2.529564
24168	-78.96417	-241.1455	162.1813	0.4238233	0.8856884	1.278124
24174	-75.51882	-235.6682	160.1493	0.5375857	0.2745996	2.915002
24180	-76.06708	-236.6639	160.5968	0.4691848	0.5671009	2.530667
24186	-95.77406	-252.5303	156.7563	1.167563	1.086259	3.998509
24192	-81.60769	-241.6078	160.0001	1.114228	0.326544	2.557085
24198	-78.51439	-238.55	160.0356	1.670787	0.7173874	2.003638
24204	-65.71978	-226.7945	161.0747	0.5715899	0.2124087	2.349424
24210	-71.65865	-232.2631	160.6044	1.841278	0.9406818	1.357543
24216	-75.93883	-238.7065	162.7677	0.2678951	0.8807103	1.061604
24222	-70.46002	-231.0734	160.6134	0.9728184	0.5530937	2.109515
24228	-71.22006	-231.3577	160.1377	1.343109	0.2455251	2.398703
24234	-84.18522	-244.4081	160.2229	0.9725527	0.04671213	2.67723
24240	-75.18857	-235.635	160.4465	1.112179	0.1691867	2.377011
24246	-69.57379	-230.7219	161.1481	0.9745322	0.3108472	1.913652
24252	-69.99972	-231.6077	161.6079	0.8362131	0.7324708	1.38634
24258	-74.94642	-235.0813	160.1348	3.180366	0.8272659	1.289808
24264	-67.66848	-229.3869	161.7184	0.6183555	1.182454	1.151998
24270	-73.74475	-235.1714	161.4267	0.8212337	1.214493	1.151998
24276	-72.90633	-234.1863	161.2799	1.426254	0.9935914	0.9666626
24282	-79.06387	-238.5285	159.4647	0.8802678	0.6974483	2.802778
24288	-74.50666	-234.8766	160.3699	2.502465	0.9568788	1.237826
24294	-75.06348	-236.1823	161.1188	1.541171	0.9568788	1.077081
24300	-74.49312	-235.0198	160.5267	0.948432	0.5177843	2.205253
24306	-74.9665	-235.9764	161.0099	0.6323419	0.4140376	2.205253
24312	-76.21632	-236.3337	160.1174	1.342138	0.6172494	2.174275
24318	-72.84114	-233.7209	160.8798	1.624607	0.5887764	1.525196
24324	-75.38585	-235.8655	160.4796	1.006826	0.3697654	2.292502
24330	-74.39077	-234.155	159.7642	0.8307056	0.4242833	2.820589
24336	-78.3469	-238.8662	160.5193	0.6254342	0.9919242	2.15493
24342	-85.42051	-247.2138	161.7933	0.4684958	1.389192	1.109827
24348	-82.02262	-244.0409	162.0182	0.5920496	1.389192	0.5202547
24354	-74.1318	-235.5141	161.3823	0.895928	1.601503	0.661286
24360	-80.59463	-240.9892	160.3946	2.804277	1.34142	0.4102228
24366	-68.6629	-229.4778	160.8149	1.519326	1.622024	0.3696977
24372	-67.97455	-228.8258	160.8513	1.818592	1.247045	0.859576
24378	-68.71449	-229.8594	161.1449	1.505434	1.230341	0.777038
24384	-64.3929	-225.7231	161.3302	1.589928	0.9447962	0.8295845
24390	-67.20649	-228.5814	161.3749	0.7643289	1.553381	0.9412289
24396	-55.95326	-216.4993	160.5461	1.138166	1.881024	0.1863113
24402	-64.71128	-226.0648	161.3535	1.026109	1.525055	0.5884415
24408	-82.90964	-243.716	160.8064	1.442884	1.581931	0.2757282
24414	-78.88996	-240.8976	162.0076	0.4865455	1.56467	0.4714758
24420	-71.31942	-233.6866	162.3672	0.2872658	1.328426	0.9682562
24426	-68.9648	-230.8115	161.8467	0.5628486	1.573336	0.6369948
24432	-73.14341	-234.6707	161.5273	0.5219816	1.987197	0.4756824
24438	-77.14743	-238.3465	161.199	0.6910829	1.987197	0.3214889
24444	-88.82356	-251.3679	162.5443	0.1251739	1.84354	0.7090631
24450	-67.46344	-229.4591	161.9957	0.5240442	1.480663	0.6465682
24456	-65.74651	-227.9864	162.2399	0.2956786	1.162815	1.2205
24462	-78.09434	-240.8673	162.7729	0.1108691	1.662299	0.7241471
24468	-74.3527	-235.7791	161.4264	0.5763918	1.988647	0.4148187
24474	-80.17793	-241.8981	161.7201	0.51196	1.800659	0.4291697
24480	-75.91571	-236.6337	160.718	1.470011	1.735146	0.3446128
24486	-81.67125	-241.9683	160.2971	2.037554	1.749743	0.3112314
24492	-78.02169	-238.6443	160.6226	1.668065	1.749743	0.4713747
24498	-75.05676	-236.6504	161.5937	0.6177575	1.743713	0.6412772
24504	-73.01493	-235.4296	162.4146	0.1992508	1.571981	0.9083682
24510	-70.28231	-232.9116	162.6293	0.2114641	1.379576	0.84035
24516	-65.961	-228.4404	162.4794	0.2213663	1.379576	0.9760023
24522	-75.64401	-237.3273	161.6833	0.4727988	1.419951	1.173703
24528	-77.71754	-239.8399	162.1224	0.5560616	1.256449	0.7328543
24534	-75.19832	-238.0856	162.8873	0.1176713	0.8072734	1.416252
24540	-76.6102	-236.5548	159.9446	0.7551694	0.4945778	2.722409
24546	-72.97685	-233.8242	160.8473	1.0288	0.1507687	2.182768
24552	-78.53637	-238.2531	159.7167	0.1818813	0.3264743	3.594508
24558	-73.98335	-233.1748	159.1914	0.36937	0.3824707	3.594508
24564	-76.85031	-238.9213	162.071	0.6221194	0.9440054	1.042177
24570	-71.58737	-233.5253	161.9379	0.5673219	1.157278	1.042177
24576	-78.06337	-239.4812	161.4178	0.3059133	0.3853601	2.332112
24582	-77.396	-238.4231	161.0271	0.3814455	0.2329996	2.571858
24588	-83.76282	-246.1001	162.3373	0.1306849	0.1000815	2.251562
24594	-77.23577	-237.8359	160.6001	0.5564282	0.08247422	2.74012
24600	-77.84668	-238.897	161.0503	0.2344261	0.08236923	2.85837
24606	-85.97678	-246.4927	160.5159	0.2870444	0.4270433	2.891978
24612	-76.10627	-236.1705	160.0642	0.7210112	0.4610332	2.695887
24618	-75.22801	-235.4409	160.2129	0.483632	0.9190441	2.535154
24624	-71.44237	-232.648	161.2056	0.4422725	0.7758002	2.037164
24630	-75.59185	-236.7494	161.1576	0.4527652	0.04550065	2.524135
24636	-78.36235	-236.7693	158.4069	0.7254873	0.1700149	3.844681
24642	-81.33939	-241.5329	160.1935	0.3849236	0.266936	3.054183
24648	-81.97834	-243.5479	161.5696	0.3849236	0.7029982	1.914637
24654	-80.58119	-240.7707	160.1895	0.9217939	0.6003528	2.385967
24660	-71.74403	-230.4253	158.6813	0.6991172	0.1976709	3.690088
24666	-89.00732	-247.7156	158.7083	1.636541	0.3540147	3.074785
24672	-93.81856	-254.5022	160.6836	0.4750381	0.8460653	2.293528
24678	-78.93883	-239.7581	160.8193	0.9388179	0.9364928	1.734571
24684	-73.89048	-233.2532	159.3627	1.046356	0.5997361	2.820187
24690	-84.59325	-245.1485	160.5552	2.117059	0.7312856	1.431835
24696	-78.87204	-239.5853	160.7132	0.887847	0.5978663	2.073434
24702	-70.10577	-230.5853	160.4795	1.230331	0.3166398	2.194307
24708	-80.36736	-239.9802	159.6128	2.006693	0.2984906	2.411717
24714	-81.93239	-241.6105	159.6782	1.097182	0.6863558	2.54335
24720	-84.38797	-244.9182	160.5302	1.13205	0.9174333	1.817811
24726	-80.19279	-240.7867	160.594	2.1966	0.2760963	1.705529
24732	-67.65538	-227.5701	159.9147	1.241676	0.42725	2.477192
24738	-65.34371	-225.4932	160.1495	1.142055	0.1386989	2.565151
24744	-65.79117	-226.3027	160.5115	0.5825097	0.6834891	2.397417
24750	-66.98161	-227.5603	160.5787	1.233359	0.4738271	2.024551
24756	-72.8044	-232.9076	160.1032	1.007491	0.7660467	2.279342
24762	-79.48234	-240.3341	160.8517	0.4380881	0.7652058	2.279342
24768	-74.08924	-235.9065	161.8172	0.3044397	0.4554229	2.029629
24774	-73.79372	-235.2653	161.4716	0.572527	0.5444595	1.870171
24780	-68.68296	-229.3743	160.6913	1.633251	0.6473654	1.616136
24786	-65.58591	-227.9192	162.3333	0.2786082	1.137058	1.197706
24792	-74.41763	-236.0483	161.6307	0.8560313	1.322481	0.7832412
24798	-70.98782	-233.312	162.3242	0.3823374	1.322481	0.7832412
24804	-70.95684	-232.4529	161.4961	0.6296854	1.17132	1.334084
24810	-63.58337	-224.8897	161.3064	0.9658341	1.17132	1.157281
24816	-63.86513	-225.9767	162.1116	0.2943162	1.012977	1.445931
24822	-66.90984	-228.5676	161.6577	0.479017	1.028136	1.499594
24828	-72.74739	-234.5807	161.8333	0.7629435	1.129708	0.9051914
24834	-75.83381	-238.934	163.1002	0.1844689	0.9345173	0.9051914
24840	-76.38705	-238.1398	161.7527	0.3545478	1.052015	1.584932
24846	-76.77083	-240.0018	163.2309	0.1412185	0.7198999	1.131279
24852	-72.42509	-234.2008	161.7757	0.8053073	0.9970181	1.048394
24858	-69.08646	-231.5544	162.4679	0.188391	1.077549	1.339755
24864	-66.75616	-228.7602	162.004	0.3604697	0.2162426	1.983096
24870	-72.88582	-233.6368	160.751	0.4426655	0.6080207	2.437785
24876	-68.32614	-229.217	160.8909	0.354436	0.7998099	2.336052
24882	-69.3541	-229.9135	160.5594	2.507516	0.1896493	1.67744
24888	-66.49891	-227.4119	160.913	1.06515	0.2277728	2.066545
24894	-68.30712	-229.102	160.7949	1.290664	0.02135499	2.148345
24900	-68.62863	-229.6947	161.0661	0.4796049	0.03171562	2.560661
24906	-77.13625	-235.2516	158.1153	0.9499494	0.01284271	3.954662
24912	-76.65815	-236.4919	159.8338	0.812454	0.1281622	2.97028
24918	-77.16452	-237.1439	159.9794	0.9624192	0.1067223	2.795837
24924	-78.26461	-239.0332	160.7686	0.7309079	1.092957	1.826915
24930	-71.53861	-232.229	160.6904	1.57045	0.6229048	1.6659
24936	-77.38269	-237.3015	159.9189	1.371369	0.4140396	2.416312
24942	-78.9627	-239.46	160.4973	1.089306	0.6625932	2.038769
24948	-93.63512	-253.7897	160.1546	1.253815	0.7905252	2.084089
24954	-76.17384	-237.9127	161.7389	0.4608847	0.8222285	1.61455
24960	-80.41306	-242.1129	161.6998	0.5977968	0.7999955	1.498942
24966	-78.8909	-238.4974	159.6065	0.5977968	0.7221883	2.917518
24972	-83.03607	-245.9477	162.9116	0.1206659	1.126722	1.122066
24978	-73.91897	-236.2578	162.3389	0.3994796	0.8443529	1.219594
24984	-76.4324	-238.3037	161.8713	0.3157565	1.585863	1.132898
24990	-77.88127	-237.8676	159.9864	0.9685859	0.8560279	2.321606
24996	-71.17072	-231.657	160.4863	0.8702617	0.4608535	2.321606
25002	-77.45066	-238.325	160.8743	0.540114	0.1639495	2.536258
25008	-82.8999	-244.2643	161.3644	0.6304691	0.08309857	2.191686
25014	-79.45242	-241.0987	161.6463	0.4385158	0.408157	1.993127
25020	-76.38028	-237.5677	161.1874	0.7221483	0.3319615	2.064734
25026	-72.37064	-233.2191	160.8485	0.6605696	0.4194584	2.280626
25032	-79.83815	-239.1768	159.3386	0.6628367	0.316021	3.265137
25038	-67.63848	-226.7588	159.1203	0.6628367	0.5343897	3.265137
25044	-72.75314	-232.4075	159.6544	0.5614723	0.1546669	3.259877
25050	-81.58969	-241.675	160.0853	0.290306	0.6124314	3.034767
25056	-68.23081	-229.6646	161.4338	0.2211914	0.7111437	2.251141
25062	-64.56292	-224.9915	160.4286	0.8413935	0.6610559	2.251141
25068	-72.11295	-231.6572	159.5443	0.1888584	0.03336674	3.85085
25074	-75.38165	-236.5133	161.1317	0.282663	0.02388922	2.769256
25080	-77.54205	-237.236	159.694	0.4497185	0.1275669	3.360729
25086	-82.30611	-241.8712	159.5651	0.4923837	0.02722419	3.45195
25092	-73.28582	-233.5476	160.2618	0.5026785	0.02857006	3.029076
25098	-88.13326	-247.5321	159.3989	0.9747386	0.009721763	3.195021
25104	-73.17695	-232.8992	159.7222	0.5372524	0.1698524	3.232956
25110	-86.484	-245.9521	159.4681	0.5473988	0.4081161	3.232956
25116	-83.26425	-242.1543	158.89	0.7701847	0.578019	3.294138
25122	-80.07157	-239.1943	159.1228	1.354091	0.229297	3.02607
25128	-70.03293	-230.2056	160.1727	0.3091609	0.2444791	3.17581
25134	-69.02873	-229.9281	160.8994	0.876872	0.2275217	2.201514
25140	-76.13655	-236.1737	160.0372	1.142471	0.5797774	2.358649
25146	-62.22287	-223.3414	161.1185	0.9123655	0.6634506	1.735899
25152	-72.06659	-232.1386	160.072	0.9663304	1.016515	2.164699
25158	-75.99308	-237.5207	161.5276	0.9663304	0.9459978	1.160432
25164	-68.13295	-227.9814	159.8485	1.292514	0.6012384	2.382598
25170	-76.93342	-237.1013	160.1679	1.229044	0.4672	2.298615
25176	-91.19733	-249.7596	158.5622	1.774585	0.04479474	3.290428
25182	-77.71355	-238.1012	160.3876	0.6744688	0.571626	2.464334
25188	-72.8582	-232.8943	160.0361	1.430689	0.2075618	2.443556
25194	-70.65135	-231.2734	160.622	1.082009	0.1780035	2.277502
25200	-71.737	-231.4847	159.7477	0.9410705	0.1265018	2.937599
25206	-78.6935	-239.3645	160.671	0.9265441	0.178579	2.344864
25212	-77.61051	-237.6269	160.0164	0.8272321	0.7385051	2.473814
25218	-80.30914	-240.4978	160.1887	0.6057137	0.1955122	2.877028
25224	-91.43461	-253.3496	161.915	0.4742945	1.252451	1.1144
25230	-78.0512	-240.0664	162.0152	0.3184923	1.252451	1.289259
25236	-79.47869	-241.1087	161.63	0.8395307	1.417623	0.6589869
25242	-77.90809	-239.756	161.8479	0.3577801	1.960622	0.4487154
25248	-81.04352	-243.4346	162.3911	0.08187249	1.960622	0.9793658
25254	-79.72659	-241.6677	161.9411	0.3026569	1.960622	0.3817911
25260	-77.79778	-238.9837	161.1859	0.6811226	1.972713	0.2895694
25266	-72.60113	-234.1007	161.4996	0.5028791	1.972713	0.3310775
25272	-73.21131	-235.684	162.4727	0.107347	2.054259	0.4832479
25278	-67.56248	-229.0257	161.4632	0.4483763	2.054259	0.2914384
25284	-70.84988	-231.5131	160.6632	0.897808	2.054259	0.2030379
25290	-81.2416	-243.1402	161.8986	0.2863928	2.054259	0.405565
25296	-73.90456	-235.9707	162.0662	0.3448473	1.774695	0.4845076
25302	-73.02859	-235.0579	162.0293	0.3038883	1.902348	0.483613
25308	-72.40438	-234.0676	161.6632	0.4532944	1.953807	0.4200452
25314	-75.92931	-237.7662	161.8369	0.359167	1.970572	0.4574032
25320	-67.12468	-229.4613	162.3366	0.2647661	1.48147	0.8957906
25326	-73.98448	-236.3887	162.4042	0.2583729	1.48147	0.8349911
25332	-80.13444	-242.2744	162.14	0.3679168	1.48147	0.8530618
25338	-87.78498	-249.2689	161.4839	0.8335244	1.48147	0.8013432
25344	-80.68597	-241.2619	160.576	0.6340558	0.6462712	2.333085
25350	-76.8201	-235.9411	159.121	1.595899	0.442386	2.789642
25356	-77.20187	-237.0977	159.8958	0.9319877	0.5711273	2.58138
25362	-72.00973	-231.8998	159.8901	1.925247	0.4549001	2.165168
25368	-72.79145	-233.7043	160.9128	1.00731	0.1335828	2.165168
25374	-72.86928	-233.3171	160.4478	1.095237	0.347975	2.272292
25380	-74.2817	-237.3819	163.1002	0.1131053	1.253032	0.8271116
25386	-71.9581	-233.4068	161.4487	0.9768381	1.308872	0.8677982
25392	-77.55	-239.8843	162.3343	0.3161955	1.476877	0.747592
25398	-80.88052	-242.9913	162.1107	0.3161955	1.354377	1.124908
25404	-77.03221	-239.3932	162.361	0.2748503	1.354377	0.9790009
25410	-75.91377	-236.4391	160.5253	1.504735	0.5504749	1.864706
25416	-76.04617	-235.6738	159.6276	1.429238	0.5504749	2.485417
25422	-75.62564	-235.9559	160.3302	0.9229482	0.3783516	2.436458
25428	-85.4454	-245.5228	160.0775	0.9229482	0.6311112	2.436458
25434	-79.83367	-242.0902	162.2566	0.3410451	0.8138741	1.406746
25440	-71.12368	-232.8323	161.7087	0.6496962	0.8386934	1.406746
25446	-70.92814	-232.1448	161.2166	0.2781181	0.3661315	2.512544
25452	-77.49487	-236.87	159.3752	0.4563037	0.3698615	3.398804
25458	-67.36936	-228.5302	161.1609	0.4705923	0.4163957	2.267943
25464	-70.40091	-230.1631	159.7622	0.9811087	0.1525035	2.888287
25470	-72.14134	-232.8945	160.7531	0.8287685	0.2206557	2.334486
25476	-77.5055	-237.9524	160.4469	0.565811	0.2659421	2.71282
25482	-78.54568	-239.2399	160.6942	1.296928	0.3884097	1.969027
25488	-82.75131	-244.6838	161.9325	0.6447931	0.737029	1.315508
25494	-81.62528	-243.7492	162.124	0.2867889	1.184811	1.315508
25500	-85.3369	-248.3838	163.0469	0.1182326	1.079204	1.049521
25506	-81.81359	-244.0482	162.2346	0.2173051	0.9696668	1.53576
25512	-80.6981	-242.159	161.4609	0.2752768	0.9793542	1.964178
25518	-67.22896	-227.9183	160.6893	0.2767913	0.261874	2.901994
25524	-68.73799	-229.3069	160.5689	0.6078417	0.6607239	2.352028
25530	-65.16558	-226.4104	161.2449	0.2707648	0.6921507	2.300375
25536	-70.55756	-232.3831	161.8256	0.2707648	1.279908	1.503511
25542	-72.22333	-234.9201	162.6967	0.2152119	1.053839	1.09768
25548	-72.02916	-234.5643	162.5351	0.356997	0.9165315	1.055803
25554	-61.20127	-222.4828	161.2816	0.3982144	0.8181157	2.013189
25560	-62.27598	-223.4899	161.2139	1.039774	0.623808	1.603391
25566	-63.9617	-226.0555	162.0938	0.1827474	0.8804869	1.774707
25572	-59.6123	-221.6991	162.0868	0.2532817	0.686463	1.774707
25578	-68.5941	-229.1318	160.5377	0.5106205	0.4397937	2.603231
25584	-71.30268	-230.9635	159.6608	1.35296	0.5092431	2.527511
25590	-71.19782	-232.1208	160.923	0.5933267	0.6261264	2.160309
25596	-78.41498	-239.3234	160.9084	0.3674846	0.4685873	2.516625
25602	-75.71523	-236.6513	160.9361	0.9092836	0.6100747	1.900816
25608	-73.96743	-235.5838	161.6163	0.338538	0.9381394	1.787066
25614	-69.66082	-230.2053	160.5445	1.053972	0.6987046	2.005717
25620	-68.84167	-228.5625	159.7209	1.053972	0.07959548	2.913832
25626	-68.66221	-229.4066	160.7444	1.06877	0.295827	2.130273
25632	-62.15712	-223.4053	161.2481	1.012799	1.016071	1.297531
25638	-68.69248	-229.0335	160.3411	1.164884	1.159228	1.760725
25644	-78.41327	-238.7529	160.3397	1.882184	0.4954639	1.856295
25650	-67.61603	-228.0981	160.4821	2.923996	0.9354477	0.9769144
25656	-65.90916	-226.3125	160.4033	3.236257	0.7909339	1.068268
25662	-64.83359	-225.9304	161.0968	1.80149	1.064332	0.7937448
25668	-70.41403	-231.3327	160.9187	1.80149	1.322009	0.6668739
25674	-74.43386	-235.1342	160.7004	1.998287	1.446308	0.6054087
25680	-76.75545	-238.9147	162.1593	0.4740082	1.420511	0.5931965
25686	-88.36426	-249.7974	161.4332	0.9507938	1.525361	0.4324821
25692	-71.18731	-233.2669	162.0796	0.425499	1.525361	0.7220884
25698	-71.66345	-233.6801	162.0167	0.425499	1.664633	0.5131433
25704	-66.04715	-228.0435	161.9963	0.425499	1.664633	0.6087036
25710	-69.12278	-230.3829	161.2601	0.9902533	1.664633	0.5428153
25716	-68.40252	-229.5966	161.1941	0.9565604	1.664633	0.3053395
25722	-68.77733	-230.7602	161.9829	0.442074	1.664633	0.4571482
25728	-65.0665	-227.339	162.2726	0.3056818	1.592428	0.6991605
25734	-66.50894	-228.3181	161.8091	0.5965035	1.592428	0.5083247
25740	-79.95653	-241.7344	161.7779	0.5288755	1.592428	0.8057762
25746	-68.04134	-230.9409	162.8996	0.1472602	1.293979	0.864803
25752	-64.15152	-226.9912	162.8397	0.1368722	1.293979	0.9717933
25758	-66.29398	-228.4143	162.1203	0.6041851	1.162085	0.7699312
25764	-68.07616	-230.5884	162.5122	0.2838248	1.065103	1.091443
25770	-77.13509	-237.7247	160.5896	1.173263	1.065103	1.646177
25776	-70.98124	-232.2001	161.2189	0.8071359	1.065103	1.455816
25782	-70.20427	-230.8829	160.6787	2.629405	0.8988266	0.9491232
25788	-75.39482	-235.5405	160.1457	2.48649	0.6020121	1.685717
25794	-72.89679	-232.8403	159.9435	3.71545	1.137378	1.002821
25800	-79.73794	-240.5078	160.7699	1.622019	1.530886	0.7650296
25806	-74.36286	-235.9149	161.5521	0.6509887	0.5625937	1.723848
25812	-79.37578	-238.5715	159.1957	1.182512	0.5030609	2.903818
25818	-76.46813	-237.3514	160.8832	1.182512	0.6287025	1.741647
25824	-75.01103	-236.7446	161.7335	0.3151546	0.9030197	1.765821
25830	-64.50907	-226.2244	161.7154	0.3761091	0.3780007	2.046287
25836	-67.77553	-229.0495	161.274	0.5623989	0.764091	1.86558
25842	-79.62452	-241.5236	161.899	0.2878816	0.890319	1.702982
25848	-72.97756	-233.7642	160.7866	0.9641345	0.9877187	1.702982
25854	-78.34219	-240.3233	161.9811	0.6493764	0.5295028	1.435448
25860	-77.3324	-237.9237	160.5913	1.171954	0.7609514	1.85866
25866	-72.72546	-234.993	162.2675	0.3933864	0.6986112	1.404721
25872	-69.59331	-230.7542	161.1609	0.5970634	0.6406464	1.9904
25878	-74.03531	-233.9036	159.8682	0.8408587	0.1637586	2.908357
25884	-76.52655	-237.349	160.8224	0.2583475	0.2647781	2.84767
25890	-80.8565	-242.5313	161.6748	0.1506163	1.001186	2.048998
25896	-85.17615	-247.0749	161.8987	0.2913741	0.9239902	1.673387
25902	-83.40482	-245.4132	162.0084	0.2474427	0.9239902	1.673387
25908	-91.76597	-253.9245	162.1585	0.2872878	1.12806	1.3324
25914	-86.57699	-248.5139	161.9369	0.676274	1.12806	0.9147467
25920	-84.28764	-246.3497	162.0621	0.3770904	1.12806	1.250771
25926	-73.54718	-234.7624	161.2152	1.44375	0.6336751	1.33299
25932	-64.99469	-226.8939	161.8993	0.4559135	0.4370148	1.780164
25938	-70.11375	-232.2388	162.125	0.1286043	0.5571049	2.097728
25944	-73.38992	-234.4745	161.0846	0.1906887	0.7575797	2.499698
25950	-79.55243	-242.732	163.1796	0.1231604	0.900951	1.074414
25956	-83.08705	-243.5005	160.4134	0.4121907	0.6032974	2.685375
25962	-72.17095	-234.8649	162.694	0.2118375	0.8686216	1.269063
25968	-76.0046	-238.3522	162.3476	0.2060132	1.403906	1.121104
25974	-75.39218	-237.7963	162.4041	0.183407	1.214468	1.293362
25980	-72.63601	-232.4623	159.8263	1.076211	0.1640027	2.785849
25986	-74.99387	-235.3182	160.3243	1.076211	0.6466064	2.170804
25992	-67.54546	-229.2937	161.7483	0.7194511	1.230297	0.9472566
25998	-84.81596	-246.3875	161.5716	1.118915	0.8418848	1.081035
26004	-70.06154	-232.0762	162.0147	0.8957565	0.9793844	0.6395452
26010	-63.12997	-223.8332	160.7032	0.9544199	0.7143829	1.95547
26016	-61.48671	-223.0441	161.5574	1.227633	0.6233277	1.202372
26022	-64.30174	-224.9715	160.6698	0.6111531	0.5059829	2.383161
26028	-65.49253	-225.9814	160.4888	0.7679598	0.3401254	2.471327
26034	-79.49452	-240.6824	161.1879	0.8558829	0.1515617	2.078059
26040	-72.56693	-232.7884	160.2215	1.807935	0.3293425	2.078059
26046	-78.44044	-237.8457	159.4053	0.9493721	0.5816907	2.864249
26052	-70.27471	-229.8841	159.6094	1.110504	0.2198211	2.864249
26058	-65.29848	-225.8114	160.5129	1.451191	0.2755595	2.083799
26064	-61.88705	-223.3842	161.4972	0.8535028	0.93634	1.296464
26070	-69.82161	-230.8585	161.0369	2.51107	0.6446973	0.8976198
26076	-69.33998	-230.9471	161.6071	1.143679	1.024772	0.8260142
26082	-73.89689	-234.4961	160.5992	1.577026	1.077489	1.392104
26088	-66.7247	-227.216	160.4913	1.587154	0.9643568	1.554083
26094	-62.74348	-222.6664	159.923	1.625361	0.7694637	2.064359
26100	-69.31967	-230.6583	161.3386	0.9130185	0.7694637	1.499175
26106	-70.86978	-231.054	160.1842	2.20547	0.9647578	1.499175
26112	-77.46319	-237.8621	160.3989	2.45748	0.2607415	1.757917
26118	-78.9971	-239.2245	160.2274	2.257378	0.7570023	1.600092
26124	-63.70368	-224.7375	161.0338	0.9489998	0.8184571	1.658625
26130	-64.4894	-225.445	160.9556	0.9870267	0.7503398	1.734777
26136	-75.87874	-237.06	161.1812	0.7712025	0.8321591	1.68592
26142	-79.52097	-241.2459	161.7249	0.5021216	1.075052	1.382568
26148	-76.59193	-236.3858	159.7939	1.471169	0.1136397	2.633912
26154	-76.9382	-237.5612	160.623	0.699297	0.03085246	2.633912
26160	-79.72414	-239.1593	159.4351	0.3891719	0.03130078	3.63391
26166	-79.49989	-238.3689	158.869	0.7682934	0.2612691	3.493568
26172	-78.97364	-240.0551	161.0815	0.5384199	0.4706204	2.212354
26178	-71.0588	-232.7207	161.6619	0.5384199	0.5222768	1.790535
26184	-71.26568	-231.4933	160.2276	0.7837024	0.4373793	2.561805
26190	-76.86551	-237.1633	160.2978	0.9003778	0.1950481	2.586225
26196	-87.58254	-247.8909	160.3084	1.970783	0.08576975	2.115318
26202	-85.0736	-246.0197	160.9461	0.4576309	0.0255903	2.662155
26208	-77.79676	-239.0387	161.242	0.2835253	0.08628108	2.662155
26214	-76.6383	-237.1087	160.4704	0.311286	0.2060026	3.018297
26220	-76.03826	-236.256	160.2178	0.6721811	0.1182904	2.850181
26226	-70.31267	-232.1922	161.8796	0.153808	0.1557438	2.453968
26232	-78.32452	-238.2202	159.8957	0.6234779	0.02977078	3.136939
26238	-69.3668	-228.9851	159.6183	0.853694	0.01763969	3.136939
26244	-82.09598	-241.4333	159.3373	0.7232711	0.09500328	3.349461
26250	-74.61052	-233.7097	159.0992	0.7169839	0.1590893	3.456154
26256	-74.32386	-232.8676	158.5437	1.852261	0.1726335	3.196725
26262	-77.75672	-237.6989	159.9422	1.628572	0.590356	2.167607
26268	-77.06736	-235.6097	158.5424	1.628572	0.3412489	3.184371
26274	-81.45928	-241.5132	160.0539	1.481742	0.3944645	2.289484
26280	-81.8931	-242.0756	160.1825	0.6407859	0.01272656	2.961099
26286	-78.39149	-239.4101	161.0186	0.4409992	0.005543113	2.648072
26292	-79.48117	-239.6767	160.1956	0.4273961	0.7018819	2.74109
26298	-82.83706	-243.0772	160.2401	0.4769622	0.6072662	2.71792
26304	-81.77233	-242.6619	160.8896	0.74957	0.4448655	2.163305
26310	-80.26667	-242.5165	162.2498	0.5185307	0.7092341	1.231963
26316	-82.72251	-244.8414	162.1189	0.2494454	1.173929	1.402123
26322	-81.16601	-244.1197	162.9537	0.1320422	0.7975738	1.328164
26328	-75.9682	-237.3155	161.3473	0.586371	0.8322106	1.742904
26334	-83.70996	-243.9375	160.2275	1.109471	0.8322106	2.092461
26340	-76.99398	-237.7018	160.7078	0.3769117	0.8864451	2.368052
26346	-64.05161	-226.8551	162.8035	0.2036793	1.163244	0.915725
26352	-70.77612	-232.5225	161.7464	0.8614947	1.181469	0.8090398
26358	-67.38214	-228.9514	161.5693	0.7402521	1.181469	1.141146
26364	-75.64506	-236.5615	160.9164	1.772835	0.9873226	1.090404
26370	-77.06421	-238.6504	161.5862	0.7334927	0.7389181	1.492397
26376	-82.41665	-243.3567	160.9401	1.126677	0.9693584	1.489888
26382	-101.2523	-263.5299	162.2776	0.4764271	0.8864058	1.114238
26388	-83.0199	-243.9464	160.9265	0.8835805	1.091107	1.589656
26394	-77.13161	-237.62	160.4884	1.746738	0.6906121	1.676258
26400	-74.71302	-235.3384	160.6254	0.8495342	0.7273344	2.074054
26406	-75.5688	-235.6841	160.1153	0.8495342	0.6323728	2.462393
26412	-64.67021	-224.2646	159.5944	0.9272521	0.4260661	2.858004
26418	-73.94092	-233.6268	159.6859	0.8807766	0.3245321	2.894404
26424	-74.22333	-234.5044	160.2811	0.5969179	0.3067662	2.761001
26430	-74.209	-234.4108	160.2018	0.7366638	0.4469641	2.607565
26436	-68.58292	-228.3946	159.8117	1.816354	0.4086479	2.288965
26442	-78.83627	-238.6712	159.835	1.816354	0.3888364	2.286762
26448	-73.65171	-233.4604	159.8087	0.5467353	0.1402819	3.19047
26454	-68.63373	-228.2134	159.5797	0.6547403	0.2121748	3.19047
26460	-71.85997	-231.9665	160.1065	1.20257	0.264626	2.479994
26466	-79.16272	-237.8794	158.7166	1.20257	0.04231329	3.451326
26472	-79.87049	-238.7621	158.8917	1.20257	0.1769424	3.269429
26478	-81.1286	-241.7173	160.5887	1.855099	0.5735381	1.638807
26484	-77.34243	-237.5749	160.2324	1.596127	0.2987939	2.183078
26490	-73.13431	-233.4932	160.3589	1.4422	0.2843188	2.183078
26496	-63.65493	-224.5999	160.945	0.7111297	0.0522193	2.410227
26502	-70.06165	-230.304	160.2424	0.6488067	0.09636932	2.867782
26508	-71.67635	-232.2262	160.5499	0.8957837	0.4869903	2.246258
26514	-72.81499	-232.7178	159.9028	0.8957837	0.3136782	2.759309
26520	-84.47738	-245.2962	160.8189	1.556581	0.09094318	1.951759
26526	-69.64147	-229.6423	160.0009	1.380088	0.4238196	2.353916
26532	-76.30177	-235.7123	159.4105	1.085505	0.3954796	2.892369
26538	-72.81924	-232.0822	159.263	0.8271427	0.1601192	3.280926
26544	-79.55521	-238.7912	159.236	0.8271427	0.5162448	3.085655
26550	-78.28164	-238.194	159.9123	1.035713	0.2517836	2.703347
26556	-77.15985	-237.4675	160.3076	1.323545	0.9084475	1.864046
26562	-76.69178	-236.8626	160.1709	1.684065	0.4433748	2.089543
26568	-73.15866	-234.1721	161.0135	1.503801	0.1648376	1.794607
26574	-76.61375	-236.779	160.1652	2.194184	0.5232003	1.833059
26580	-79.57757	-241.462	161.8844	0.6582786	0.239293	1.710437
26586	-85.39659	-247.0579	161.6613	0.5301604	0.7421408	1.645065
26592	-84.47767	-245.6051	161.1275	0.5592366	0.2923695	2.276701
26598	-84.5839	-245.7966	161.2127	0.4549621	0.7966734	2.003584
26604	-69.48564	-230.6945	161.2088	1.29559	0.9011689	1.214105
26610	-67.5937	-229.1747	161.581	0.652013	0.8375598	1.502432
26616	-83.77507	-244.5786	160.8035	0.59077	1.017243	1.983754
26622	-75.63733	-236.8147	161.1774	1.083123	0.9372173	1.363013
26628	-69.11301	-230.7933	161.6803	1.057423	0.828835	1.045205
26634	-75.26535	-236.9788	161.7135	0.7928977	0.6739125	1.389062
26640	-80.26895	-240.8582	160.5893	2.102576	0.7804715	1.373484
26646	-73.13403	-234.9196	161.7855	0.2988897	0.5521688	1.994909
26652	-75.51148	-237.0148	161.5033	0.6920979	1.122221	1.299574
26658	-79.72511	-241.2902	161.565	0.6704964	0.6349727	1.644315
26664	-74.11771	-236.2014	162.0837	0.4084639	1.010151	1.279738
26670	-83.61037	-244.9247	161.3144	0.8797429	1.278019	1.136681
26676	-84.49683	-245.806	161.3092	0.9004235	1.044767	1.319007
26682	-89.60223	-250.9046	161.3023	0.4120984	0.8417309	1.965831
26688	-82.92029	-242.0363	159.116	1.635736	0.5866425	2.687619
26694	-76.79346	-237.8375	161.0441	1.224482	0.208562	1.895337
26700	-77.36716	-236.7765	159.4094	1.378177	0.3703716	2.755976
26706	-72.15112	-233.1617	161.0106	0.3190227	0.08208356	2.755976
26712	-72.60389	-233.2312	160.6273	0.5523454	0.02941924	2.759738
26718	-78.83014	-239.1683	160.3381	1.142324	0.1738025	2.4251
26724	-79.35974	-238.4516	159.0918	0.7654446	0.3213149	3.329844
26730	-79.7499	-240.2406	160.4907	1.547661	0.6770235	1.779922
26736	-73.22552	-232.3563	159.1307	1.287466	0.4681733	2.910085
26742	-78.22224	-238.938	160.7158	1.180954	0.5637666	1.902787
26748	-67.58131	-227.6155	160.0342	2.091674	0.4227474	2.027773
26754	-72.28105	-231.9862	159.7051	0.9464195	0.1353268	2.954559
26760	-82.64618	-242.0824	159.4362	0.9464195	0.1155581	3.127345
26766	-71.68399	-232.0896	160.4056	1.468671	0.2355211	2.171496
26772	-88.16876	-248.2332	160.0645	3.106694	1.015216	1.217066
26778	-94.00146	-255.7632	161.7617	0.7313641	0.4315659	1.591905
26784	-81.74607	-242.0322	160.2861	0.8564316	0.4821825	2.444542
26790	-76.58069	-235.8705	159.2898	0.525514	0.31841	3.410985
26796	-76.00687	-237.5536	161.5468	0.525514	0.3241818	2.016899
26802	-70.20508	-230.9625	160.7574	1.901106	0.111653	1.825032
26808	-65.65419	-226.1407	160.4865	0.9595189	0.1606499	2.451011
26814	-75.12519	-234.6415	159.5164	1.530394	0.7619852	2.375035
26820	-78.35411	-237.2464	158.8923	2.057886	0.344894	2.810471
26826	-65.84699	-226.5645	160.7175	1.573247	1.018587	1.347456
26832	-67.33643	-227.3837	160.0473	2.517125	1.018587	1.440511
26838	-66.46413	-227.4692	161.0051	1.959747	0.7993496	1.075062
26844	-70.49303	-231.2678	160.7748	0.5132735	0.7510586	2.255132
26850	-80.20738	-237.7759	157.5686	2.076804	0.3532896	3.584347
26856	-78.08536	-236.6719	158.5865	2.076804	0.3106917	3.009198
26862	-72.4404	-231.9623	159.5219	0.9539989	0.2197402	3.009198
26868	-65.64819	-226.4513	160.8031	0.9836488	0.8262098	1.790613
26874	-76.77781	-238.4159	161.6381	0.21078	1.02409	1.930535
26880	-70.21479	-232.6418	162.427	0.21078	0.8189321	1.518716
26886	-72.94207	-233.7714	160.8293	0.7016813	0.9690432	1.895694
26892	-79.2453	-241.3737	162.1284	0.1373313	0.8239708	1.895694
26898	-78.21603	-239.797	161.5809	0.2610726	1.203258	1.753146
26904	-76.38005	-237.9593	161.5793	0.992699	0.956263	1.080268
26910	-73.60102	-235.9875	162.3865	0.1509908	0.7704745	1.72048
26916	-71.47978	-233.6259	162.1461	0.5598219	0.94021	1.061514
26922	-84.19533	-246.3519	162.1566	0.2067562	0.9431136	1.634414
26928	-76.6311	-238.1016	161.4705	0.4653429	1.024259	1.656729
26934	-73.6586	-236.3867	162.7281	0.1884897	1.016647	1.173853
26940	-80.47815	-241.4469	160.9687	0.7081329	0.4693254	2.129914
26946	-82.56627	-244.4718	161.9055	0.5012039	1.130894	1.190201
26952	-81.04808	-242.7293	161.6812	0.0612176	0.9819936	2.299515
26958	-81.92285	-244.9703	163.0475	0.03825415	0.77033	1.597043
26964	-74.23419	-234.7925	160.5583	0.5427131	0.6612987	2.420145
26970	-70.03179	-230.9944	160.9626	1.485517	0.2194225	1.801351
26976	-77.76	-238.5611	160.8011	0.7834072	0.538367	2.133178
26982	-78.74747	-238.5704	159.8229	3.316348	1.155234	1.231619
26988	-77.83116	-239.2324	161.4013	0.810626	1.114302	1.269545
26994	-80.38091	-241.375	160.9941	0.8225646	0.7380829	1.839781
27000	-85.26459	-248.0804	162.8158	0.1033407	1.154955	1.241378
27006	-82.45944	-244.2804	161.821	0.4572667	1.169843	1.291071
27012	-72.53898	-232.2733	159.7344	1.183659	0.3052206	2.69574
27018	-76.28037	-236.181	159.9006	1.813996	0.3725625	2.256086
27024	-76.14937	-237.1228	160.9734	1.568721	0.889045	1.247199
27030	-80.4316	-241.3518	160.9202	1.91563	1.108085	0.8713445
27036	-87.97655	-249.5373	161.5607	1.237555	0.7115623	1.114362
27042	-88.53783	-250.3348	161.797	0.4262784	0.6339164	1.751414
27048	-81.36338	-242.4885	161.1251	0.6931357	0.2923685	2.156028
27054	-85.49754	-245.8223	160.3248	0.898988	0.5250303	2.363459
27060	-84.86864	-245.4155	160.5468	0.8609238	0.08253835	2.528337
27066	-86.74852	-246.2668	159.5183	1.15781	0.1419676	2.94028
27072	-87.50041	-247.8246	160.3242	0.7831753	0.3671721	2.545798
27078	-80.49098	-240.164	159.673	0.8486441	0.424246	2.863547
27084	-83.20406	-242.8249	159.6208	1.292969	0.361311	2.673888
27090	-83.22368	-243.7331	160.5094	2.247136	0.6106959	1.50398
27096	-73.1707	-234.2865	161.1158	1.917439	0.1919884	1.50398
27102	-77.59903	-237.6511	160.052	1.937612	0.6767898	1.905714
27108	-87.24193	-247.0174	159.7755	1.811239	0.7724133	2.078608
27114	-76.89804	-237.6597	160.7617	0.2203391	0.656791	2.707919
27120	-77.63998	-239.3416	161.7016	0.2787307	0.7849055	1.927325
27126	-73.20159	-233.9994	160.7978	1.582911	0.5381014	1.643365
27132	-82.40803	-244.0526	161.6446	0.5487557	0.9865936	1.455363
27138	-84.83231	-244.6183	159.786	1.580179	0.7566037	2.182992
27144	-84.08199	-244.1869	160.1049	0.9383137	0.5121057	2.483759
27150	-84.52832	-244.5712	160.0428	1.201255	0.3234053	2.483759
27156	-88.02004	-248.738	160.718	0.9624272	0.2149906	2.267748
27162	-74.83179	-235.9882	161.1564	1.609937	1.089881	0.8478676
27168	-79.7361	-240.7429	161.0068	1.226506	1.690134	0.426278
27174	-80.01048	-241.7228	161.7123	0.5912425	1.690134	0.561518
27180	-83.05186	-243.276	160.2241	2.133431	1.855274	0.4342103
27186	-74.06182	-235.7632	161.7014	0.8268347	1.333353	0.7098986
27192	-78.71967	-240.3852	161.6655	1.019231	0.9571982	0.9692499
27198	-70.9084	-232.5562	161.6478	0.2163384	1.167714	1.815049
27204	-67.36527	-229.9591	162.5938	0.2581874	0.9365199	1.190057
27210	-81.47078	-243.0423	161.5716	0.1906109	0.9731216	2.04922
27216	-70.66188	-230.8895	160.2276	0.7493911	0.667688	2.443976
27222	-68.51613	-229.0396	160.5234	0.6315612	0.4547459	2.489253
27228	-64.45189	-224.9692	160.5173	0.2105378	0.1455801	3.180084
27234	-80.97295	-240.4176	159.4446	0.6037231	0.4113776	3.194965
27240	-62.38884	-224.0186	161.6298	0.7048081	0.8083403	1.434356
27246	-69.02127	-229.7342	160.7129	0.4727454	0.3385001	2.596697
27252	-65.34184	-227.4608	162.119	0.1961639	0.6723698	1.872252
27258	-69.41941	-230.6318	161.2124	0.1970126	0.925676	2.300651
27264	-74.48971	-235.248	160.7583	1.580769	0.7239524	1.537749
27270	-69.44723	-230.7098	161.2625	0.5316381	0.5092314	2.076092
27276	-64.41044	-226.024	161.6136	0.3672188	0.628952	1.958857
27282	-58.20368	-219.3459	161.1422	0.5813493	0.5437587	2.082331
27288	-62.50996	-223.3271	160.8171	0.8665837	0.503908	2.082331
27294	-68.77855	-229.8981	161.1195	1.423658	0.6289445	1.423795
27300	-69.49458	-229.8312	160.3366	1.726662	0.9669261	1.596026
27306	-79.33995	-239.1574	159.8175	2.76186	0.3587505	1.989016
27312	-74.1797	-234.6577	160.478	1.762128	0.6409639	1.71173
27318	-64.32773	-225.973	161.6452	0.4659321	1.276662	1.334522
27324	-64.49339	-223.8062	159.3128	2.551423	1.438884	1.660262
27330	-74.29249	-234.5429	160.2504	1.814574	0.7604427	1.764012
27336	-76.9955	-238.0285	161.033	0.7587582	0.491034	2.031412
27342	-86.87197	-246.4556	159.5837	0.5684377	0.271826	3.226163
27348	-90.20408	-250.124	159.9199	0.2778582	0.4862359	3.226163
27354	-79.69251	-240.1701	160.4776	1.308264	0.6589082	1.926507
27360	-75.01818	-236.1619	161.1437	0.3895415	0.6663329	2.213973
27366	-75.55999	-235.9856	160.4256	0.5130816	0.4679633	2.652575
27372	-86.26033	-245.5498	159.2895	0.7792127	0.5187382	3.08593
27378	-86.6245	-246.6452	160.0207	0.5092079	0.5187382	2.872638
27384	-76.08296	-235.7162	159.6333	1.053948	0.2265593	2.877952
27390	-74.74158	-234.3802	159.6387	1.053948	0.8585925	2.48606
27396	-71.42129	-231.8878	160.4665	0.3119614	0.5979234	2.782955
27402	-70.61219	-231.2944	160.6822	0.185726	0.716157	2.782955
27408	-66.15251	-226.7725	160.62	0.5714876	0.3097285	2.57379
27414	-59.43105	-220.1239	160.6929	0.2175384	0.2043815	3.028441
27420	-64.27678	-224.7074	160.4306	0.1285656	0.7574696	3.028441
27426	-70.644	-231.4289	160.7849	0.5158146	0.7416614	2.252008
27432	-81.21175	-243.1369	161.9251	0.1140484	0.5044967	2.297906
27438	-75.49805	-236.14	160.6419	0.2965767	0.2556108	2.905734
27444	-80.49094	-240.5326	160.0416	0.6278204	0.6682613	2.659014
27450	-80.16611	-240.403	160.2368	1.204848	0.3536759	2.340312
27456	-81.92897	-242.2797	160.3507	1.097822	0.3027803	2.361442
27462	-81.41135	-241.7967	160.3854	1.097822	0.1031083	2.465522
27468	-77.11802	-238.1613	161.0433	1.097822	0.04257592	2.082375
27474	-66.65733	-226.2704	159.613	1.221436	0.334842	2.731815
27480	-79.00715	-240.8932	161.886	0.4595698	0.5594132	1.699049
27486	-70.4877	-231.8227	161.335	0.780751	0.7545339	1.623103
27492	-68.1835	-229.9045	161.721	0.6719047	1.206615	1.060075
27498	-70.01883	-231.3428	161.3239	1.023243	1.202773	1.060075
27504	-156.6181	-317.3044	160.6863	0.7238803	2.366583	0.2590734
27510	-152.116	-313.4878	161.3718	0.5734905	1.5793	1.165482
27516	-146.8799	-307.3392	160.4593	1.570653	1.14791	1.449183
27522	-77.89491	-237.7154	159.8205	2.044152	0.367997	2.221097
27528	-74.89244	-236.2607	161.3683	0.5400096	0.07258183	2.282285
27534	-71.20008	-230.1168	158.9167	0.6237363	0.1941622	3.61498
27540	-74.26063	-233.4844	159.2237	0.7193589	0.2378557	3.335157
27546	-84.94997	-245.1523	160.2023	0.6673036	0.02971375	2.917077
27552	-71.1046	-231.3406	160.236	0.7368242	0.03573276	2.838377
27558	-77.26538	-237.1857	159.9203	2.735972	0.3262353	1.949834
27564	-74.26692	-236.3047	162.0378	0.5103115	0.05752168	1.882482
27570	-71.90432	-232.9146	161.0103	0.2234961	0.09372454	2.893918
27576	-67.47205	-227.9586	160.4866	0.4914342	0.2621739	2.763277
27582	-65.5769	-226.0625	160.4856	1.583635	0.680693	1.763121
27588	-70.89693	-230.6113	159.7144	1.02484	0.1667302	2.882206
27594	-74.38374	-234.0179	159.6342	1.154499	0.1240063	2.882972
27600	-62.87939	-224.1326	161.2532	1.154499	0.7998281	1.359777
27606	-68.50077	-228.9931	160.4924	1.722325	1.126323	1.359777
27612	-73.86319	-234.5684	160.7052	0.5704624	0.4263956	2.448722
27618	-77.41775	-238.0438	160.626	0.7450844	0.4637023	2.324337
27624	-80.19455	-239.0439	158.8493	0.6784529	0.4039535	3.488441
27630	-81.9227	-243.6298	161.7071	0.683803	1.438875	0.805919
27636	-76.83235	-238.0699	161.2375	1.087008	1.350076	0.9376219
27642	-75.02358	-235.8959	160.8724	1.983842	1.302327	0.4962184
27648	-80.77204	-241.345	160.573	2.897152	1.127047	0.4231397
27654	-67.94477	-229.307	161.3622	0.9081355	1.627884	0.3993422
27660	-84.56818	-244.9789	160.4107	2.155515	1.627884	0.6509691
27666	-71.37091	-232.3851	161.0142	1.698938	1.298754	0.6557327
27672	-76.03747	-237.103	161.0655	1.567481	1.337826	0.6557327
27678	-72.65805	-234.6854	162.0274	0.5053343	1.515216	0.4915816
27684	-87.13098	-248.2024	161.0715	1.146339	1.161201	1.219021
27690	-68.6491	-230.0065	161.3574	1.376066	0.9642878	0.956972
27696	-71.39578	-234.0272	162.6314	0.4093072	1.062224	0.6018094
27702	-69.01259	-231.406	162.3935	0.2570764	1.572448	0.7278895
27708	-60.08257	-221.8927	161.8101	0.5322663	0.8687455	1.438642
27714	-64.548	-225.6411	161.0931	0.5322663	0.5526384	2.157955
27720	-67.8265	-230.2803	162.4538	0.2555905	0.9466159	1.304126
27726	-71.30773	-232.5877	161.28	0.4608395	0.491946	2.153114
27732	-67.46002	-227.7623	160.3023	0.9436961	0.2950735	2.492498
27738	-68.10417	-228.7143	160.6101	0.7141244	0.2522539	2.492498
27744	-75.65441	-237.2665	161.6121	0.8042495	1.504553	0.5873335
27750	-73.2398	-234.8888	161.649	0.8042495	1.407969	0.7167544
27756	-75.1787	-236.785	161.6063	0.8568617	1.407969	0.6858547
27762	-83.6612	-244.5129	160.8517	1.196885	1.881773	0.475782
27768	-81.92781	-243.1478	161.22	0.7175823	1.95463	0.3440712
27774	-77.26873	-237.8907	160.622	1.075057	1.95463	0.2169939
27780	-77.6681	-238.326	160.6579	1.209593	1.864327	0.2459685
27786	-78.76643	-239.4844	160.7179	1.270345	1.864327	0.3169933
27792	-79.53405	-239.6785	160.1445	1.189704	2.363971	0.2317361
27798	-82.02101	-242.197	160.176	0.9133769	2.363971	0.157991
27804	-74.75504	-233.5621	158.807	1.75887	2.59749	0.08841881
27810	-89.12013	-248.6404	159.5202	1.170838	2.627265	0.1294729
27816	-84.27919	-243.6843	159.4051	0.743325	2.658573	0.06727311
27822	-81.78583	-241.5402	159.7544	0.743325	2.658573	0.1023269
27828	-85.66404	-245.4036	159.7396	0.9668421	2.658573	0.1398305
27834	-80.98297	-240.4968	159.5138	1.111606	2.658573	0.1245842
27840	-67.80404	-227.77	159.9659	0.7610775	2.606914	0.1296135
27846	-66.4263	-225.8448	159.4185	1.073533	2.695851	0.1102323
27852	-70.7892	-229.3727	158.5835	1.792003	2.786116	0.08697716
27858	-74.83516	-233.4821	158.647	1.555129	2.786116	0.07749412
27864	-69.75403	-228.9667	159.2126	0.9432756	2.786116	0.08144038
27870	-78.1725	-237.1963	159.0238	1.064014	2.786116	0.07510036
27876	-80.78421	-240.6117	159.8275	0.5821739	2.742823	0.09479671
27882	-68.89336	-230.8619	161.9685	0.131174	0.8717731	1.986586
27888	-75.47411	-237.377	161.9028	0.1809674	0.7570837	1.992621
27894	-68.34965	-230.089	161.7393	0.1989126	0.65901	2.128844
27900	-68.86085	-230.6381	161.7773	0.4388921	0.8995632	1.558607
27906	-239.0181	-398.6084	159.5903	0.1529048	1.120086	3.260027
27912	-76.66742	-236.8253	160.1579	0.7273457	0.6219634	2.533474
27918	-84.07747	-244.0964	160.0189	2.508714	0.5953274	1.771939
27924	-69.96608	-230.9947	161.0287	1.117289	1.015217	1.39354
27930	-80.34071	-239.6916	159.3509	1.271845	2.578028	0.1089269
27936	-95.05178	-254.3476	159.2958	1.271845	2.578028	0.1015886
27942	-78.7487	-237.8304	159.0817	0.3266873	0.05419409	3.899382
27948	-76.34222	-236.1328	159.7905	0.9335098	0.008217286	2.987765
27954	-75.80257	-234.998	159.1955	0.9335098	0.003431691	3.344021
27960	-73.53703	-234.8646	161.3276	0.3182824	0.00273803	2.61098
27966	-63.90114	-224.1076	160.2065	1.486203	0.007594011	2.43598
27972	-67.4466	-228.4435	160.9969	0.549948	0.007278731	2.547973
27978	-73.486	-236.0339	162.5479	0.1773562	0.0168942	2.06336
27984	-78.68164	-241.28	162.5984	0.3757578	0.6024333	1.244113
27990	-78.47268	-240.0414	161.5687	0.4334569	0.6409553	1.894826
27996	-75.39117	-235.6993	160.3081	0.5727246	0.4417518	2.683689
