Iteration	Posterior	Likelihood	Prior	rate01	rate_log_sd	tree_length
0	-83.33163	-244.6952	161.3635	0.41616	1.31568	1.587575
6	-75.49405	-236.6169	161.1229	0.8866247	0.4816102	1.877862
12	-67.48294	-227.507	160.0241	0.8866247	0.6534109	2.480532
18	-76.79355	-236.3891	159.5955	1.731349	0.3768746	2.480532
24	-79.94906	-240.3471	160.3981	0.7329329	0.4595302	2.480532
30	-77.48137	-238.1536	160.6723	0.9024806	0.3943017	2.222435
36	-82.99465	-243.7732	160.7786	0.2228407	0.5635038	2.750403
42	-97.46219	-259.2324	161.7702	0.1785943	0.7300039	2.103285
48	-79.38223	-240.9478	161.5655	0.3893499	0.9082341	1.770569
54	-79.23706	-240.9781	161.741	0.2258115	0.9625305	1.873543
60	-71.24826	-233.5597	162.3114	0.1348335	1.06637	1.60408
66	-70.18931	-231.873	161.6836	0.4975821	1.470592	1.090544
72	-75.15137	-237.2548	162.1034	0.5557161	1.114655	0.9356706
78	-77.77397	-239.7751	162.0012	0.8746468	0.5969893	1.136527
84	-79.35835	-239.6048	160.2465	0.8746468	0.6234496	2.36761
90	-76.00828	-236.1813	160.173	0.2852406	0.7092769	2.93118
96	-72.16962	-232.3605	160.1909	0.1221634	0.01592049	3.62066
102	-71.67334	-231.992	160.3186	0.162011	0.3223078	3.282633
108	-77.05191	-238.5129	161.461	0.1646874	0.447398	2.510284
114	-78.70761	-239.1435	160.4358	0.8302582	0.1599949	2.570819
120	-73.72079	-235.4598	161.739	0.2753731	0.342987	2.199865
126	-74.27004	-236.6283	162.3582	0.2648132	1.264453	1.092856
132	-75.83777	-237.3493	161.5115	0.6428669	0.9135427	1.507024
138	-74.26335	-236.469	162.2056	0.3555819	0.7423626	1.476959
144	-72.48826	-233.9372	161.449	0.5086779	0.4573095	2.011484
150	-74.07807	-233.92	159.8419	1.236097	0.5090183	2.474556
156	-70.74011	-230.5718	159.8317	1.275562	0.5090183	2.460122
162	-72.37079	-232.8874	160.5166	1.144691	0.6330662	2.011747
168	-73.728	-232.2363	158.5083	1.045352	0.2282033	3.548494
174	-75.89313	-235.837	159.9439	1.045352	0.2352195	2.688381
180	-75.36809	-236.4952	161.1271	0.376204	0.8336265	2.133348
186	-80.73665	-241.948	161.2114	0.4026026	0.4619627	2.285588
192	-80.35962	-240.3344	159.9748	0.7691042	0.3771554	2.765355
198	-81.3357	-242.1758	160.8401	1.150448	0.1564012	2.109429
204	-70.84301	-231.4529	160.6099	0.909864	0.2418158	2.354806
210	-61.22516	-221.0122	159.787	1.899578	0.5379569	2.188322
216	-70.72585	-230.9734	160.2475	1.830989	0.1233554	2.186104
222	-71.78333	-233.7994	162.0161	0.4485918	1.072733	1.222474
228	-74.08713	-235.8473	161.7602	0.7646562	1.186253	0.9211485
234	-86.91317	-247.6025	160.6893	2.225689	0.5562047	1.417357
240	-76.43936	-236.8416	160.4022	1.974453	0.30863	1.902995
246	-77.8131	-238.4255	160.6124	1.141667	0.5924355	1.976775
252	-76.45756	-237.1588	160.7012	1.928206	0.357246	1.681001
258	-79.94732	-241.2467	161.2994	0.8607113	0.255758	1.930723
264	-75.81502	-235.6371	159.8221	1.010422	0.06532357	2.886974
270	-74.44583	-234.6231	160.1773	1.572339	0.02377138	2.404937
276	-85.60654	-246.4699	160.8634	0.7997719	0.6211531	2.024845
282	-73.83248	-235.058	161.2256	0.8268881	1.16948	1.35173
288	-80.36506	-240.6456	160.2805	2.295406	0.1493621	1.97167
294	-75.11442	-236.4348	161.3204	0.6051045	0.5420142	1.941756
300	-75.29754	-236.4234	161.1259	1.423408	0.2982567	1.663998
306	-91.1636	-253.5085	162.3449	0.3938257	1.020777	1.067064
312	-84.33122	-245.8639	161.5327	1.115963	0.1462149	1.66589
318	-76.05975	-237.1335	161.0738	0.7248302	0.7267	1.874002
324	-76.24314	-237.0982	160.8551	1.06449	0.4723995	1.942552
330	-76.82204	-237.9692	161.1471	0.4762365	0.1306956	2.4518
336	-70.31443	-231.1232	160.8088	0.3699728	0.6121919	2.485974
342	-71.98906	-232.7172	160.7281	0.8252142	0.9359389	1.884253
348	-77.95196	-238.4007	160.4487	0.7507339	1.043806	2.058788
354	-80.32335	-240.8464	160.5231	1.447488	1.041619	1.548653
360	-80.23167	-241.259	161.0273	1.193629	0.8298802	1.484143
366	-68.80634	-231.4638	162.6575	0.1806813	0.8298802	1.404457
372	-82.16729	-243.8512	161.6839	0.1806813	1.089118	1.917218
378	-77.24929	-238.7076	161.4584	0.1731979	0.1570391	2.674487
384	-73.74094	-235.1118	161.3709	0.5139575	0.1852316	2.234943
390	-76.31537	-237.1763	160.861	0.1033221	0.3662113	3.065157
396	-72.30413	-231.6751	159.371	1.148204	0.0897803	3.065157
402	-61.00367	-221.7404	160.7367	0.6304063	0.06299569	2.601326
408	-79.76646	-240.1477	160.3812	0.7527266	0.2576576	2.601326
414	-81.44364	-243.2634	161.8197	0.6385941	1.519477	0.5365457
420	-76.5962	-238.4611	161.8649	0.6385941	1.388254	0.7409628
426	-78.36262	-238.5503	160.1877	2.236504	0.9919673	1.463387
432	-82.3998	-243.8198	161.42	0.6477661	0.9919673	1.511756
438	-69.25651	-231.5021	162.2456	0.4446816	1.172529	0.9182205
444	-70.81089	-233.3251	162.5143	0.2990778	0.9364778	1.172404
450	-75.38576	-235.1029	159.7172	0.9310473	1.166129	2.32041
456	-75.93317	-238.1181	162.1849	0.3161907	1.154734	1.233851
462	-82.48622	-243.7016	161.2153	0.826608	1.154734	1.371725
468	-69.23123	-231.7125	162.4813	0.1598004	1.471737	1.069649
474	-76.15316	-238.4305	162.2773	0.4073881	1.266156	0.8533051
480	-81.82648	-243.6548	161.8283	0.545471	1.326086	1.0172
486	-77.03379	-238.4311	161.3973	0.545471	1.096411	1.562006
492	-74.6109	-236.2175	161.6066	0.5727845	1.149194	1.329534
498	-82.49603	-245.6234	163.1274	0.1037129	1.149194	0.9582953
504	-79.17082	-240.8645	161.6936	0.5259594	1.76157	0.6830105
510	-77.08123	-238.4116	161.3304	0.837345	1.76157	0.504387
516	-63.46571	-225.0604	161.5947	0.5717948	1.76157	0.3238033
522	-71.91498	-233.8414	161.9264	0.4608665	1.6916	0.4977016
528	-75.11517	-236.9734	161.8582	0.2486137	1.965226	0.2265751
534	-77.44482	-239.1497	161.7049	0.2380752	1.662469	1.367401
540	-72.78653	-235.6617	162.8751	0.07375919	1.339608	1.144671
546	-79.23292	-241.9285	162.6956	0.07375919	1.543334	1.123051
552	-78.53557	-240.1435	161.608	0.6617167	1.543334	0.8369281
558	-81.93513	-243.5163	161.5811	0.60998	1.701429	0.7575697
564	-81.9239	-243.8694	161.9455	0.443796	1.701429	0.5266197
570	-88.06131	-249.4678	161.4065	0.4556842	1.180984	1.602029
576	-100.3471	-261.8887	161.5416	0.9439303	1.049105	1.075436
582	-80.31591	-241.9204	161.6045	0.4160639	1.071218	1.590301
588	-67.07715	-228.3778	161.3006	0.7980799	1.619672	0.9057077
594	-74.12267	-236.1414	162.0188	0.2896185	0.8722307	1.627387
600	-78.27251	-239.7429	161.4704	1.338362	0.7203723	1.112762
606	-68.89134	-230.4629	161.5715	0.7863055	1.213155	1.058412
612	-81.08113	-243.0998	162.0186	0.6752303	1.008086	0.9573261
618	-80.78836	-242.3599	161.5716	1.119641	1.096398	0.8077173
624	-65.92606	-227.9453	162.0193	0.6617272	1.290649	0.4945946
630	-63.73776	-224.56	160.8223	1.346553	1.132095	1.308884
636	-67.09038	-229.1981	162.1077	0.2934077	0.7001609	1.680542
642	-73.94195	-234.2315	160.2895	0.3858144	0.8039686	2.669465
648	-86.53611	-245.9629	159.4268	0.537429	0.8679986	2.992881
654	-85.44104	-247.0859	161.6448	0.7442107	1.063177	1.174428
660	-73.1743	-233.9132	160.7389	0.4047703	0.7481154	2.401362
666	-81.51903	-242.3229	160.8038	0.8778469	0.7421545	1.924098
672	-73.76007	-234.6477	160.8876	0.4560576	0.8025978	2.21156
678	-71.68832	-232.1683	160.4799	0.3730635	0.5929245	2.697802
684	-69.9257	-230.7481	160.8224	1.012929	0.47178	1.998422
690	-79.96408	-240.2987	160.3346	0.7241083	0.7385183	2.351673
696	-80.04826	-240.4846	160.4364	0.5088439	0.6482941	2.538517
702	-89.8995	-250.9955	161.096	0.2765045	0.8889298	2.260608
708	-78.82538	-240.1316	161.3062	0.2765045	0.5522215	2.341418
714	-86.92327	-247.5354	160.6122	0.4729109	0.8194624	2.358303
720	-77.06606	-237.4601	160.394	0.9774118	0.14512	2.507188
726	-86.34525	-245.8308	159.4856	0.3049902	0.4411308	3.470114
732	-92.66111	-251.5377	158.8766	0.5348183	0.1939811	3.715111
738	-86.25321	-244.6873	158.4341	0.6639829	0.4481543	3.715111
744	-69.98851	-231.4084	161.4199	0.3244542	0.309207	2.352602
750	-72.62452	-235.3439	162.7194	0.1029473	1.059237	1.397536
756	-67.35997	-229.9018	162.5419	0.1823833	0.8906393	1.442589
762	-87.53265	-249.7091	162.1765	0.1393811	0.6407795	1.98171
768	-84.81849	-246.9226	162.1041	0.2127077	1.161889	1.49955
774	-87.15102	-248.3111	161.1601	1.405236	1.275691	0.797294
780	-78.07415	-239.7952	161.7211	0.5699931	1.569093	0.8271056
786	-79.36062	-241.6838	162.3232	0.2713398	1.388925	0.9910611
792	-77.24889	-239.1899	161.9411	0.3500756	1.412848	1.158208
798	-76.75359	-238.7976	162.044	0.644741	1.080344	0.8962312
804	-75.90106	-238.1697	162.2686	0.540277	1.175102	0.6613148
810	-65.65543	-227.9612	162.3058	0.3986909	1.352649	0.7174546
816	-75.83981	-237.5458	161.7059	0.9251099	1.134769	0.8320018
822	-77.82515	-238.2044	160.3793	3.253885	1.083714	0.7604268
828	-75.28141	-237.2379	161.9565	0.6957639	1.251755	0.6873657
834	-69.30314	-230.7077	161.4046	0.5330169	1.238459	1.465056
840	-69.54264	-230.9068	161.3642	1.393106	1.176301	0.6388289
846	-65.98	-227.7071	161.7271	0.5996299	1.257959	1.100537
852	-64.02453	-226.5046	162.4801	0.195173	1.043333	1.34081
858	-69.1771	-230.6737	161.4966	0.2868517	0.9720604	1.926163
864	-70.93588	-231.402	160.4661	0.7471801	0.260743	2.551007
870	-80.42807	-240.8018	160.3738	0.8411622	0.6901431	2.267858
876	-69.98565	-230.7915	160.8058	0.7908841	0.3165974	2.267858
882	-66.62701	-228.1974	161.5703	0.6854978	0.07317929	2.013962
888	-69.06383	-228.7484	159.6846	0.6870876	0.08384707	3.178624
894	-82.83242	-243.108	160.2756	0.720338	0.09433309	2.791394
900	-78.62485	-238.671	160.0461	0.8053849	0.2697456	2.760908
906	-70.26908	-230.7897	160.5206	1.100563	0.2507144	2.284783
912	-72.73942	-233.2223	160.4828	1.226214	0.4227853	2.125373
918	-76.10462	-238.0425	161.9379	0.2815067	0.5882051	1.895968
924	-86.73056	-246.8473	160.1168	1.121595	0.4041411	2.431331
930	-81.00063	-241.5603	160.5597	0.7696655	1.058231	1.959891
936	-76.13371	-236.0945	159.9608	1.926948	0.4639046	2.112521
942	-74.71195	-236.7694	162.0574	0.762176	1.026655	0.753186
948	-84.27166	-245.5013	161.2297	1.091111	1.329683	0.9633868
954	-83.11601	-243.6332	160.5172	1.479517	0.3371268	2.026253
960	-75.19585	-235.4741	160.2783	1.950073	0.3445838	1.972087
966	-77.42107	-238.5958	161.1748	1.135606	0.04252847	1.972087
972	-74.41405	-235.0005	160.5864	2.201619	1.435824	0.6305362
978	-70.60982	-230.5648	159.955	2.201619	0.3751644	2.071271
984	-66.71389	-227.4706	160.7567	0.7426611	0.3385577	2.322734
990	-73.12103	-233.5108	160.3898	2.531062	0.5205954	1.552203
996	-68.31625	-229.2839	160.9676	1.196877	0.6072504	1.688326
1002	-70.59213	-232.4979	161.9058	0.9043441	0.6921188	1.107519
1008	-69.73006	-230.7184	160.9884	0.7019577	0.8832388	1.845439
1014	-77.44781	-236.9586	159.5108	1.041171	0.364857	2.87584
1020	-74.09958	-232.5254	158.4259	0.9316849	0.3051163	3.61837
1026	-69.94179	-231.0325	161.0907	0.5916329	0.3883073	2.207401
1032	-74.74999	-235.3162	160.5662	0.6838318	0.06107766	2.662813
1038	-78.69954	-240.0653	161.3657	0.6765423	0.04824678	2.172582
1044	-72.20148	-232.709	160.5075	0.3758883	0.7698448	2.568066
1050	-71.87389	-232.9734	161.0995	0.7559443	0.5655887	1.939419
1056	-77.10159	-238.6273	161.5257	0.2646847	0.8089734	2.052016
1062	-73.20647	-235.4042	162.1977	0.2172332	1.025258	1.522027
1068	-79.53283	-240.7279	161.1951	0.2034597	0.9950034	2.254976
1074	-81.26436	-242.113	160.8486	0.3572843	0.2030093	2.730653
1080	-81.44083	-242.9908	161.5499	0.4076985	0.3017955	2.164244
1086	-79.268	-240.7869	161.5189	0.6058794	0.8823217	1.563496
1092	-89.70956	-250.782	161.0725	0.3313637	0.8744723	2.203316
1098	-83.93365	-245.6355	161.7018	0.6265366	0.8744723	1.409281
1104	-74.61788	-236.5644	161.9466	0.7795971	0.9463098	0.9590511
1110	-76.6989	-239.0993	162.4004	0.2758357	1.53602	0.6982647
1116	-78.54649	-241.0168	162.4704	0.209227	1.53602	0.8513424
1122	-73.31215	-235.1392	161.827	0.5505411	1.642569	0.4762733
1128	-81.03935	-243.6656	162.6263	0.2920746	1.31917	0.5895488
1134	-85.32791	-246.7807	161.4528	0.5891831	1.944481	0.4179291
1140	-72.49435	-234.3629	161.8686	0.3735841	1.898108	0.4179598
1146	-77.09559	-239.2896	162.194	0.2572778	1.824257	0.3919877
1152	-78.13201	-239.3051	161.1731	1.073116	1.629265	0.3648279
1158	-80.01154	-241.0591	161.0475	1.211881	1.629265	0.3648279
1164	-71.96553	-233.0248	161.0593	1.035887	1.7656	0.3483703
1170	-72.04836	-232.7495	160.7011	1.027448	0.1964283	2.248562
1176	-71.3625	-230.6178	159.2553	1.043799	0.6049102	2.883682
1182	-78.63128	-237.7245	159.0932	0.7828397	0.3200888	3.31736
1188	-77.96554	-237.5568	159.5912	0.7820593	0.1236196	3.139526
1194	-66.96279	-226.5873	159.6245	1.511079	0.4765386	2.495447
1200	-63.94405	-223.9849	160.0409	1.449254	0.234207	2.414933
1206	-64.83357	-224.8654	160.0318	0.8402989	0.3754862	2.680167
1212	-62.72726	-222.0703	159.343	1.322625	0.1305403	2.968285
1218	-63.69746	-224.0954	160.398	0.8681604	0.177663	2.556776
1224	-78.98265	-239.3245	160.3419	1.811041	0.7191204	1.730485
1230	-72.26083	-232.6831	160.4223	2.493164	0.2588093	1.730485
1236	-58.38825	-219.3302	160.9419	0.9083348	0.2840725	2.114739
1242	-64.88892	-226.3953	161.5064	0.3292074	0.5813582	2.114739
1248	-67.70267	-226.5965	158.8939	1.302239	0.1392406	3.240717
1254	-70.30638	-230.7121	160.4057	0.8129095	0.1175705	2.628172
1260	-78.57398	-237.0724	158.4984	0.6503267	0.1574102	3.856269
1266	-79.05953	-236.3619	157.3024	0.3260857	0.2667917	4.785819
1272	-80.81167	-242.8717	162.06	0.3288268	0.9920875	1.441287
1278	-80.93126	-241.8565	160.9252	1.767784	0.5604814	1.440137
1284	-79.34412	-240.6064	161.2623	0.7893765	0.439645	1.887102
1290	-76.70544	-237.9073	161.2019	1.051494	0.6882237	1.55677
1296	-81.8193	-242.7793	160.96	1.506962	0.6266971	1.499394
1302	-80.20203	-240.2243	160.0223	1.188079	1.085837	2.013661
1308	-79.91673	-239.6613	159.7446	0.8223868	0.6169601	2.720841
1314	-81.24531	-241.2289	159.9836	0.9573566	0.502652	2.55293
1320	-62.54244	-224.0182	161.4758	0.5821934	0.3548317	1.985625
1326	-67.11384	-227.9801	160.8663	0.5120976	0.3222463	2.470314
1332	-77.41204	-237.1249	159.7129	1.493693	0.1482274	2.652241
1338	-87.49029	-248.2347	160.7444	0.4126737	0.3252126	2.652241
1344	-81.15563	-241.3389	160.1833	1.352088	0.6016986	2.136306
1350	-75.92357	-236.2764	160.3528	2.35703	0.1173275	1.922992
1356	-84.00896	-244.1998	160.1909	2.35703	0.7058733	1.625752
1362	-72.2363	-233.5253	161.289	1.108322	0.7625783	1.393998
1368	-76.95614	-236.7004	159.7442	2.485251	0.7582708	1.85704
1374	-71.12145	-232.0334	160.912	1.862162	0.472697	1.47157
1380	-72.9861	-234.3988	161.4127	1.862162	0.102753	1.370662
1386	-57.39495	-217.7907	160.3958	1.434984	0.1661899	2.239108
1392	-72.66798	-233.1365	160.4685	1.658487	0.2086255	2.059479
1398	-67.87165	-228.2213	160.3496	1.242224	0.3222777	2.267843
1404	-68.18832	-228.7776	160.5893	0.9755928	0.1668453	2.371844
1410	-60.13164	-220.722	160.5904	1.282186	0.4642294	1.995871
1416	-71.77645	-232.362	160.5855	0.8759261	0.2352961	2.397781
1422	-68.89457	-229.8765	160.982	0.5172823	0.313433	2.397781
1428	-63.34104	-223.8282	160.4872	1.073275	0.6817469	2.042793
1434	-76.08001	-236.6589	160.5789	0.5741983	0.1683809	2.68395
1440	-77.40563	-238.3772	160.9715	0.756208	0.5935901	2.006164
1446	-83.16455	-244.0782	160.9136	0.8504917	0.5404952	2.006164
1452	-76.83724	-239.2888	162.4516	0.21778	1.367403	1.026086
1458	-79.63188	-241.8722	162.2404	0.3430845	1.367403	0.9277783
1464	-71.99747	-233.2138	161.2164	1.165868	0.3034889	1.746431
1470	-67.82322	-228.9371	161.1139	1.165868	0.4939777	1.684302
1476	-83.54804	-242.0367	158.4886	2.535868	0.1921292	2.994374
1482	-79.26667	-238.4754	159.2088	1.046881	0.4647086	2.994374
1488	-75.03222	-235.2656	160.2334	0.5494782	0.2767971	2.851609
1494	-70.16104	-229.8682	159.7072	1.211704	0.4063912	2.635152
1500	-67.38142	-228.6414	161.26	0.8980825	0.9183794	1.458227
1506	-65.94611	-228.0517	162.1056	0.4084903	1.469122	0.8115667
1512	-69.62462	-231.2844	161.6597	0.652274	1.469122	0.8792223
1518	-73.48251	-234.8567	161.3742	1.497841	1.07141	0.6720823
1524	-64.41379	-226.3116	161.8978	0.7932179	1.125957	0.7859331
1530	-67.59918	-226.9733	159.3741	1.932773	0.2583532	2.613241
1536	-65.19766	-225.7504	160.5528	1.061678	0.10453	2.380677
1542	-63.13102	-223.1291	159.998	0.8173608	0.1260143	2.86903
1548	-59.90827	-220.7722	160.864	0.3326655	0.01270768	2.86903
1554	-75.24976	-235.2519	160.0021	0.3329737	0.9739521	2.808302
1560	-80.12334	-241.3544	161.2311	0.469238	0.5168467	2.159243
1566	-88.99905	-250.8832	161.8842	0.2974357	0.975004	1.636995
1572	-81.0794	-242.7655	161.6861	0.3350903	1.842489	1.026525
1578	-81.5553	-244.4822	162.9269	0.1852756	1.080155	0.9327024
1584	-80.1285	-241.8177	161.6892	0.7119478	1.048032	1.18446
1590	-78.0198	-239.634	161.6142	0.300553	1.012657	1.795851
1596	-73.83363	-235.375	161.5413	0.2708275	0.7815717	2.049657
1602	-72.18146	-234.0686	161.8872	0.2663289	0.506994	2.009829
1608	-70.16883	-232.6433	162.4745	0.2564163	0.8553297	1.358945
1614	-87.48488	-247.664	160.1791	1.725368	0.7230564	1.878664
1620	-75.37809	-237.2641	161.886	0.219581	0.9055646	1.825191
1626	-74.18191	-235.4737	161.2917	0.7749234	0.984631	1.490618
1632	-68.33799	-230.9269	162.5889	0.2819476	0.7701673	1.284147
1638	-74.57631	-236.74	162.1637	0.1620599	0.9505397	1.723844
1644	-67.26069	-228.554	161.2933	0.6221013	0.8615975	1.723844
1650	-61.44565	-221.3364	159.8907	1.254593	0.6664961	2.334431
1656	-64.97092	-225.0741	160.1032	0.9529006	0.285365	2.616353
1662	-71.30058	-232.7235	161.4229	0.2396714	0.0928273	2.615301
1668	-73.23742	-233.5506	160.3132	0.1668122	0.1578374	3.373191
1674	-77.22181	-236.3088	159.087	1.321513	0.08066295	3.151649
1680	-73.96711	-233.3478	159.3807	0.9610375	0.2062313	3.097348
1686	-76.00635	-236.2375	160.2311	0.906922	0.4215039	2.482324
1692	-70.354	-231.2087	160.8547	0.906922	0.4360578	2.073169
1698	-74.05124	-234.6376	160.5863	0.9390117	0.6704042	2.073169
1704	-74.84503	-235.3547	160.5097	1.70671	0.7061805	1.668743
1710	-89.17421	-249.9771	160.8029	1.171201	0.8003494	1.684235
1716	-71.15568	-231.979	160.8233	0.991104	0.5970959	1.928388
1722	-70.92471	-230.1963	159.2716	1.700806	0.1702311	2.820051
1728	-72.13232	-232.5427	160.4104	1.03838	0.1946137	2.427847
1734	-73.05257	-234.0034	160.9509	0.9016381	1.160844	1.505632
1740	-74.61133	-235.1032	160.4919	0.813945	0.8255661	2.123962
1746	-73.43469	-234.708	161.2733	0.7176731	0.8255661	1.672518
1752	-71.58557	-232.4701	160.8845	0.8847289	0.1548983	2.252337
1758	-71.52831	-232.6989	161.1706	1.461817	0.07403378	1.770132
1764	-77.81269	-238.1143	160.3016	0.5729212	0.01569481	2.946576
1770	-92.15916	-252.4201	160.2609	2.931546	0.002438633	1.879549
1776	-76.83473	-237.7691	160.9343	0.762411	0.1240336	2.330713
1782	-72.26956	-233.6846	161.415	0.3375131	0.05418102	2.498317
1788	-73.99117	-235.0674	161.0762	0.3099728	0.01058782	2.772055
1794	-72.97529	-233.1067	160.1314	1.333434	0.08253958	2.509855
1800	-68.3507	-228.6087	160.258	0.9895921	0.2939814	2.491413
1806	-71.85439	-233.275	161.4206	0.2714076	0.2124765	2.491413
1812	-73.08343	-233.3282	160.2447	1.026196	0.07579773	2.612731
1818	-68.50742	-229.4457	160.9383	0.4937668	0.3187362	2.446241
1824	-74.95141	-235.1613	160.2099	0.7418339	0.6912287	2.446241
1830	-67.41351	-228.5309	161.1174	0.5171205	0.79801	1.99628
1836	-65.06336	-225.2073	160.1439	0.5171205	0.1539967	3.010424
1842	-90.06068	-250.0951	160.0345	0.8792848	1.546516	1.899326
1848	-79.07069	-240.7755	161.7048	0.3033602	1.191033	1.600508
1854	-76.3449	-237.4785	161.1336	0.9966724	0.7925014	1.569919
1860	-71.0712	-229.9875	158.9163	0.8093549	0.7912072	3.124659
1866	-67.50405	-227.6602	160.1562	1.09255	0.403097	2.424145
1872	-74.96001	-236.0553	161.0953	0.7144683	0.6798006	1.90029
1878	-77.79644	-238.1371	160.3407	0.3002276	0.7708643	2.770673
1884	-83.87177	-243.504	159.6322	0.4186968	0.7158805	3.082526
1890	-83.57848	-244.4561	160.8776	0.4521516	0.71615	2.278045
1896	-83.86043	-244.8114	160.951	0.1907361	0.6241465	2.665209
1902	-95.21997	-254.6967	159.4767	1.44241	0.2657799	2.748501
1908	-80.41488	-241.0019	160.587	2.120928	0.3509162	1.687051
1914	-83.70408	-243.7375	160.0334	1.446471	1.215711	1.775057
1920	-71.08942	-232.4926	161.4032	0.7472346	1.215711	1.247129
1926	-67.94317	-230.2368	162.2937	0.3865532	1.215711	0.9377161
1932	-67.15277	-228.9397	161.787	0.2582304	1.057857	1.715655
1938	-60.62781	-223.2688	162.641	0.03911707	1.095456	1.652814
1944	-57.86181	-220.648	162.7861	0.1416275	1.591692	0.5997417
1950	-60.295	-222.9075	162.6125	0.224648	1.444654	0.7207287
1956	-73.18655	-234.5333	161.3467	0.7875397	1.534292	0.9614875
1962	-79.48731	-241.1371	161.6498	0.4204436	1.615239	1.113155
1968	-74.04679	-235.9507	161.9039	0.5547655	1.17538	1.075396
1974	-58.69892	-220.6867	161.9878	0.5547655	1.193082	0.9762027
1980	-63.69109	-225.8642	162.1731	0.3084962	1.025962	1.362497
1986	-76.54554	-237.6031	161.0575	0.1397257	0.7195104	2.64568
1992	-58.3569	-220.1746	161.8177	0.4550921	0.7550603	1.613492
1998	-72.16284	-233.8475	161.6846	1.33837	0.6215353	1.003316
2004	-72.70882	-234.4493	161.7405	0.6454629	1.373723	0.9065087
2010	-73.95377	-236.3898	162.4361	0.2642707	1.373723	0.9065087
2016	-77.11461	-238.7917	161.6771	0.3552115	1.179082	1.546124
2022	-69.93691	-230.9474	161.0104	1.375226	1.04749	1.203972
2028	-70.61808	-231.8764	161.2583	0.5863366	0.8670578	1.780732
2034	-82.23502	-243.6853	161.4503	0.5863366	0.7478367	1.729871
2040	-67.9268	-229.695	161.7682	0.3475902	1.148793	1.512856
2046	-78.26338	-239.3875	161.1241	0.09845656	0.4707497	2.856338
2052	-70.95558	-231.4078	160.4522	1.119183	0.6249968	2.075078
2058	-76.00284	-238.1398	162.1369	0.3113156	0.8327169	1.532908
2064	-79.72375	-241.9888	162.265	0.412749	0.8327169	1.269876
2070	-75.20507	-237.0072	161.8022	0.3595062	0.7524669	1.756102
2076	-79.99402	-240.8952	160.9011	0.8548887	0.3983868	2.105033
2082	-72.66665	-233.3584	160.6917	0.8548887	0.2248887	2.351933
2088	-69.92909	-231.3522	161.4231	0.7068377	0.2699196	1.962285
2094	-72.96828	-233.2492	160.2809	0.9214295	0.106789	2.637293
2100	-75.26839	-236.4992	161.2308	0.4726317	0.6607731	2.061263
2106	-77.37074	-239.3434	161.9726	0.2558473	0.9084103	1.694343
2112	-68.58217	-229.8556	161.2734	0.7219377	0.6802771	1.770989
2118	-68.65173	-228.7086	160.0568	0.5392874	0.622561	2.758313
2124	-65.16018	-226.9432	161.7831	0.8212196	0.4954502	1.447502
2130	-59.28901	-220.9165	161.6275	0.712988	0.7828978	1.447502
2136	-61.54481	-221.9187	160.3739	1.231039	0.4918851	2.148697
2142	-59.7784	-220.3833	160.6049	1.304529	1.017284	1.588857
2148	-68.27945	-228.9662	160.6868	1.908677	0.9945517	1.211883
2154	-69.82962	-231.2018	161.3722	0.8319577	0.9945517	1.369527
2160	-71.73235	-231.4227	159.6903	1.426985	0.2097593	2.659031
2166	-73.07039	-234.2779	161.2075	0.9217398	0.0524541	2.083028
2172	-73.31051	-234.0671	160.7566	0.4709013	0.061339	2.742329
2178	-73.86445	-234.5584	160.694	0.2403105	0.6134263	2.742329
2184	-68.18055	-228.5849	160.4043	0.2767333	0.4699462	2.948487
2190	-67.43935	-227.6815	160.2422	1.188925	0.3866962	2.324744
2196	-77.26003	-237.4385	160.1785	0.7726332	0.05780392	2.833133
2202	-78.91342	-239.847	160.9336	0.2581616	0.03371411	2.920463
2208	-76.61434	-237.1216	160.5072	0.2288317	0.3895335	3.009789
2214	-74.96042	-236.2887	161.3283	0.1448765	0.7429201	2.451124
2220	-74.2532	-234.8465	160.5933	0.1176411	0.5145438	3.101618
2226	-77.74747	-236.6863	158.9388	0.4433104	0.5649223	3.553228
2232	-79.08687	-240.4454	161.3586	0.8161967	0.6576701	1.645716
2238	-70.54452	-230.9484	160.4038	0.7655743	1.214167	1.96316
2244	-73.98195	-235.2265	161.2446	0.3235566	0.5293556	2.325354
2250	-83.01605	-242.5268	159.5108	1.002615	0.1239792	3.043607
2256	-75.85294	-236.3998	160.5469	0.4101044	0.2463346	2.82433
2262	-80.11912	-240.8777	160.7586	0.2942078	0.2965789	2.813613
2268	-78.60271	-240.6948	162.0921	0.2942078	0.6791624	1.705151
2274	-69.34893	-230.4423	161.0934	0.6879932	1.091277	1.638615
2280	-76.37111	-237.6782	161.307	0.3801842	0.4565251	2.255848
2286	-83.71865	-244.9223	161.2036	0.8526659	0.2597964	1.998326
2292	-72.936	-233.4204	160.4844	0.6067632	0.3542464	2.59806
2298	-77.197	-237.7599	160.5629	1.680811	0.329687	1.905326
2304	-84.5258	-245.2689	160.7431	1.727368	0.5603357	1.595787
2310	-82.18557	-241.807	159.6214	0.6316467	0.3055781	3.129185
2316	-73.83478	-234.0909	160.2561	0.7540141	0.01283851	2.827122
2322	-78.97331	-239.4235	160.4502	0.5601951	0.09075585	2.822919
2328	-81.18499	-242.2392	161.0542	0.536576	0.1936533	2.408384
2334	-78.88662	-239.7487	160.8621	0.3760763	0.3301829	2.620532
2340	-81.19473	-241.6299	160.4352	0.5275684	0.487013	2.620532
2346	-70.68379	-232.6174	161.9336	0.1969996	1.064927	1.72707
2352	-77.3051	-239.2517	161.9466	0.4537288	1.150445	1.207715
2358	-68.01717	-229.7066	161.6894	0.4813612	1.097819	1.419448
2364	-75.54403	-237.7955	162.2514	0.2694327	1.0887	1.324423
2370	-78.21917	-240.0948	161.8757	0.3774394	1.150757	1.382268
2376	-82.87823	-245.0038	162.1256	0.3774394	0.9008468	1.382268
2382	-83.4827	-246.2744	162.7917	0.2804742	0.9765499	0.9080278
2388	-79.86522	-241.5511	161.6859	1.037056	0.9765499	0.9080278
2394	-67.95031	-229.485	161.5347	0.6104788	0.8254935	1.588641
2400	-76.14873	-236.0401	159.8914	1.877929	0.1130594	2.401744
2406	-78.2413	-237.6634	159.4221	1.227785	0.2053878	2.92314
2412	-71.10302	-232.0079	160.9049	0.7738765	0.1037811	2.353442
2418	-74.94843	-235.3832	160.4348	1.534544	0.1642155	2.16749
2424	-70.89829	-231.4242	160.5259	1.04717	0.5899785	2.094245
2430	-68.98331	-230.0353	161.052	0.6899307	0.6731107	1.95551
2436	-73.55069	-235.1546	161.6039	0.3659269	0.646286	1.95551
2442	-69.323	-230.2529	160.9299	1.730517	0.2832714	1.659438
2448	-82.14507	-243.2026	161.0575	1.518368	0.158718	1.760836
2454	-81.55885	-242.2008	160.6419	1.215411	0.08689967	2.24602
2460	-75.76717	-235.7262	159.959	2.292131	0.05418693	2.24602
2466	-82.7548	-242.7445	159.9897	1.003688	0.9164283	2.258157
2472	-69.75649	-229.8211	160.0646	1.517298	0.4559118	2.226387
2478	-64.45111	-224.7022	160.2511	1.158775	0.1249239	2.501105
2484	-66.5283	-227.1722	160.6439	0.5735215	0.04146073	2.72256
2490	-67.46908	-228.8684	161.3993	0.5422982	0.004297276	2.303814
2496	-64.15443	-226.2186	162.0641	0.3041509	0.009282692	2.160899
2502	-67.31647	-227.5579	160.2414	0.249122	0.07233086	3.323611
2508	-67.23872	-227.3788	160.1401	0.4083106	0.3479336	3.010545
2514	-70.00883	-230.9869	160.978	0.9809503	0.5185006	1.883725
2520	-67.76308	-229.9124	162.1493	0.4058828	0.5675584	1.574263
2526	-68.6497	-229.479	160.8293	0.3238424	0.7356379	2.45711
2532	-69.52696	-230.2088	160.6819	1.230128	1.054215	1.550929
2538	-63.06768	-224.1008	161.0331	1.230128	0.7029275	1.550929
2544	-60.95159	-221.3074	160.3558	1.642839	0.4255127	1.997453
2550	-61.1454	-220.8186	159.6732	1.642839	0.7192109	2.251849
2556	-66.80964	-227.386	160.5763	2.759318	1.082604	0.7805454
2562	-80.8081	-241.7053	160.8972	2.136912	0.778378	1.099814
2568	-70.79353	-231.229	160.4355	2.284475	0.4627796	1.651886
2574	-70.51667	-231.2663	160.7496	2.071392	0.4627796	1.507566
2580	-71.4982	-233.2867	161.7885	0.8303246	1.248342	0.6993113
2586	-62.75779	-224.9689	162.2111	0.4355478	1.248342	0.89043
2592	-63.29077	-225.6028	162.312	0.4809461	1.169313	0.7612326
2598	-73.47787	-232.8823	159.4045	2.808111	0.6101476	2.082317
2604	-69.86238	-231.0289	161.1666	0.6764605	0.3856267	2.082317
2610	-67.78526	-229.4589	161.6736	1.344857	0.1000879	1.451627
2616	-62.04486	-222.2223	160.1775	1.719022	0.07265216	2.310148
2622	-59.4899	-219.3004	159.8105	1.719022	0.05861871	2.550029
2628	-59.30994	-219.7895	160.4796	1.267929	0.0993401	2.313477
2634	-68.98284	-228.4521	159.4693	1.451011	0.1078468	2.845238
2640	-61.31977	-222.1966	160.8768	1.128626	0.2897218	2.010221
2646	-65.03411	-226.0817	161.0476	1.154553	0.09543659	2.010221
2652	-68.0072	-228.8583	160.8511	1.7334	0.1173447	1.829646
2658	-77.42734	-236.6068	159.1795	1.316388	0.1869277	3.035605
2664	-79.11735	-240.6069	161.4895	0.4001653	0.07529629	2.357734
2670	-77.83041	-239.7436	161.9132	0.4251084	0.3078093	1.897501
2676	-78.70739	-238.7908	160.0834	0.5887257	0.5013968	2.770205
2682	-83.63169	-243.949	160.3173	2.329633	0.08297021	1.979483
2688	-86.03647	-245.8815	159.845	1.619111	0.699252	2.164231
2694	-78.69519	-239.525	160.8298	0.6243832	0.7087887	2.138071
2700	-78.31944	-239.8479	161.5284	0.4396472	0.5987981	1.942954
2706	-80.8193	-242.1797	161.3604	0.7592094	0.2954018	1.942954
2712	-91.84826	-251.308	159.4598	1.112624	0.2005615	2.964972
2718	-79.04153	-239.9785	160.937	0.346911	0.03473188	2.792725
2724	-74.75353	-236.7319	161.9783	0.273059	0.04325907	2.242492
2730	-79.68452	-238.8606	159.1761	1.386981	0.2698639	2.954167
2736	-79.47374	-239.3003	159.8266	1.389939	0.01170183	2.714532
2742	-83.32942	-244.0536	160.7242	1.268688	0.008870815	2.214123
2748	-84.27007	-244.0303	159.7603	1.010977	0.004563483	2.960595
2754	-77.885	-236.9942	159.1093	1.080239	0.04300306	3.285436
2760	-72.33231	-232.1304	159.7981	0.9546346	0.0602605	2.938663
2766	-80.96699	-240.6346	159.6677	1.03785	0.1072067	2.938663
2772	-79.83516	-240.4602	160.625	0.2101968	0.4292169	2.946831
2778	-71.97317	-233.6768	161.7036	0.1807959	0.6719757	2.179987
2784	-69.71267	-230.9104	161.1977	0.3926646	0.8809094	2.034342
2790	-74.1341	-236.4382	162.3041	0.3029167	0.9518673	1.327424
2796	-76.96171	-237.6523	160.6906	0.629356	0.5969579	2.295611
2802	-75.81276	-236.8214	161.0086	0.4827886	0.4642168	2.321395
2808	-81.83198	-243.3494	161.5174	0.6757522	1.152333	1.281116
2814	-96.05968	-257.4013	161.3417	0.5155942	0.3201136	2.164863
2820	-78.16927	-238.8607	160.6915	0.6105982	0.4636663	2.396712
2826	-74.97686	-234.7789	159.8021	0.6159724	0.3551572	3.004889
2832	-81.12379	-240.6324	159.5086	1.477903	0.6187699	2.494208
2838	-82.28015	-243.5215	161.2413	0.7756014	1.016194	1.504174
2844	-74.40338	-236.463	162.0596	0.3809684	1.361418	1.038454
2850	-78.58115	-241.1042	162.523	0.2658908	0.8394121	1.313601
2856	-73.76405	-235.5402	161.7761	0.5557918	1.169892	1.19321
2862	-81.62054	-243.0077	161.3872	1.361403	1.165875	0.6652009
2868	-76.89556	-239.8996	163.004	0.1055515	1.507413	0.6164702
2874	-78.49407	-239.0382	160.5441	1.277422	1.433801	1.335182
2880	-73.80842	-234.717	160.9086	0.19683	0.7867589	2.579472
2886	-84.05463	-245.4523	161.3977	0.148749	0.519972	2.538551
2892	-68.19513	-230.4918	162.2967	0.1587241	0.875196	1.691081
2898	-72.38291	-233.4535	161.0706	1.935124	0.9963883	0.8089173
2904	-72.69179	-233.3672	160.6754	1.935124	1.305832	0.9114956
2910	-72.40202	-233.0691	160.6671	2.242597	1.275182	0.7384596
2916	-76.99394	-238.2237	161.2298	1.153336	1.456476	0.7384596
2922	-70.67563	-233.2482	162.5726	0.2944421	0.5212698	1.469069
2928	-89.7547	-250.7352	160.9805	0.6649888	0.188278	2.340097
2934	-69.26275	-230.7769	161.5141	1.219834	0.7377796	1.14626
2940	-73.0772	-235.2099	162.1327	0.3485144	1.238068	1.14626
2946	-71.96213	-233.6512	161.6891	0.4462494	0.7560782	1.715922
2952	-68.7295	-229.8896	161.1601	0.7965427	0.03803947	2.214802
2958	-70.9985	-231.839	160.8406	0.7965427	0.3575669	2.214802
2964	-82.01476	-241.7531	159.7383	1.971032	0.06237758	2.494407
2970	-76.52282	-236.8654	160.3426	1.761457	0.02079973	2.219645
2976	-83.53684	-244.3844	160.8475	0.6459951	0.7240137	2.096742
2982	-74.5151	-235.0213	160.5062	1.590537	0.3219877	1.990363
2988	-68.15133	-228.6468	160.4955	1.850115	0.7174671	1.604371
2994	-71.10449	-231.8656	160.7611	1.137736	0.9833367	1.604371
3000	-74.65566	-235.5136	160.8579	2.394571	0.8665347	0.9147156
3006	-81.84133	-243.2414	161.4001	0.9626216	0.7460823	1.430736
3012	-75.18424	-236.8796	161.6954	0.8728443	0.7370783	1.279692
3018	-79.20479	-239.4322	160.2274	2.218717	0.2615392	1.959481
3024	-81.40151	-242.302	160.9005	1.276585	0.2131165	1.959481
3030	-77.89963	-238.7592	160.8595	0.7020393	0.1782193	2.392032
3036	-82.36629	-241.9042	159.538	0.6402674	0.3557032	3.141863
3042	-82.05559	-242.6404	160.5848	0.632601	0.04031298	2.70698
3048	-81.81909	-241.5342	159.7151	1.558292	0.0100921	2.70698
3054	-88.83539	-248.4379	159.6025	1.558292	0.07465754	2.736427
3060	-80.38172	-240.7555	160.3738	0.9401243	0.4188652	2.371956
3066	-85.12572	-244.7954	159.6696	0.6543272	0.186496	3.15266
3072	-92.24756	-253.1836	160.936	1.8272	0.1618742	1.697236
3078	-88.87452	-248.9527	160.0782	1.908377	0.08557117	2.288667
3084	-88.00599	-248.0684	160.0624	1.735115	0.06575044	2.380917
3090	-85.60426	-247.5841	161.9798	0.6830045	0.4761963	1.442492
3096	-82.98556	-244.1046	161.1191	1.795478	0.6158668	1.226254
3102	-95.24482	-255.3756	160.1307	2.998134	0.4612714	1.629598
3108	-79.58085	-240.0638	160.483	1.47391	0.6757111	1.82342
3114	-81.40605	-241.1609	159.7548	4.10351	1.06489	1.123768
3120	-82.77222	-244.1228	161.3506	0.4165351	1.102478	1.748618
3126	-72.54494	-233.5445	160.9996	1.033444	0.8745088	1.581367
3132	-73.46804	-234.6195	161.1515	0.4793599	0.613612	2.136726
3138	-70.73294	-232.1282	161.3952	0.4477963	0.613612	2.012391
3144	-71.99185	-233.4746	161.4828	1.05794	0.6641799	1.356334
3150	-71.91301	-233.4629	161.5499	0.5243716	0.5806332	1.842898
3156	-73.51339	-235.6133	162.0999	0.3893016	0.676397	1.554172
3162	-81.93679	-243.2005	161.2637	0.8943001	1.763813	0.4771219
3168	-72.37831	-234.3138	161.9355	0.5612466	1.50179	0.5979127
3174	-73.51607	-235.7051	162.1891	0.2482389	1.810904	0.3363854
3180	-84.66216	-246.6152	161.953	0.2874389	1.946843	0.3344583
3186	-78.17935	-240.1023	161.923	0.3709527	1.857362	0.4438158
3192	-80.85797	-242.2166	161.3587	0.9171258	1.645274	0.4958425
3198	-85.8259	-248.2272	162.4013	0.2542201	1.645274	0.5611513
3204	-81.89625	-244.232	162.3357	0.2046293	1.854549	0.495365
3210	-80.01163	-241.1894	161.1777	1.059397	1.682278	0.5117051
3216	-74.32255	-235.7391	161.4165	0.7923701	1.682278	0.3638332
3222	-78.54779	-238.7848	160.237	2.452304	1.682278	0.4730915
3228	-76.38334	-237.9566	161.5732	0.660357	1.682278	0.6871203
3234	-68.86234	-229.242	160.3797	0.2811231	0.2240121	3.10413
3240	-66.17256	-227.0422	160.8696	0.9362407	0.5679175	1.954846
3246	-66.34886	-226.1649	159.8161	0.6243631	0.4487734	2.933011
3252	-71.49827	-229.7785	158.2802	0.5975137	0.2230008	3.986535
3258	-66.46285	-227.2916	160.8288	0.5975137	0.5223365	2.284116
3264	-72.52206	-233.5368	161.0148	0.6717815	0.2325641	2.284116
3270	-72.68033	-232.6716	159.9913	1.862157	0.2079413	2.284116
3276	-73.08952	-232.6894	159.5999	1.266736	0.4261254	2.660244
3282	-72.57189	-233.4095	160.8376	0.7306381	0.07422575	2.448313
3288	-74.07142	-234.4322	160.3608	1.034533	0.3259615	2.378607
3294	-75.1126	-236.9479	161.8353	0.7453171	0.5273662	1.452711
3300	-79.71803	-239.6959	159.9778	0.744363	0.3268686	2.812654
3306	-79.08952	-239.0902	160.0007	0.7126868	0.3440738	2.812654
3312	-83.76507	-245.1678	161.4027	1.178953	0.996053	1.043859
3318	-80.7948	-242.0993	161.3045	1.491208	1.16152	0.6393599
3324	-82.97905	-244.1832	161.2042	0.3693755	1.157314	1.875433
3330	-80.62791	-242.7987	162.1708	0.4352517	0.9359957	1.227605
3336	-74.04066	-236.1681	162.1274	0.2139128	0.5116569	1.940041
3342	-88.85545	-250.3069	161.4514	0.6234065	0.8933769	1.586436
3348	-82.72963	-243.9742	161.2446	1.086173	0.7090637	1.484839
3354	-74.16298	-236.0831	161.9201	0.2458293	1.003242	1.682866
3360	-98.6825	-260.0595	161.377	0.2223879	1.003242	2.096102
3366	-106.1398	-268.4195	162.2797	0.107549	1.059101	1.708265
3372	-77.8661	-240.2782	162.4121	0.3395844	1.430897	0.572748
3378	-75.10245	-237.6673	162.5649	0.1505456	1.792489	0.5585997
3384	-78.40053	-240.8124	162.4118	0.1714761	0.6989285	1.704292
3390	-82.10326	-242.7851	160.6819	1.099083	0.6989285	1.884392
3396	-67.8827	-228.7173	160.8346	0.989651	0.6479223	1.88728
3402	-70.84966	-232.5857	161.736	0.989651	0.2641803	1.520332
3408	-74.30373	-236.4228	162.1191	0.7264965	0.2469701	1.468098
3414	-72.08564	-232.697	160.6113	1.396382	1.100174	1.468098
3420	-70.85063	-233.441	162.5904	0.1701835	0.1520813	1.960586
3426	-71.52907	-233.5669	162.0378	0.1292017	0.7738061	2.010662
3432	-71.2361	-232.3408	161.1047	0.2610822	0.5843566	2.472622
3438	-75.60871	-236.5101	160.9014	0.5160884	0.7753789	2.154576
3444	-68.65063	-230.5331	161.8824	0.2526478	0.8500116	1.804186
3450	-69.01127	-232.0983	163.087	0.1107633	0.9137447	1.189939
3456	-65.31509	-226.9539	161.6388	0.7110905	0.6567409	1.53574
3462	-74.68627	-236.2722	161.586	0.4613037	0.8077017	1.73344
3468	-77.60313	-238.771	161.1679	0.5222667	0.7671939	1.977593
3474	-65.2243	-226.677	161.4527	0.7458524	0.7843477	1.546474
3480	-70.23662	-230.9041	160.6675	0.9480875	0.2693993	2.27473
3486	-62.45517	-222.2258	159.7706	0.9480875	0.2385752	2.851616
3492	-63.7698	-223.3919	159.6221	1.601654	0.387021	2.512456
3498	-64.40143	-225.3241	160.9227	0.8442383	0.7620724	1.85529
3504	-71.8137	-232.9788	161.1651	0.4552591	1.015122	1.888215
3510	-72.97762	-235.0304	162.0528	0.4569572	1.464233	0.7695145
3516	-77.1205	-239.3417	162.2212	0.4114571	1.464233	0.6136233
3522	-68.05665	-230.2634	162.2067	0.4814598	1.276095	0.7576907
3528	-74.77965	-236.8472	162.0675	0.4975311	1.482205	0.4477311
3534	-77.47863	-239.4146	161.936	0.6043475	0.9711638	1.164156
3540	-88.49089	-250.9991	162.5082	0.3410324	1.277257	0.7009925
3546	-74.23682	-236.3939	162.1571	0.45795	1.45525	0.5772655
3552	-76.26708	-239.179	162.9119	0.1248551	1.419313	0.7954991
3558	-68.43339	-230.4657	162.0323	0.4393175	1.282284	1.034397
3564	-74.41861	-236.5361	162.1175	0.4945471	1.176754	0.9585245
3570	-70.38344	-231.7246	161.3411	1.477556	0.9518083	0.9042677
3576	-66.24629	-227.5125	161.2662	0.7759856	0.7859588	1.654093
3582	-77.44494	-236.9683	159.5233	1.442697	0.5668608	2.533907
3588	-69.48818	-230.6463	161.1582	1.442697	0.2549307	1.661409
3594	-68.16568	-228.1887	160.023	0.7543191	0.1576328	2.88043
3600	-77.18436	-239.4765	162.2921	0.03223689	0.959505	2.00875
3606	-74.48248	-236.8686	162.3861	0.270744	1.310649	1.007924
3612	-76.55796	-238.2242	161.6663	0.4679638	1.096965	1.455474
3618	-79.5861	-241.3634	161.7773	0.2635146	0.7151785	1.948788
3624	-79.5796	-241.5472	161.9676	0.5326393	0.6311763	1.498925
3630	-74.90432	-236.9708	162.0664	0.3759642	1.086911	1.283028
3636	-78.41834	-240.2801	161.8617	0.6676907	1.178829	0.9534074
3642	-81.50839	-242.1777	160.6693	0.4893979	0.05763065	2.778684
3648	-77.84909	-238.769	160.9199	0.8138873	0.7109237	1.915757
3654	-84.67377	-244.7347	160.0609	1.344732	0.7848203	2.100379
3660	-65.21978	-225.9915	160.7718	0.9964495	0.4021152	2.088942
3666	-71.80304	-232.8759	161.0729	1.079443	0.2791987	1.916358
3672	-85.69249	-246.3616	160.6691	1.215567	0.4115234	2.016066
3678	-86.64973	-247.2148	160.565	0.3408962	0.3417165	2.840006
3684	-82.61902	-243.1398	160.5208	0.250197	0.9423646	2.630591
3690	-68.61363	-228.5175	159.9039	0.7114936	0.1509835	2.988729
3696	-64.94065	-226.2129	161.2722	0.7152364	0.3091505	2.029535
3702	-69.76788	-230.0992	160.3313	1.126472	0.2688432	2.378529
3708	-68.6534	-230.5759	161.9225	0.3575963	0.5284826	1.830709
3714	-64.6109	-224.599	159.9881	1.319802	0.2856582	2.479369
3720	-71.96101	-234.2644	162.3034	0.445216	0.4881785	1.464408
3726	-70.55245	-231.9655	161.4131	0.8146732	0.4137357	1.780762
3732	-71.09075	-232.6016	161.5109	0.4728202	0.7174658	1.834413
3738	-72.31599	-234.1568	161.8408	0.4563058	0.3880665	1.853775
3744	-72.8184	-233.6984	160.88	2.278465	0.4371767	1.338996
3750	-71.81864	-232.0238	160.2052	0.4491034	0.1068239	3.070963
3756	-81.63962	-242.5216	160.882	0.8334609	0.0168175	2.378666
3762	-81.83976	-241.1117	159.272	1.479663	0.002783932	3.014625
3768	-81.36116	-240.68	159.3189	1.421134	2.814758e-05	3.014625
3774	-72.57191	-232.5823	160.0104	1.421134	0.0002488883	2.593486
3780	-78.312	-238.0088	159.6968	0.816001	0.00188603	3.125299
3786	-77.49825	-238.2874	160.7891	1.15878	0.003916164	2.236731
3792	-75.91795	-235.7293	159.8114	0.8133263	0.3801032	2.830982
3798	-77.86708	-238.5885	160.7215	0.5472217	0.5656975	2.373005
3804	-83.97439	-245.1121	161.1377	0.3735182	0.455558	2.373005
3810	-82.15548	-243.7198	161.5643	0.3683015	0.3557709	2.170215
3816	-77.27514	-238.5481	161.273	0.8537348	0.4219149	1.840981
3822	-94.86164	-256.1216	161.2599	0.3403825	0.4529219	2.340861
3828	-98.45227	-260.2019	161.7497	0.1110013	0.6380254	2.332502
3834	-87.49242	-248.826	161.3335	1.097026	0.8425083	1.30341
3840	-77.49589	-238.4422	160.9463	1.068047	0.8618761	1.605085
3846	-83.64536	-243.491	159.8457	1.087883	0.8069139	2.367941
3852	-83.13054	-243.1631	160.0326	0.9020246	0.8069139	2.367941
3858	-84.86063	-245.4582	160.5976	0.960322	1.021986	1.813869
3864	-76.41211	-239.0645	162.6524	0.1201685	1.816374	0.4420752
3870	-68.54617	-229.0587	160.5125	0.8257207	1.599583	1.568111
3876	-79.28479	-241.1669	161.8821	0.5208659	1.599583	0.6459608
3882	-72.38317	-234.8732	162.49	0.2552501	1.560849	0.4982647
3888	-67.46625	-230.1428	162.6765	0.1334968	1.560849	0.8720077
3894	-66.28124	-227.7917	161.5104	0.7230751	1.531241	0.8720077
3900	-70.50089	-232.8091	162.3082	0.4356095	1.158543	0.8818708
3906	-86.93267	-247.7336	160.8009	0.7124092	1.158543	1.775414
3912	-73.70496	-235.575	161.87	0.4745826	1.414309	1.003119
3918	-71.39607	-234.24	162.8439	0.1207922	1.426362	0.8899288
3924	-74.57187	-236.5455	161.9736	0.322232	1.426362	1.170676
3930	-89.72922	-252.0111	162.2818	0.2501629	1.641711	0.8137986
3936	-82.09727	-244.7676	162.6703	0.2501629	1.369791	0.6175773
3942	-78.2141	-240.898	162.6839	0.2011463	1.369791	0.8221218
3948	-78.5045	-241.4107	162.9062	0.1426939	1.276411	0.8963146
3954	-82.69953	-244.2061	161.5066	0.19765	1.046571	2.029439
3960	-92.65715	-254.4864	161.8293	0.4602606	0.7043148	1.635232
3966	-80.70397	-241.6433	160.9394	1.289817	0.8078193	1.505424
3972	-72.26337	-232.3368	160.0734	1.109103	0.4121639	2.4608
3978	-72.76414	-233.997	161.2328	0.9175223	0.8479745	1.515986
3984	-76.74433	-237.6654	160.9211	1.308342	1.240889	1.160194
3990	-80.05488	-239.3468	159.2919	1.198305	0.5250135	2.823891
3996	-77.15268	-237.2074	160.0547	0.3798069	0.07030904	3.259526
4002	-75.34173	-235.3407	159.9989	0.6789107	0.02041671	3.035559
4008	-73.69727	-234.7316	161.0343	0.7536669	0.7623799	1.851965
4014	-79.35651	-241.0996	161.7431	0.8551895	0.5519963	1.404887
4020	-65.53808	-225.4571	159.9191	1.48202	0.4244254	2.356185
4026	-77.27089	-238.6052	161.3343	0.7438695	0.6207406	1.750746
4032	-86.90606	-247.9533	161.0472	1.606965	0.3177995	1.610202
4038	-76.88981	-237.6105	160.7206	0.7899419	0.04112375	2.496827
4044	-69.20724	-228.4767	159.2695	1.214726	0.3646083	2.925911
4050	-79.46034	-239.7194	160.259	0.8197969	0.3773216	2.553157
4056	-78.36561	-239.1691	160.8035	2.50982	0.1548835	1.524309
4062	-76.73949	-236.5745	159.835	1.095648	0.02628056	2.853165
4068	-70.84962	-231.4337	160.5841	0.9184694	0.3971452	2.266309
4074	-70.51791	-231.5923	161.0744	0.5251496	0.2897904	2.346186
4080	-70.83644	-229.4915	158.6551	1.375243	0.3518785	3.221589
4086	-74.39863	-235.2272	160.8286	1.425579	0.1407461	1.976654
4092	-77.12714	-236.8911	159.764	2.157755	0.5569999	2.093111
4098	-76.33631	-236.4251	160.0888	2.197695	0.2300019	2.080141
4104	-76.39614	-235.4446	159.0485	2.197695	0.4942208	2.574888
4110	-75.53493	-236.1563	160.6214	2.492405	0.5455535	1.37152
4116	-76.76643	-238.1048	161.3383	1.747977	0.4266535	1.226745
4122	-77.3951	-238.0115	160.6164	1.116481	0.6015674	1.98333
4128	-86.95598	-246.8767	159.9207	1.923272	0.7014807	1.98333
4134	-86.22172	-248.3798	162.1581	0.634587	0.4141908	1.403624
4140	-75.5343	-237.029	161.4947	1.09376	0.8669435	1.149181
4146	-69.67879	-231.1502	161.4715	0.6445968	1.031506	1.446321
4152	-70.1167	-232.0314	161.9147	0.6710403	1.170937	0.8995021
4158	-63.79823	-225.3841	161.5859	0.514323	1.116607	1.442583
4164	-69.96239	-231.6501	161.6878	0.7261638	0.8886402	1.303818
4170	-74.33975	-235.5851	161.2453	1.171316	0.936579	1.242957
4176	-72.52012	-233.462	160.9419	0.3547227	0.5806876	2.44196
4182	-72.20304	-233.4661	161.263	0.2351918	0.5428935	2.44196
4188	-78.64839	-239.5611	160.9127	0.3012759	0.3575357	2.671961
4194	-74.5328	-235.8042	161.2714	0.9300297	0.7018274	1.585597
4200	-77.57088	-238.6936	161.1227	0.8505016	0.6811045	1.768185
4206	-71.72794	-233.0401	161.3122	0.5950199	0.714575	1.84004
4212	-77.53279	-238.0444	160.5116	0.1330532	0.7913999	2.949294
4218	-79.08355	-241.2718	162.1882	0.06318082	0.2608928	2.429174
4224	-88.10201	-247.8598	159.7578	2.060624	0.1831228	2.373266
4230	-82.45154	-243.6869	161.2353	0.9715287	0.3111883	1.856155
4236	-74.1258	-234.7962	160.6703	1.301377	0.5753042	1.856155
4242	-64.49976	-225.691	161.1912	1.28776	0.5753042	1.492183
4248	-71.01762	-230.6064	159.5887	1.344446	0.2064481	2.762845
4254	-71.73649	-231.2223	159.4858	1.344446	0.119041	2.878526
4260	-69.4288	-230.2744	160.8456	0.8204113	0.4275396	2.147994
4266	-76.40567	-237.7997	161.394	0.41586	0.3638822	2.215078
4272	-73.46737	-233.9467	160.4793	1.093682	0.5867993	2.09791
4278	-75.12267	-233.4408	158.3181	0.466451	0.2405315	4.07368
4284	-72.34244	-235.1276	162.7852	0.1625472	1.151059	1.076719
4290	-68.84711	-231.3144	162.4673	0.1118638	1.151059	1.491983
4296	-67.38839	-229.3928	162.0044	0.5115909	1.152487	1.066628
4302	-74.00122	-235.878	161.8768	0.5900165	1.529111	0.5534057
4308	-73.77345	-235.8568	162.0834	0.4187801	1.529111	0.7301193
4314	-72.35232	-234.7797	162.4274	0.4162294	1.189866	0.7301193
4320	-61.94846	-224.5106	162.5621	0.2140895	1.229271	1.062661
4326	-68.4168	-230.5611	162.1443	0.345322	0.9219292	1.40293
4332	-65.24959	-226.3302	161.0806	0.3119638	0.5920708	2.406039
4338	-66.63147	-228.4153	161.7839	0.2042644	0.5086026	2.187393
4344	-79.01353	-239.0174	160.0039	0.7042405	0.2665975	2.864332
4350	-84.91711	-244.6443	159.7272	1.030668	0.6907704	2.54962
4356	-74.67284	-235.2957	160.6229	2.158258	0.3612285	1.639199
4362	-70.83337	-230.9426	160.1092	2.43644	0.7990749	1.58803
4368	-78.4889	-238.3247	159.8358	1.817612	0.6007244	2.148943
4374	-80.79599	-241.997	161.201	0.9085603	0.9053805	1.503998
4380	-73.69744	-234.9865	161.289	0.6317905	0.811703	1.752304
4386	-68.93382	-230.4891	161.5553	0.2143648	1.178991	1.87463
4392	-71.02753	-231.9177	160.8901	1.052719	1.11895	1.466992
4398	-84.25118	-246.9059	162.6547	0.3087998	0.9230872	1.035624
4404	-77.19781	-236.9473	159.7495	1.690714	0.2427477	2.484998
4410	-79.13603	-237.1023	157.9663	1.267184	0.4381518	3.625658
4416	-76.71556	-236.8945	160.1789	0.3812701	0.6522868	2.835265
4422	-80.19569	-239.9992	159.8035	0.7339132	0.3761336	2.896397
4428	-72.10892	-233.6536	161.5447	0.7339132	0.4109935	1.759028
4434	-74.10674	-234.9587	160.852	1.262198	0.5666584	1.759028
4440	-75.20233	-236.8564	161.6541	0.7423857	0.8697215	1.329798
4446	-75.99286	-237.1703	161.1774	1.274843	1.455448	0.3785762
4452	-71.92193	-233.2638	161.3418	0.652411	1.937322	0.3666023
4458	-79.96399	-242.3005	162.3365	0.1611911	1.937322	0.3539281
4464	-75.33149	-236.8996	161.5681	0.825379	0.9878018	1.221493
4470	-71.07043	-232.508	161.4376	0.5309238	0.6105716	1.892029
4476	-71.80134	-233.3615	161.5602	0.6888549	0.221699	1.918227
4482	-66.65708	-226.7063	160.0493	2.414731	0.264927	2.007844
4488	-68.35905	-229.4577	161.0986	0.3291734	0.3742842	2.507368
4494	-82.42421	-243.5172	161.0929	1.373777	0.9410319	1.225297
4500	-75.6721	-237.5054	161.8333	0.4664675	1.006232	1.398747
4506	-73.53057	-235.4386	161.908	0.7803805	0.4861907	1.395405
4512	-64.07995	-225	160.92	0.588486	0.4997238	2.248594
4518	-73.05252	-233.902	160.8495	0.8763852	0.4251589	2.105643
4524	-75.47553	-235.8337	160.3582	2.043614	0.3535106	1.874923
4530	-76.98118	-235.1829	158.2017	2.448439	0.4720881	3.024376
4536	-65.7136	-225.1683	159.4547	2.391691	0.6214422	2.171982
4542	-68.0573	-228.7125	160.6552	1.421424	0.02086925	2.171982
4548	-70.1612	-229.6361	159.4749	1.421424	0.01168269	2.91361
4554	-75.27253	-234.7521	159.4796	0.5279965	0.008381288	3.479025
4560	-68.97008	-229.5926	160.6225	0.569595	0.101989	2.702187
4566	-68.8796	-229.6852	160.8056	0.4388388	0.134465	2.702187
4572	-78.63434	-238.3053	159.671	1.391588	0.3725059	2.58728
4578	-81.16566	-242.4171	161.2514	0.5941712	0.7669027	1.846658
4584	-79.50417	-240.398	160.8939	0.3784085	0.7945805	2.306222
4590	-82.64947	-244.1206	161.4711	0.4328438	0.8852746	1.794926
4596	-80.95384	-242.6083	161.6544	0.671889	0.7792448	1.470775
4602	-71.25344	-233.5401	162.2866	0.1295602	1.072274	1.632016
4608	-88.18497	-250.1054	161.9205	0.262345	1.072274	1.602263
4614	-91.9006	-254.1181	162.2175	0.4847345	0.7366375	1.282369
4620	-79.96236	-242.0174	162.055	0.1958564	0.8254797	1.811732
4626	-89.98615	-251.9635	161.9773	0.4140417	0.4562608	1.765493
4632	-84.84561	-244.9654	160.1198	0.4140417	0.1810347	3.115947
4638	-79.58952	-240.776	161.1865	0.6803563	0.1100604	2.245201
4644	-69.24977	-229.3875	160.1377	1.525556	2.086178	0.2244446
4650	-67.38104	-229.8343	162.4533	0.1910125	0.9805017	1.420986
4656	-69.70316	-231.5673	161.8641	0.2855064	1.036746	1.627378
4662	-78.83886	-240.3599	161.521	0.5021166	1.900002	0.2884733
4668	-76.69283	-238.6582	161.9653	0.3506605	1.858038	0.4485414
4674	-73.96176	-235.6176	161.6558	0.4777967	1.871942	0.3450245
4680	-80.59477	-242.1718	161.5771	0.3854097	2.131706	0.3587868
4686	-68.94059	-229.912	160.9714	0.6619583	2.131706	0.2434469
4692	-68.25552	-229.7161	161.4606	0.399177	2.128185	0.2782471
4698	-78.22599	-239.1326	160.9066	0.5644933	2.314283	0.2334692
4704	-79.9908	-241.13	161.1392	0.448085	2.314283	0.2530352
4710	-76.19506	-238.0028	161.8077	0.443387	1.840704	0.5178236
4716	-77.07629	-238.6137	161.5374	0.8190406	1.526051	0.3586602
4722	-81.60586	-242.6905	161.0847	0.8190406	1.956331	0.3334232
4728	-82.88199	-243.9897	161.1077	0.7286117	1.956331	0.2687008
4734	-74.92299	-235.6039	160.6809	1.142349	1.977109	0.2897522
4740	-72.09646	-233.2702	161.1737	0.6872299	1.977109	0.2897522
4746	-75.02489	-236.6719	161.647	0.3143179	1.977109	0.2112049
4752	-71.90888	-232.5736	160.6647	0.9123188	0.4861466	2.161
4758	-81.72417	-242.0305	160.3063	1.102171	0.5968436	2.198974
4764	-78.16695	-239.1041	160.9371	0.9463776	0.8623494	1.698189
4770	-83.89894	-246.3184	162.4194	0.5803828	0.6184986	1.077822
4776	-77.27901	-239.2728	161.9938	0.5803828	1.140772	0.9839464
4782	-71.0809	-231.8051	160.7242	0.5613179	1.027012	2.059203
4788	-68.38631	-229.6024	161.2161	1.160638	0.8362062	1.356049
4794	-69.65701	-230.5784	160.9214	1.46	0.8031722	1.421037
4800	-59.54023	-220.5566	161.0164	0.5545209	0.7275602	2.070873
4806	-64.13049	-225.5006	161.3701	0.6216779	0.637086	1.82707
4812	-81.27523	-240.6116	159.3363	1.364521	0.1700232	2.928392
4818	-76.53458	-236.68	160.1454	0.6807265	0.2618154	2.800021
4824	-82.86196	-243.8415	160.9795	0.2900376	0.5837322	2.506752
4830	-80.3539	-241.0718	160.7179	0.9169518	0.9389284	1.819554
4836	-79.78416	-240.2657	160.4815	1.013159	0.7427651	2.044729
4842	-84.89928	-245.9457	161.0464	0.4364865	0.1850515	2.524634
4848	-96.27399	-257.5515	161.2775	0.9516452	0.484676	1.720681
4854	-89.48393	-251.2495	161.7656	0.6465079	1.082184	1.164034
4860	-82.55532	-244.8021	162.2467	0.4265228	0.9733111	1.143431
4866	-89.94927	-250.0437	160.0945	0.8470099	0.9383869	2.283506
4872	-91.21342	-252.1496	160.9362	1.42907	1.507327	0.7608946
4878	-87.53711	-249.9196	162.3825	0.2774232	1.544258	0.7083201
4884	-80.09703	-241.4873	161.3902	0.9544445	1.405169	0.8499755
4890	-86.52098	-247.9757	161.4547	0.4079745	1.193504	1.621349
4896	-79.09875	-240.2639	161.1651	1.074417	0.6801557	1.573627
4902	-71.0433	-231.8319	160.7886	0.5037686	0.7139816	2.280028
4908	-64.65955	-225.8305	161.171	0.4397687	0.7139816	2.103726
4914	-68.16198	-229.3086	161.1466	0.2179442	0.7169038	2.435855
4920	-60.75056	-222.1238	161.3733	0.2083118	0.5179954	2.435855
4926	-69.94146	-231.943	162.0015	0.1487033	0.6544147	2.066681
4932	-81.78283	-242.2249	160.4421	0.1354727	0.917498	2.909775
4938	-75.08011	-236.7245	161.6444	0.5775444	0.7495737	1.599181
4944	-81.18235	-243.0937	161.9114	0.4927188	1.003028	1.303833
4950	-77.85741	-239.8942	162.0368	0.4927188	0.7684396	1.390653
4956	-75.73094	-238.1275	162.3965	0.1389853	0.3345064	2.040043
4962	-76.3834	-237.3141	160.9307	0.6133569	0.4671546	2.239409
4968	-76.97905	-237.673	160.694	1.210633	0.3918699	2.015396
4974	-88.74567	-248.9199	160.1742	0.8364843	0.1848599	2.712455
4980	-77.18259	-238.4831	161.3005	0.4972681	0.5518871	2.05964
4986	-71.46532	-233.0118	161.5465	0.5444718	0.8173029	1.657369
4992	-73.9002	-234.0573	160.1571	0.7376929	0.8491068	2.383255
4998	-70.88908	-232.3026	161.4135	1.168953	0.7233946	1.28195
5004	-71.13653	-231.9769	160.8403	0.7235217	0.7233946	2.03424
5010	-66.96137	-229.1827	162.2213	0.1876168	1.048921	1.552169
5016	-72.83873	-235.0001	162.1613	0.3340884	1.048921	1.307927
5022	-76.46795	-237.6406	161.1727	0.1174719	0.9964903	2.454242
5028	-83.68243	-245.4819	161.7995	0.5919995	0.7943115	1.434119
5034	-71.02475	-232.1548	161.1301	1.103682	0.9136739	1.403435
5040	-72.71094	-234.5636	161.8526	0.3775409	0.9942291	1.519175
5046	-70.63182	-231.0186	160.3868	1.332098	0.5755956	2.030105
5052	-75.13184	-235.845	160.7132	1.045559	0.5014551	2.030105
5058	-77.98165	-238.2759	160.2942	0.6380349	0.6107495	2.529323
5064	-74.8085	-236.1764	161.3679	0.4270638	0.6573767	2.026478
5070	-74.92477	-234.4685	159.5438	0.6032135	0.6203273	3.011757
5076	-76.72464	-237.1986	160.474	0.9730773	1.128707	1.81648
5082	-78.09476	-240.2649	162.1702	0.2219694	1.164833	1.427092
5088	-80.61896	-242.1283	161.5093	0.7969705	1.588605	0.6571094
5094	-71.43298	-234.0017	162.5687	0.202203	1.588605	0.6554582
5100	-74.31068	-237.4336	163.1229	0.1613996	1.020639	0.8662374
5106	-70.56902	-233.7144	163.1453	0.0721768	1.537594	0.4862287
5112	-65.04847	-227.4181	162.3696	0.1322962	2.051168	0.4360672
5118	-80.67016	-242.0917	161.4216	0.9178225	1.558588	0.6152303
5124	-88.67591	-251.3994	162.7235	0.1967829	1.069766	1.108117
5130	-94.29632	-256.5159	162.2196	0.1931957	0.7793275	1.734858
5136	-89.40122	-249.8052	160.404	0.2047505	0.5166617	3.036576
5142	-85.03795	-246.9864	161.9485	0.05217637	0.219928	2.638112
5148	-72.36136	-234.3094	161.948	0.1006354	0.4499724	2.353274
5154	-70.00697	-230.8807	160.8738	0.2778264	0.4499724	2.67346
5160	-91.85984	-250.1051	158.2453	1.265259	0.1235637	3.647232
5166	-91.44151	-250.2665	158.825	1.233191	0.2405806	3.255635
5172	-72.04655	-234.1599	162.1133	0.417994	1.310239	0.9645036
5178	-74.11793	-235.6582	161.5403	0.2050987	1.27209	1.839632
5184	-81.43544	-242.522	161.0866	0.7036614	0.949624	1.729653
5190	-85.63103	-246.9106	161.2796	0.723671	0.8322847	1.657747
5196	-80.85599	-242.4697	161.6137	0.732036	0.8322847	1.401378
5202	-66.59542	-229.0259	162.4304	0.2079449	1.037303	1.354833
5208	-78.25754	-239.974	161.7165	0.4010172	1.004868	1.577805
5214	-80.81433	-242.9257	162.1113	0.2957417	1.160521	1.328091
5220	-89.82337	-251.5253	161.7019	0.7345572	1.166849	1.038637
5226	-83.80032	-245.8719	162.0716	0.511085	1.21187	0.9411584
5232	-74.60332	-236.5293	161.926	0.5172353	1.347507	0.9411584
5238	-73.75625	-235.4724	161.7161	0.4059406	0.8445838	1.68681
5244	-72.77325	-233.3311	160.5579	0.8782502	0.2166546	2.425363
5250	-66.19166	-226.8273	160.6357	0.5435739	0.7743837	2.298439
5256	-68.96159	-231.1844	162.2228	0.7653114	0.4069726	1.219279
5262	-69.66542	-230.7681	161.1026	0.3587368	0.5181211	2.374735
5268	-66.2856	-226.9225	160.6369	0.7185394	0.1250622	2.551577
5274	-71.99334	-232.8455	160.8522	0.419374	0.4743171	2.484969
5280	-63.70313	-224.8315	161.1283	1.205419	0.8536875	1.380337
5286	-63.57867	-225.2116	161.6329	0.6584042	1.59681	0.7350298
5292	-76.64135	-237.2474	160.6061	0.37424	1.115868	2.290162
5298	-78.97119	-240.9366	161.9654	0.5115116	0.8759759	1.337612
5304	-70.88346	-232.7782	161.8948	0.06982757	0.9978167	2.124246
5310	-80.32859	-241.8096	161.481	0.4333298	0.763828	1.87103
5316	-77.17492	-238.2517	161.0767	0.09010937	0.7425313	2.741787
5322	-71.61021	-233.1488	161.5385	0.09010937	0.3508094	2.698854
5328	-77.84475	-239.2432	161.3985	0.1998284	0.0943848	2.698854
5334	-82.39199	-243.3489	160.9569	0.9878161	0.5712798	1.857382
5340	-90.66495	-253.5014	162.8364	0.2110648	1.015858	1.012295
5346	-93.03494	-252.8862	159.8513	1.089784	0.9021694	2.30261
5352	-85.17148	-245.3613	160.1899	1.60998	0.3380716	2.178944
5358	-69.86733	-231.5398	161.6725	0.4525936	0.325958	2.013646
5364	-71.42922	-232.6482	161.219	0.3946412	0.3198408	2.38095
5370	-77.3832	-237.3865	160.0033	1.298028	0.149156	2.566056
5376	-70.57613	-230.9068	160.3307	0.8815075	0.1639353	2.597894
5382	-83.77008	-245.7786	162.0086	0.1916603	0.06327737	2.353187
5388	-81.9477	-242.773	160.8253	0.6115481	0.3971471	2.353187
5394	-78.30123	-237.9115	159.6103	0.6262461	0.2143981	3.194465
5400	-70.84428	-232.2088	161.3645	0.6129377	0.1394201	2.171219
5406	-73.63429	-234.351	160.7167	0.7885227	0.4767764	2.223965
5412	-73.62336	-234.3156	160.6923	2.082267	0.4218101	1.575744
5418	-76.6459	-236.2916	159.6457	1.483832	0.6930083	2.358385
5424	-73.08141	-234.2308	161.1494	0.6983208	0.538113	1.973359
5430	-72.64326	-234.3175	161.6742	0.6983208	0.8589324	1.366963
5436	-61.17822	-222.9893	161.8111	0.7495987	1.050778	1.027125
5442	-76.02318	-237.7463	161.7231	0.7891553	1.324181	0.7594801
5448	-82.54731	-243.8878	161.3405	0.4013436	0.9352201	1.890768
5454	-74.07055	-234.4564	160.3859	0.8606583	0.6241286	2.288301
5460	-84.18661	-243.8025	159.6159	1.195407	0.1620571	2.849054
5466	-79.93204	-240.2588	160.3267	1.801083	0.2311038	2.076343
5472	-94.12869	-253.8339	159.7053	1.604939	1.000171	2.065129
5478	-84.51045	-244.9022	160.3917	2.002359	1.10445	1.318713
5484	-69.35449	-231.1174	161.7629	0.7420238	1.090538	1.044361
5490	-83.78225	-245.5996	161.8174	0.6145481	1.394009	0.8437672
5496	-85.77475	-246.6103	160.8355	1.774897	1.237675	0.9200996
5502	-64.75498	-226.5098	161.7548	0.7143502	1.192966	0.9859419
5508	-69.41303	-230.4719	161.0588	1.712616	1.192966	0.7467762
5514	-64.55598	-226.0515	161.4955	0.867135	1.29521	0.9600105
5520	-60.15661	-221.488	161.3314	1.135282	1.255585	0.8890021
5526	-60.50594	-221.095	160.589	3.002622	0.4399841	1.29538
5532	-64.46417	-225.7808	161.3166	0.6945023	0.5990529	1.821838
5538	-66.89343	-225.8129	158.9195	1.353429	0.1256208	3.209197
5544	-60.2278	-221.2603	161.0325	1.457816	0.07468997	1.867018
5550	-72.00186	-232.1408	160.1389	1.457816	0.02693861	2.479522
5556	-77.79643	-237.4409	159.6445	1.422674	0.6207167	2.433866
5562	-71.63056	-232.5366	160.906	1.189504	0.3057924	1.943453
5568	-76.07306	-236.2025	160.1295	0.8085205	0.4505892	2.596234
5574	-76.91142	-236.4244	159.513	1.722714	0.2793177	2.596234
5580	-77.56289	-238.9172	161.3543	0.3059912	0.2251827	2.473228
5586	-69.58393	-229.8758	160.2918	1.215511	0.07886998	2.473228
5592	-79.27525	-240.0894	160.8142	0.9552667	0.4939945	2.027968
5598	-75.35982	-236.8302	161.4704	0.5464767	0.7608449	1.749006
5604	-83.61424	-244.7765	161.1622	1.405038	0.8565009	1.217587
5610	-78.54552	-239.5328	160.9873	0.4289518	0.4883839	2.379899
5616	-66.26208	-227.2239	160.9618	1.071321	0.2951616	1.985464
5622	-73.1189	-234.6987	161.5798	1.071321	1.034403	0.9248461
5628	-75.93559	-237.6319	161.6963	0.5713364	1.1287	1.275098
5634	-79.83527	-239.8718	160.0366	1.248662	0.7489562	2.191094
5640	-69.6622	-229.3461	159.6839	0.8576045	0.2947102	2.929153
5646	-64.5173	-224.6816	160.1643	0.7092393	0.5193255	2.607595
5652	-68.72794	-230.56	161.8321	0.5766976	1.044061	1.225787
5658	-73.49895	-235.2681	161.7692	0.6625289	1.038628	1.179813
5664	-73.15714	-235.4945	162.3374	0.3485298	0.9781365	1.194415
5670	-73.63664	-235.2147	161.5781	0.7715993	0.9781365	1.274302
5676	-79.80329	-241.3575	161.5542	0.7593984	0.4397081	1.709953
5682	-77.71066	-238.1503	160.4396	1.020618	0.4703	2.244927
5688	-71.11884	-232.7459	161.6271	0.3491564	0.1304046	2.300506
5694	-85.58449	-246.9671	161.3826	0.1527798	0.5350641	2.529789
5700	-78.36007	-239.4469	161.0868	1.30526	0.6795063	1.481506
5706	-77.77913	-239.6765	161.8973	0.6438712	1.157403	0.9724447
5712	-80.81599	-242.3261	161.5101	1.113787	1.28453	0.5901184
5718	-83.25781	-245.6073	162.3495	0.3438998	1.323279	0.8515631
5724	-81.1085	-241.2912	160.1827	2.027907	0.291448	2.040602
5730	-93.73093	-254.5892	160.8582	0.279121	1.282586	2.155707
5736	-83.06785	-244.0745	161.0067	0.2565732	0.6638049	2.491486
5742	-86.25856	-247.6148	161.3563	0.6420437	0.7027333	1.771456
5748	-81.05112	-242.0706	161.0195	0.4553977	1.039121	1.970167
5754	-74.41762	-235.508	161.0904	0.5237004	0.5766063	2.152945
5760	-82.43336	-242.2357	159.8023	0.8398212	0.6270311	2.666956
5766	-74.47653	-233.9505	159.474	0.7615434	0.4101072	3.053445
5772	-79.33192	-240.4102	161.0783	0.6024525	0.4151883	2.187828
5778	-75.30259	-234.9222	159.6196	0.1803931	0.7176263	3.425829
5784	-80.90592	-241.6575	160.7516	0.7605355	0.3233994	2.321608
5790	-84.94844	-245.148	160.1996	0.8489057	0.1680582	2.698538
5796	-80.30231	-239.5142	159.2119	1.495161	0.216322	2.915447
5802	-65.92325	-227.0491	161.1258	1.519456	0.9442959	1.096784
5808	-70.59775	-231.4131	160.8153	1.19759	0.3812864	1.948925
5814	-70.03494	-230.829	160.794	0.7680053	0.08245683	2.441459
5820	-60.9671	-222.0518	161.0847	1.13413	0.2970331	1.861729
5826	-71.03218	-231.964	160.9318	1.935433	0.4485157	1.440819
5832	-70.74837	-230.8709	160.1225	2.569838	0.3085068	1.877702
5838	-71.51687	-231.5228	160.0059	1.354695	0.777929	2.135725
5844	-65.90607	-226.6913	160.7852	2.496804	0.9911836	0.7896547
5850	-73.13504	-234.0002	160.8651	1.663735	0.8765115	1.29253
5856	-72.14305	-232.9206	160.7776	1.663735	0.4542076	1.677928
5862	-74.79169	-234.8997	160.108	3.115041	0.3676689	1.677928
5868	-69.26424	-230.2969	161.0326	0.9512146	0.4441865	1.917808
5874	-73.26223	-234.2771	161.0149	1.104066	0.06144311	2.084856
5880	-70.68983	-231.2885	160.5987	1.102701	0.3385145	2.176552
5886	-83.06779	-242.6716	159.6038	2.061654	0.9912448	1.946883
5892	-79.80485	-240.4761	160.6712	2.5074	0.6566234	1.23493
5898	-62.51608	-223.2833	160.7672	1.554293	0.1146675	1.971618
5904	-71.79144	-231.5664	159.775	1.043717	0.07352551	2.890785
5910	-69.71894	-229.8608	160.1418	0.6996957	0.09086776	2.890785
5916	-67.39157	-228.3878	160.9962	1.423723	0.1461147	1.86063
5922	-67.39625	-227.09	159.6938	1.310656	0.03713537	2.818611
5928	-75.97387	-237.6908	161.7169	0.2353245	0.01856929	2.485949
5934	-70.87188	-231.944	161.0721	0.4660553	0.1688149	2.485949
5940	-67.83182	-228.7352	160.9033	0.4819706	0.1387243	2.59274
5946	-67.64007	-229.6016	161.9616	0.9626293	0.4175399	1.244577
5952	-64.78299	-225.0094	160.2264	1.505985	0.6282572	2.013086
5958	-66.76718	-227.5458	160.7786	0.5825965	1.636408	1.578339
5964	-73.81067	-235.4526	161.6419	0.5030168	0.6534056	1.752772
5970	-77.3064	-236.9252	159.6188	0.7586954	0.8608049	2.694954
5976	-77.4827	-238.4309	160.9482	1.71546	0.7735039	1.280503
5982	-73.51536	-234.3904	160.8751	1.817991	0.5476022	1.463758
5988	-76.73991	-238.9027	162.1628	0.2936843	0.9728169	1.438615
5994	-84.81287	-246.3281	161.5152	0.9062704	1.168473	1.024744
6000	-77.1219	-238.7096	161.5877	0.7510313	1.24163	1.056714
6006	-81.31882	-243.2557	161.9369	0.3318777	1.389786	1.215434
6012	-80.84321	-243.0092	162.166	0.3792927	1.389786	0.9026946
6018	-83.35381	-243.617	160.2632	0.7431303	0.5343723	2.510103
6024	-84.62896	-245.7999	161.1709	1.738319	0.7981701	1.050123
6030	-72.90501	-233.6222	160.7172	1.733434	0.785664	1.444129
6036	-70.2255	-230.5333	160.3078	0.6240968	0.5973495	2.541379
6042	-78.68454	-240.0934	161.4089	0.5037232	0.3881335	2.089107
6048	-75.32068	-236.1293	160.8086	1.050797	0.323323	2.081391
6054	-77.01657	-238.1846	161.168	0.9356324	1.078038	1.374942
6060	-77.2544	-239.062	161.8076	0.3368605	0.5081199	1.952494
6066	-72.52568	-233.4752	160.9496	0.51686	0.5911374	2.241839
6072	-81.85421	-242.1983	160.344	0.6094781	0.4297536	2.635707
6078	-79.65071	-240.685	161.0343	0.4441297	0.5245628	2.309501
6084	-75.94977	-237.1136	161.1638	0.2864637	0.6025674	2.384469
6090	-83.33655	-242.0978	158.7612	0.3525463	0.6617853	3.702074
6096	-78.60232	-237.5492	158.9469	0.6540545	0.5080636	3.389704
6102	-82.72193	-242.4354	159.7135	1.490065	0.7072759	2.303203
6108	-80.76956	-242.0614	161.2918	1.15653	0.6441142	1.449328
6114	-89.71	-250.4992	160.7892	0.7334233	1.202124	1.734463
6120	-84.75263	-246.1431	161.3905	0.5771827	2.017921	0.6119675
6126	-64.66694	-226.8365	162.1696	0.3223751	1.710853	0.4332014
6132	-74.13399	-234.8884	160.7544	1.469172	1.710853	0.3581291
6138	-72.45156	-234.8558	162.4043	0.3317754	1.445035	0.6074178
6144	-72.71201	-233.9578	161.2458	0.8066603	1.022948	1.467877
6150	-67.56146	-229.4924	161.9309	0.236238	0.9278273	1.746566
6156	-84.78879	-245.1466	160.3578	0.3714183	0.7249891	2.693761
6162	-70.39221	-229.9334	159.5412	0.5370909	0.3967927	3.205912
6168	-71.28026	-231.5045	160.2243	0.7113806	0.3075392	2.699425
6174	-69.52706	-230.5762	161.0491	0.7271083	0.6695071	1.927591
6180	-66.92554	-228.8082	161.8826	0.2799146	0.5923139	1.933205
6186	-66.96794	-228.2661	161.2982	0.8708168	0.531405	1.734235
6192	-58.41717	-219.6916	161.2744	0.4323708	0.6429506	2.091301
6198	-63.78515	-224.6956	160.9104	0.7508401	0.8370987	1.887897
6204	-64.69722	-225.3452	160.648	2.238259	0.6279295	1.388506
6210	-67.33325	-228.0062	160.673	1.402277	0.2537334	2.017063
6216	-59.95934	-221.2216	161.2622	0.7093154	0.4916229	1.91914
6222	-62.46672	-223.2243	160.7576	0.7093154	0.36745	2.330721
6228	-66.16399	-226.3958	160.2318	3.319418	0.5206619	1.412292
6234	-73.74788	-234.1773	160.4294	1.912569	0.7201718	1.622458
6240	-64.6502	-224.8411	160.1909	1.654781	0.4094057	2.111702
6246	-84.39343	-242.8837	158.4903	1.654781	0.5425572	3.084943
6252	-81.85996	-241.2346	159.3746	0.8269806	0.3790463	3.084943
6258	-79.20514	-237.782	158.5769	0.9918262	0.250522	3.526302
6264	-80.79362	-241.6126	160.819	1.50962	0.6557034	1.580916
6270	-73.38186	-234.2234	160.8415	0.9362925	0.6859515	1.894055
6276	-71.76449	-232.8667	161.1022	0.7304061	0.3418075	2.107411
6282	-72.71221	-234.7595	162.0473	0.5455177	0.5809836	1.461383
6288	-73.10081	-234.8762	161.7754	0.3296804	1.144609	1.539326
6294	-72.61181	-234.408	161.7962	0.716233	1.081807	1.052045
6300	-76.17104	-237.0533	160.8823	0.6954083	0.4978266	2.178389
6306	-66.96193	-229.7297	162.7678	0.150929	1.068363	1.201438
6312	-73.31209	-235.7282	162.4161	0.3489653	0.9468919	1.152258
6318	-68.24736	-230.4625	162.2151	0.1341791	0.5947055	1.999439
6324	-82.38697	-244.4307	162.0437	0.1774687	0.6119583	2.002868
6330	-79.89239	-242.1353	162.2429	0.2899499	0.4615208	1.759199
6336	-74.19884	-235.3544	161.1556	0.1586258	0.3595564	2.765566
6342	-68.44419	-229.526	161.0818	0.6250401	0.1447781	2.338355
6348	-65.23709	-226.1131	160.876	0.1674218	0.6229876	2.757415
6354	-70.75945	-232.3284	161.569	0.4135123	1.208932	1.518477
6360	-78.9652	-241.2473	162.2821	0.1921118	1.414302	1.20596
6366	-72.60239	-234.1887	161.5863	0.1704747	1.343847	1.832476
6372	-63.79503	-226.0205	162.2255	0.34959	1.192808	1.101371
6378	-78.68392	-240.3617	161.6778	0.3680732	0.9123512	1.718834
6384	-71.26808	-232.3204	161.0524	0.2950084	0.04542549	2.786519
6390	-67.13648	-228.5054	161.3689	0.2856778	0.2443141	2.482048
6396	-70.74552	-230.7769	160.0314	0.8129124	0.3546019	2.712632
6402	-71.68562	-233.703	162.0174	0.1165439	0.1174416	2.478052
6408	-77.96595	-239.5256	161.5596	0.1712238	0.378787	2.478052
6414	-84.65665	-246.3456	161.689	0.7571677	1.486822	0.5783233
6420	-68.81577	-230.575	161.7593	0.4277797	1.063285	1.464892
6426	-64.96923	-226.8347	161.8655	0.4277797	1.194684	1.277767
6432	-70.95342	-231.8228	160.8694	0.7018496	0.8161482	1.971623
6438	-71.70608	-230.0371	158.331	1.43918	0.5425399	3.271272
6444	-77.55938	-237.2061	159.6467	2.333458	0.7511794	1.979785
6450	-74.97158	-235.6031	160.6315	1.549397	0.6599358	1.692134
6456	-82.38175	-242.3339	159.9521	1.064192	0.2585808	2.657826
6462	-77.27804	-238.0466	160.7686	0.4181986	0.6724317	2.414403
6468	-78.43262	-240.7557	162.3231	0.2286967	0.6631801	1.670967
6474	-76.37894	-236.1352	159.7562	0.3033398	0.1617855	3.477428
6480	-78.38628	-237.3203	158.9341	0.5198496	0.1512979	3.720369
6486	-70.2126	-230.7863	160.5737	0.7723373	0.3641265	2.399484
6492	-70.91738	-230.8309	159.9135	0.8049719	0.2470989	2.855663
6498	-71.76082	-231.7928	160.032	1.723768	0.5959699	2.063142
6504	-79.63345	-240.0144	160.3809	0.8662066	0.6553652	2.267503
6510	-73.59012	-236.3066	162.7165	0.2380683	1.033736	1.038368
6516	-77.30876	-238.8285	161.5198	0.9340543	0.4636141	1.575047
6522	-67.61981	-229.0212	161.4014	0.9340543	0.4869062	1.644028
6528	-64.64691	-224.7602	160.1132	0.5992984	0.6923875	2.62514
6534	-73.37675	-235.3151	161.9383	0.3335523	0.07623283	2.156338
6540	-78.18201	-239.0592	160.8771	1.646065	0.2112048	1.787213
6546	-73.53057	-234.51	160.9794	1.150392	0.8399733	1.54105
6552	-71.52977	-232.6032	161.0734	1.149409	0.959279	1.37945
6558	-69.36717	-231.2077	161.8405	0.3528742	1.099187	1.487491
6564	-64.39624	-225.5154	161.1192	0.7432867	0.7258241	1.8276
6570	-66.36641	-227.2429	160.8764	0.8393079	0.6325768	1.977978
6576	-77.29691	-238.8717	161.5748	0.9955233	0.4649198	1.486305
6582	-75.88863	-235.0284	159.1398	1.050611	0.1886708	3.197956
6588	-75.08252	-236.1575	161.075	0.5038212	0.5663739	2.190556
6594	-73.26806	-233.7296	160.4616	1.898197	0.591822	1.697539
6600	-78.97514	-238.1447	159.1695	0.4327788	0.3721881	3.542213
6606	-77.04851	-238.2911	161.2426	0.5096266	0.5565824	2.081357
6612	-83.27186	-244.3051	161.0333	0.5096266	0.7089493	2.118719
6618	-71.26381	-230.5701	159.3063	0.811502	0.4112993	3.117141
6624	-71.217	-233.915	162.698	0.3393131	0.05090808	1.64876
6630	-76.09636	-237.8407	161.7443	0.3883483	0.4737527	1.946883
6636	-67.80293	-229.2421	161.4392	0.3906317	0.8751013	1.878708
6642	-82.2627	-243.9143	161.6516	0.5320381	0.6327556	1.72759
6648	-78.09493	-239.5319	161.437	0.5572116	0.8081921	1.72759
6654	-78.87838	-239.7115	160.8331	0.3000389	0.6756576	2.526078
6660	-80.34985	-240.9891	160.6393	0.2882552	0.04770391	3.044154
6666	-73.0269	-233.05	160.0231	0.6767908	0.1233113	2.961025
6672	-73.19087	-234.5783	161.3874	0.1090864	0.4851075	2.659606
6678	-81.24614	-242.593	161.3468	0.4183634	0.7145841	2.013167
6684	-89.87007	-252.0689	162.1988	0.1398033	1.174776	1.593869
6690	-82.1796	-243.3343	161.1547	0.6002467	0.4675008	2.105983
6696	-87.90602	-246.3104	158.4044	0.4768364	0.738459	3.728327
6702	-73.45414	-234.6344	161.1803	0.356275	0.7632499	2.17108
6708	-82.31516	-244.3796	162.0644	0.4620078	0.7632499	1.413955
6714	-76.12571	-236.4394	160.3137	0.2805383	0.5721813	2.935909
6720	-78.74056	-238.9583	160.2177	0.3863085	0.4370511	2.935909
6726	-67.02452	-227.6548	160.6303	1.4805	0.9505953	1.518299
6732	-72.12537	-232.9359	160.8105	1.4805	0.792171	1.502046
6738	-83.21499	-244.5775	161.3625	0.9846928	0.9406832	1.288731
6744	-80.52201	-241.1393	160.6173	2.51024	0.8623343	1.100867
6750	-64.71456	-225.6402	160.9257	2.51024	0.1951724	1.400721
6756	-65.0139	-226.8986	161.8847	0.4050192	1.064061	1.400721
6762	-67.55688	-229.5909	162.0341	0.4702821	1.009979	1.228154
6768	-66.51282	-226.654	160.1412	0.54074	0.8848385	2.543295
6774	-74.46295	-235.5682	161.1053	0.9822884	0.9693142	1.470048
6780	-69.25608	-231.0829	161.8269	0.4585198	1.177074	1.278555
6786	-81.39277	-243.4909	162.0981	0.2061331	1.199282	1.490323
6792	-74.88402	-236.8124	161.9284	0.6419557	0.9865383	1.109674
6798	-78.30447	-239.6478	161.3433	0.5868012	1.022439	1.609694
6804	-76.19392	-237.3201	161.1262	1.390597	0.3359148	1.654963
6810	-73.93896	-233.9522	160.0132	2.035454	0.06103317	2.29766
6816	-76.60057	-236.9836	160.383	1.217166	0.2361804	2.315255
6822	-75.67442	-236.2214	160.547	1.217166	0.2830886	2.179626
6828	-73.09336	-233.3192	160.2258	0.8332487	0.239324	2.64954
6834	-67.98551	-227.9995	160.0139	1.027021	0.1764318	2.692434
6840	-73.34749	-233.4081	160.0606	0.933617	0.07128563	2.786202
6846	-80.14515	-241.0958	160.9506	0.933617	0.3336687	2.058727
6852	-76.60727	-236.3319	159.7246	2.434958	0.3778677	2.140644
6858	-81.38882	-241.598	160.2092	2.434958	0.8064376	1.509306
6864	-82.52398	-242.3753	159.8513	2.434958	0.7203803	1.826757
6870	-70.9559	-232.5944	161.6385	0.5370472	1.83546	0.6003571
6876	-73.57214	-235.6048	162.0326	0.5349506	1.385918	0.721911
6882	-76.22654	-237.6402	161.4136	0.7634854	1.341578	1.111315
6888	-68.05673	-230.2025	162.1458	0.3872243	1.020369	1.253959
6894	-93.82381	-255.0316	161.2078	0.2839411	0.8561421	2.198033
6900	-86.19167	-246.7161	160.5244	0.3806378	0.510663	2.711665
6906	-83.71683	-244.7274	161.0106	0.8361334	0.6435726	1.882459
6912	-69.14644	-229.0197	159.8732	0.9678628	0.0408169	2.896832
6918	-73.30111	-231.281	157.9799	2.025419	0.4796264	3.286993
6924	-79.77234	-238.772	158.9997	1.609066	0.3659539	2.904025
6930	-79.24237	-239.4437	160.2014	1.586051	0.03828577	2.374407
6936	-64.48047	-225.0617	160.5813	0.7385977	0.0152241	2.638376
6942	-75.99454	-235.3936	159.399	2.694882	0.02157915	2.495655
6948	-81.11431	-241.2916	160.1773	3.862603	0.1003138	1.617672
6954	-83.40377	-243.3327	159.9289	2.020514	0.04757968	2.365431
6960	-74.90597	-234.501	159.595	0.7178007	0.01598886	3.248226
6966	-69.74023	-230.4273	160.6871	0.2572983	0.09740546	3.031684
6972	-64.19144	-223.4725	159.2811	1.307035	0.09951833	3.031684
6978	-65.1423	-225.6093	160.467	1.204344	0.5853894	2.041204
6984	-69.98713	-230.5824	160.5953	0.4886817	0.1962125	2.739964
6990	-67.99461	-227.7763	159.7817	0.6613044	0.4505387	2.921841
6996	-63.37353	-224.6642	161.2907	0.9508903	0.1380363	1.95046
7002	-67.67191	-228.5518	160.8799	1.110853	0.0862581	2.152857
7008	-79.05528	-239.0081	159.9528	2.288806	1.000274	1.610733
7014	-69.58373	-231.4362	161.8524	0.6137552	1.034911	1.169644
7020	-69.67894	-231.0742	161.3952	0.8709673	1.076827	1.248684
7026	-75.18667	-237.3417	162.155	0.3280316	1.076827	1.30113
7032	-73.20086	-234.1087	160.9078	1.395286	0.6726357	1.566499
7038	-79.4855	-240.8302	161.3447	1.218867	0.2375582	1.669514
7044	-84.71	-246.041	161.331	0.9839884	0.4701966	1.669514
7050	-71.2421	-231.3172	160.0751	0.5515325	0.2955463	2.934019
7056	-72.51041	-233.7391	161.2287	0.5531997	0.3101392	2.206096
7062	-82.34004	-242.0316	159.6915	0.4045348	0.7362031	3.050953
7068	-80.46319	-241.1512	160.6881	0.3720517	0.7022137	2.502565
7074	-65.67983	-225.785	160.1052	1.439352	0.377576	2.287827
7080	-61.5075	-221.5148	160.0073	1.778847	0.03479562	2.417333
7086	-65.11416	-224.56	159.4458	0.8849379	0.002652525	3.22761
7092	-66.80997	-225.6424	158.8324	1.062294	0.001051142	3.482471
7098	-69.35148	-229.3327	159.9812	1.398777	0.02403915	2.607497
7104	-70.12378	-230.7644	160.6406	0.9106006	0.1950063	2.364535
7110	-70.66037	-230.4732	159.8128	1.232809	0.6315692	2.4176
7116	-79.70398	-241.4688	161.7648	0.8797321	0.2742937	1.577069
7122	-82.94057	-244.0781	161.1375	0.9130204	0.8246172	1.606832
7128	-75.16233	-236.2671	161.1048	0.8277608	0.4656562	1.945631
7134	-71.90384	-232.3013	160.3975	0.8718323	0.6592701	2.250343
7140	-75.66533	-237.1816	161.5163	0.9353159	0.5494052	1.513215
7146	-71.20853	-232.7351	161.5266	0.7352772	0.768453	1.513215
7152	-66.23549	-226.9357	160.7002	2.011877	0.5389915	1.513215
7158	-74.58787	-235.7424	161.1545	0.498268	0.5005036	2.18768
7164	-71.53807	-233.9963	162.4582	0.1531419	0.9079397	1.564691
7170	-71.24827	-233.2859	162.0376	0.4129173	0.5269324	1.674692
7176	-81.92944	-242.1695	160.2401	0.8659874	0.4085423	2.512819
7182	-81.79044	-242.3925	160.6021	0.9463964	0.1743688	2.378055
7188	-81.76784	-242.3166	160.5488	0.8781709	0.1402675	2.479111
7194	-91.24908	-251.6283	160.3793	1.380927	0.286384	2.199088
7200	-87.52561	-247.114	159.5884	2.401969	0.5643046	2.118662
7206	-80.35039	-241.7214	161.371	0.3641957	0.8067483	2.006334
7212	-75.18744	-235.3385	160.151	1.163438	0.2035108	2.511909
7218	-76.55564	-237.3792	160.8236	0.8717499	0.6324772	1.989009
7224	-86.27808	-247.0867	160.8087	0.3455051	0.8813752	2.348412
7230	-88.55623	-249.5122	160.956	0.3455051	0.7920359	2.311477
7236	-77.42368	-237.1474	159.7237	1.072065	0.294397	2.771303
7242	-68.43581	-228.3245	159.8887	1.072065	0.316017	2.656887
7248	-70.21291	-230.8043	160.5914	0.7365343	0.4375125	2.369779
7254	-69.3744	-229.0361	159.6617	1.628254	0.1889879	2.599468
7260	-75.83512	-233.9769	158.1418	1.628254	0.3742787	3.40118
7266	-85.03267	-246.116	161.0833	0.5043378	0.3290386	2.337016
7272	-77.07892	-238.0993	161.0203	0.1525711	0.5097733	2.769115
7278	-88.37214	-246.7889	158.4168	0.9697929	0.4343087	3.525512
7284	-77.72137	-238.5888	160.8674	0.8476222	0.06099437	2.349673
7290	-84.98466	-244.7797	159.795	0.8072874	0.391945	2.838027
7296	-85.22211	-246.1167	160.8946	0.8072874	0.3676285	2.165083
7302	-74.61913	-236.3188	161.6996	0.9647384	0.443691	1.431256
7308	-67.10066	-227.2714	160.1707	1.955259	0.701671	1.800162
7314	-68.53001	-229.3923	160.8622	1.086594	0.1513418	2.136648
7320	-79.2366	-240.1577	160.9211	0.6290392	0.6635381	2.103661
7326	-93.04701	-250.9646	157.9176	0.7542441	0.1967172	4.088771
7332	-80.16107	-239.4636	159.3026	0.8115745	0.247951	3.216301
7338	-84.41263	-244.5367	160.1241	1.186541	0.6825626	2.212078
7344	-73.32706	-233.4199	160.0929	1.487682	0.2895455	2.328762
7350	-72.41	-232.615	160.205	1.163903	0.4397153	2.328762
7356	-62.34852	-223.7139	161.3654	0.923042	0.9268948	1.348958
7362	-68.21195	-228.9451	160.7332	1.448753	0.6504734	1.679146
7368	-72.03382	-233.8147	161.7808	0.9024818	0.5769809	1.314077
7374	-70.92278	-231.5197	160.597	1.755044	0.3774218	1.815841
7380	-73.41837	-233.9086	160.4902	0.2811873	0.3653205	2.953203
7386	-76.22066	-236.9149	160.6942	1.428138	0.04608671	2.12681
7392	-89.99548	-249.3473	159.3519	1.068581	0.2990499	2.99543
7398	-92.01952	-250.4596	158.4401	1.068581	0.4657026	3.436692
7404	-84.321	-244.7834	160.4624	1.068581	0.3486647	2.278603
7410	-64.80288	-224.5678	159.7649	2.158088	0.5212498	2.11582
7416	-80.66637	-240.3825	159.7162	1.325275	0.5729753	2.466919
7422	-81.83921	-242.2834	160.4442	1.119257	0.7106154	2.023705
7428	-86.60051	-246.7042	160.1036	1.084141	0.04686718	2.683228
7434	-92.71735	-252.8087	160.0913	1.975136	0.2261891	2.163647
7440	-81.36095	-241.7299	160.3689	0.6895285	0.1374362	2.732435
7446	-72.22281	-232.6879	160.4651	1.039396	0.08174572	2.463809
7452	-72.22961	-232.248	160.0184	0.2703791	0.07689491	3.42
7458	-68.34398	-229.1774	160.8334	0.8009398	0.1234111	2.365849
7464	-74.10713	-234.2123	160.1052	1.710146	0.2161927	2.268328
7470	-78.75307	-239.2627	160.5096	1.220187	0.4971236	2.062334
7476	-68.93175	-229.5429	160.6111	0.6095806	0.5872076	2.370289
7482	-78.65333	-238.8538	160.2005	1.442721	0.6389334	2.054393
7488	-76.69311	-237.3917	160.6985	2.003436	0.2146917	1.7519
7494	-73.27921	-233.7664	160.4871	1.212273	0.2426897	2.247121
7500	-83.76379	-244.0724	160.3086	1.876985	0.1806741	2.090123
7506	-82.67928	-244.6568	161.9775	0.6301916	1.083667	0.9853099
7512	-74.02808	-234.9263	160.8982	0.6819628	0.6173724	2.101558
7518	-69.74804	-229.9768	160.2288	0.7203773	0.5216583	2.557312
7524	-68.10957	-228.9312	160.8217	1.250151	0.2714723	1.988026
7530	-71.72011	-232.0644	160.3443	1.161326	0.3912153	2.272215
7536	-70.43138	-230.5902	160.1588	2.953602	0.9677284	1.232014
7542	-65.69288	-226.3224	160.6295	2.505985	1.221178	0.6624585
7548	-70.55232	-231.5019	160.9496	1.808758	1.221178	0.7741233
7554	-77.89597	-238.9928	161.0968	1.640012	1.171472	0.7930754
7560	-80.91099	-243.6384	162.7274	0.2573459	1.206427	0.7748353
7566	-71.84832	-234.176	162.3277	0.2793179	1.637283	0.6215318
7572	-66.97797	-229.2381	162.2602	0.233887	1.637283	0.8975273
7578	-64.76511	-227.9577	163.1926	0.08183232	1.304341	0.81498
7584	-71.81509	-232.9951	161.18	0.2380446	0.9018658	2.261807
7590	-70.01058	-231.0385	161.0279	0.5469031	0.5683383	2.175201
7596	-79.52862	-238.8818	159.3532	0.8161663	0.6087789	2.967682
7602	-77.03841	-237.6532	160.6148	1.123476	0.8304211	1.82487
7608	-83.09326	-243.9938	160.9005	0.6804587	0.8788913	1.927364
7614	-82.84237	-243.4326	160.5902	0.8183809	0.2148526	2.448746
7620	-77.42152	-239.8222	162.4006	0.293106	0.996965	1.229943
7626	-66.9002	-228.9422	162.042	0.4977085	1.107696	1.094579
7632	-73.60415	-234.5963	160.9922	0.7402338	1.107696	1.651391
7638	-67.07587	-228.9862	161.9103	0.4098307	1.177022	1.282961
7644	-68.47943	-229.7955	161.3161	0.6310022	1.4302	1.268561
7650	-69.99935	-230.7187	160.7193	1.009742	0.6655972	1.939748
7656	-70.16832	-229.5882	159.4199	1.009742	0.2222014	3.034979
7662	-78.19719	-239.0288	160.8316	0.627457	0.1817314	2.470858
7668	-67.51458	-228.1629	160.6484	0.9125684	0.01649162	2.470858
7674	-71.28461	-232.1881	160.9034	1.489087	0.04550718	1.958366
7680	-65.56465	-226.3655	160.8008	1.712633	0.07739923	1.900663
7686	-76.39368	-236.2777	159.884	1.128248	0.1630559	2.721611
7692	-76.42612	-236.6333	160.2072	1.821992	0.08826659	2.238482
7698	-71.46492	-231.9473	160.4823	0.5918469	0.2588416	2.671587
7704	-64.90265	-226.1084	161.2058	0.3454448	0.7013047	2.209451
7710	-70.9833	-232.3746	161.3913	0.4122613	0.6582265	2.028687
7716	-62.00129	-223.217	161.2158	1.245588	0.1177104	1.827776
7722	-69.47313	-229.8235	160.3504	0.6173704	0.4879684	2.588796
7728	-65.38415	-226.1997	160.8155	0.4714129	0.1754876	2.635478
7734	-63.63669	-224.7096	161.0729	0.5592629	0.2006441	2.36988
7740	-65.34409	-225.1338	159.7897	0.9856286	0.4848665	2.666014
7746	-69.52234	-230.3909	160.8685	1.10222	0.4692751	1.911591
7752	-75.53257	-236.1391	160.6065	1.253803	0.4040836	2.040862
7758	-81.35113	-242.624	161.2729	0.6321035	0.3616162	2.068017
7764	-79.22008	-238.9586	159.7385	1.769944	0.323838	2.408186
7770	-72.25966	-233.2185	160.9589	0.9590826	1.328972	1.322335
7776	-78.86238	-240.7134	161.851	0.8587786	0.4705866	1.381086
7782	-73.13655	-233.4033	160.2667	1.28327	1.061336	1.809732
7788	-82.35751	-244.3201	161.9626	0.5177923	0.2267038	1.809732
7794	-75.60653	-236.457	160.8505	1.515369	0.6185757	1.581945
7800	-68.29992	-228.7626	160.4626	0.9954133	0.4253163	2.275117
7806	-73.99849	-234.8103	160.8118	0.8105195	0.2047574	2.320723
7812	-73.18011	-233.1898	160.0097	0.764997	0.515269	2.662361
7818	-74.17548	-235.3657	161.1902	0.7245074	0.1954666	2.150419
7824	-79.26975	-239.9544	160.6846	0.6442321	0.8387505	2.12988
7830	-82.62836	-243.7454	161.117	0.3874215	0.821269	2.133439
7836	-89.48684	-251.2417	161.7549	0.3676837	0.8954821	1.676711
7842	-86.47353	-246.5855	160.1119	1.635323	0.7685442	1.934399
7848	-73.81735	-234.8116	160.9942	0.6499919	0.1239718	2.385083
7854	-77.65134	-237.911	160.2596	0.1105302	0.05216957	3.586533
7860	-83.79499	-243.1103	159.3153	0.4027735	0.0279939	3.689945
7866	-79.9683	-241.4255	161.4572	0.5180694	0.06338286	2.253521
7872	-69.88663	-229.4616	159.575	1.85831	0.6054864	2.297655
7878	-65.52641	-226.1967	160.6703	1.85831	0.2076656	1.837057
7884	-69.2336	-229.2667	160.0331	1.61211	0.4504571	2.206713
7890	-75.3915	-234.5923	159.2008	2.881956	0.1997982	2.455381
7896	-75.56374	-235.6075	160.0437	1.54445	0.3351283	2.304689
7902	-74.04625	-235.8944	161.8482	0.7831432	0.6348963	1.322493
7908	-75.52546	-236.5305	161.0051	1.381139	1.016811	1.230644
7914	-77.75729	-237.87	160.1127	0.7401113	0.4247658	2.673591
7920	-69.14753	-229.1384	159.9909	1.315048	0.3545842	2.436735
7926	-65.26745	-226.8025	161.5351	0.3995556	0.661696	1.946525
7932	-69.9891	-230.0981	160.109	0.7113883	0.3922868	2.718112
7938	-83.10466	-244.3914	161.2868	0.9317305	0.20644	1.920503
7944	-72.63602	-232.8211	160.1851	2.90931	0.9677666	1.225984
7950	-70.80145	-231.6455	160.844	1.384083	0.6645084	1.625204
7956	-77.15899	-238.55	161.391	0.6982898	0.7987579	1.625204
7962	-74.81931	-235.8717	161.0523	0.9058055	0.7933108	1.695916
7968	-76.1183	-238.2002	162.0819	0.2475905	0.7988971	1.709766
7974	-83.1368	-243.1821	160.0453	0.7331038	1.019966	2.349449
7980	-84.53777	-245.0001	160.4624	0.9802604	0.5388645	2.212066
7986	-72.92459	-233.8315	160.9069	0.5942915	0.5610208	2.212066
7992	-84.45969	-244.6415	160.1818	2.516231	0.06120004	2.021604
7998	-74.73908	-235.7576	161.0185	0.6376703	0.3360612	2.245212
8004	-81.81573	-242.2188	160.4031	1.204498	0.2574358	2.295868
8010	-70.46402	-231.3558	160.8918	1.590518	0.9723782	1.23286
8016	-77.1472	-237.7826	160.6355	1.398735	0.7832453	1.681428
8022	-66.9902	-228.1485	161.1583	1.364541	0.4944154	1.530906
8028	-72.25352	-232.4361	160.1825	1.987268	0.7386154	1.753013
8034	-75.11861	-235.651	160.5324	0.8349416	0.6451308	2.199212
8040	-83.63531	-244.216	160.5807	0.8231776	0.3575817	2.361116
8046	-76.37136	-237.0628	160.6914	0.6605848	0.6151805	2.255806
8052	-70.34132	-231.8206	161.4793	0.4712547	0.1983755	2.202532
8058	-77.76574	-238.9834	161.2176	1.477197	0.3928442	1.498019
8064	-77.25384	-238.7043	161.4505	1.409456	0.9775509	0.8032547
8070	-76.27114	-237.0154	160.7442	1.926367	0.9638644	1.179654
8076	-77.47447	-239.0521	161.5776	1.225522	0.5370843	1.259521
8082	-78.306	-239.8895	161.5835	0.5089967	1.038934	1.509664
8088	-76.48736	-236.7819	160.2945	0.4593837	0.3885683	2.836651
8094	-73.83064	-235.6142	161.7835	0.4593837	0.6191706	1.729434
8100	-87.1034	-248.9506	161.8472	0.4424448	0.6919466	1.653928
8106	-79.06773	-239.8015	160.7337	0.8609223	0.7152178	2.001807
8112	-67.13545	-228.2457	161.1103	0.4765881	0.1509303	2.461857
8118	-65.0497	-225.4048	160.3551	0.8327758	0.4294496	2.4512
8124	-72.15345	-231.0378	158.8843	1.118826	0.5993474	3.067442
8130	-79.5419	-240.0061	160.4642	0.4758643	0.5075176	2.642659
8136	-71.19221	-233.0734	161.8812	0.583278	0.2499544	1.779834
8142	-71.45271	-233.251	161.7983	0.6972018	1.098498	1.057621
8148	-67.26884	-229.227	161.9582	0.578399	1.098498	1.062997
8154	-74.96638	-236.232	161.2656	0.9453546	0.7520837	1.541078
8160	-90.81162	-251.0534	160.2417	1.551955	0.2663766	2.21825
8166	-77.7856	-237.8614	160.0757	1.551955	0.4075817	2.23423
8172	-70.29447	-230.5307	160.2363	0.7588423	0.5626946	2.497084
8178	-76.17419	-235.7527	159.5785	0.5046842	0.3350067	3.251216
8184	-66.15868	-226.7606	160.6019	0.9684245	0.1044155	2.407965
8190	-72.82211	-233.4447	160.6226	0.8937028	0.1626409	2.407965
8196	-82.29204	-242.9967	160.7047	0.3707621	0.3624415	2.704199
8202	-100.6307	-260.3912	159.7605	2.709304	0.6044396	1.877957
8208	-89.28056	-250.1069	160.8264	0.6432534	0.4250369	2.306345
8214	-83.48573	-244.4472	160.9615	2.12077	0.2015465	1.523597
8220	-81.07041	-241.7772	160.7068	0.737816	0.3583998	2.345758
8226	-86.13635	-245.7451	159.6088	3.516254	0.3158022	1.94986
8232	-88.02776	-248.1492	160.1215	0.7616345	0.726892	2.463989
8238	-80.51334	-241.1634	160.65	0.6647145	0.3228737	2.463989
8244	-84.3087	-243.5737	159.265	2.116261	0.374971	2.542371
8250	-77.59888	-239.554	161.9551	0.6382898	1.137391	0.9410416
8256	-59.00015	-220.9397	161.9395	0.5314724	1.402117	0.8371757
8262	-65.61952	-226.8464	161.2269	0.9489223	1.462253	0.9741526
8268	-74.844	-235.9959	161.1519	0.627911	1.286471	1.5127
8274	-68.93173	-229.3558	160.4241	1.656254	0.2730017	2.047326
8280	-82.92221	-243.137	160.2148	0.7515793	0.4993411	2.555551
8286	-74.69412	-235.4961	160.802	1.116147	0.1533355	2.156697
8292	-73.43738	-235.3728	161.9354	0.5314637	0.8451541	1.360543
8298	-65.79111	-227.9063	162.1152	0.4599491	1.147918	1.048565
8304	-74.07517	-236.3283	162.2531	0.3244778	0.8652893	1.397513
8310	-83.9476	-244.9112	160.9636	0.768036	1.057143	1.683414
8316	-83.74165	-244.8211	161.0795	0.7717395	0.9760312	1.655385
8322	-83.38344	-243.9444	160.5609	0.3963193	0.3697113	2.756713
8328	-74.77275	-235.2765	160.5037	0.4430511	0.241547	2.816506
8334	-72.99776	-235.6956	162.6979	0.1809503	0.2129149	1.822624
8340	-77.05898	-236.8261	159.7671	0.3135209	0.4462632	3.290487
8346	-83.89564	-245.8121	161.9165	0.06105344	0.3175093	2.570173
8352	-83.58005	-241.5319	157.9519	0.3437911	0.2018136	4.436477
8358	-87.21772	-245.8211	158.6033	0.2612065	0.5575427	3.973785
8364	-91.23282	-250.4842	159.2514	0.7638753	0.1776199	3.321665
8370	-85.13229	-246.0346	160.9023	0.8648435	0.5087391	2.024127
8376	-80.81399	-242.4291	161.6151	0.2679559	1.159298	1.747827
8382	-71.74446	-233.907	162.1626	0.4275135	1.34078	0.856278
8388	-69.54073	-232.0948	162.5541	0.2153426	1.306413	0.9918161
8394	-78.86535	-238.763	159.8976	0.9697003	0.0877232	2.852543
8400	-81.70225	-244.3731	162.6709	0.1164554	1.339818	1.161385
8406	-77.60862	-240.4996	162.891	0.1085342	1.348955	0.9756026
8412	-72.27246	-234.1014	161.8289	0.7076816	1.419795	0.5166237
8418	-66.65776	-228.2219	161.5642	0.8887864	1.419795	0.6763933
8424	-65.03393	-227.2732	162.2393	0.3907985	1.506838	0.527779
8430	-73.99044	-235.7986	161.8082	0.6216467	1.557294	0.495114
8436	-75.90119	-237.3241	161.4229	0.8509789	1.557294	0.7526939
8442	-78.73183	-240.2629	161.531	0.975527	1.410403	0.4716348
8448	-75.43925	-236.5259	161.0867	1.370177	1.410403	0.7491757
8454	-83.59292	-244.6497	161.0567	0.5229326	0.4920756	2.230329
8460	-73.9803	-236.1726	162.1923	0.6127123	0.8369569	1.041289
8466	-69.8037	-230.5073	160.7036	1.320204	0.7369588	1.710052
8472	-66.62424	-229.3256	162.7013	0.1196303	0.8064342	1.55135
8478	-79.55262	-241.4503	161.8977	0.102774	1.030402	2.003177
8484	-79.32789	-241.6373	162.3094	0.3513997	0.5786313	1.528443
8490	-79.35288	-240.1717	160.8188	0.2606799	0.7527671	2.546616
8496	-78.80975	-240.3361	161.5263	0.2304149	0.6270345	2.229193
8502	-81.97379	-244.3019	162.3281	0.3134571	0.9374357	1.300174
8508	-84.2212	-246.0901	161.8689	0.7114944	0.9949065	1.071271
8514	-83.04334	-244.8338	161.7904	0.7474494	0.8562656	1.223549
8520	-90.3399	-251.5123	161.1724	0.878338	0.7768608	1.643318
8526	-93.81961	-255.5981	161.7785	0.5365673	1.286861	1.114249
8532	-84.04657	-245.6194	161.5728	0.7844215	1.286861	0.9872065
8538	-67.94083	-228.021	160.0801	1.249013	0.4713103	2.341102
8544	-68.12413	-229.5029	161.3788	1.016833	0.540175	1.560428
8550	-76.70647	-238.0344	161.328	1.355299	1.136349	0.8112196
8556	-82.07131	-243.271	161.1997	1.019001	0.7331898	1.548541
8562	-82.27416	-242.6535	160.3793	1.62631	0.7331898	1.77986
8568	-84.82248	-246.4397	161.6173	1.023955	0.9500014	1.02035
8574	-77.44448	-238.1733	160.7288	1.177801	0.3553041	2.035628
8580	-87.67337	-245.1449	157.4715	2.1577	0.1566104	3.728208
8586	-89.18521	-248.7115	159.5263	0.974352	0.216273	2.996104
8592	-93.51556	-252.6954	159.1798	0.974352	0.09986073	3.271503
8598	-100.8316	-261.1359	160.3043	0.9165645	0.6987528	2.253624
8604	-89.19826	-250.8058	161.6076	0.703438	1.022396	1.283905
8610	-83.34647	-245.0403	161.6938	0.7042853	1.018974	1.213899
8616	-90.34962	-252.6811	162.3315	0.2813796	1.255984	1.087483
8622	-88.95978	-249.4256	160.4658	1.294435	0.4205691	2.100478
8628	-79.11432	-241.4806	162.3663	0.4742849	1.130117	0.7557595
8634	-82.76177	-244.0293	161.2675	0.6820648	0.5168142	1.922624
8640	-72.88729	-233.7488	160.8615	0.8198221	0.4879399	2.098564
8646	-72.87774	-234.6219	161.7441	0.4153964	0.4060657	1.957556
8652	-64.2598	-226.0681	161.8083	0.2689614	0.4781016	2.076781
8658	-70.57308	-232.6101	162.0371	0.5739857	0.9668918	1.117795
8664	-66.24949	-226.5945	160.345	0.6733249	0.2591533	2.68564
8670	-71.58427	-232.1936	160.6093	0.6450802	0.2873775	2.528389
8676	-66.54401	-227.5099	160.9659	1.408284	0.6566221	1.527988
8682	-67.9653	-228.9811	161.0158	0.6571429	0.4185718	2.176345
8688	-70.80192	-231.7166	160.9147	1.164618	0.2221817	2.008366
8694	-76.1876	-237.7703	161.5827	0.4530614	0.5634584	1.913969
8700	-77.29098	-237.6648	160.3738	0.7258654	0.7663292	2.307604
8706	-83.178	-244.4027	161.2247	1.377802	0.8724128	1.168366
8712	-75.3556	-237.7482	162.3927	0.3565202	1.319812	0.76444
8718	-76.23623	-238.4018	162.1656	0.4454069	1.442556	0.6492176
8724	-77.63095	-239.15	161.519	0.9672547	1.417176	0.592797
8730	-81.26673	-243.0667	161.7999	0.7780817	1.036491	1.018023
8736	-79.45253	-241.523	162.0704	0.4732097	1.254929	0.963744
8742	-67.62639	-230.4291	162.8027	0.224811	0.5353695	1.41863
8748	-59.21469	-220.5692	161.3545	0.6396349	0.6993895	1.777328
8754	-67.78656	-227.7343	159.9477	1.017229	0.6439261	2.449284
8760	-73.86634	-235.6401	161.7737	0.2389029	0.7099759	1.997656
8766	-66.1882	-228.5473	162.3591	0.2968298	1.10604	1.164438
8772	-62.53967	-225.2254	162.6857	0.2157411	1.444818	0.6266435
8778	-72.24722	-234.2095	161.9622	0.5766374	1.444818	0.6177337
8784	-74.68526	-236.0837	161.3984	0.5902825	1.176782	1.450254
8790	-75.49694	-238.3175	162.8205	0.1346666	1.438215	0.8411676
8796	-76.20308	-238.3989	162.1958	0.1577507	1.438215	1.348491
8802	-84.1048	-244.7261	160.6213	2.583731	0.976819	0.9502852
8808	-68.99651	-230.2372	161.2406	1.492319	1.198868	0.691102
8814	-75.62753	-236.7069	161.0793	0.9751826	1.023155	1.45433
8820	-79.1257	-241.4324	162.3067	0.4870326	0.9392421	1.020143
8826	-71.48327	-233.0151	161.5319	1.123642	0.9679811	0.9934234
8832	-74.38813	-235.2661	160.878	1.268937	1.359014	1.12237
8838	-70.41961	-231.8708	161.4512	0.783633	1.307704	1.085534
8844	-73.65104	-236.3388	162.6878	0.1586816	1.252034	1.085534
8850	-76.61236	-239.4685	162.8561	0.09610556	1.492959	0.9151856
8856	-70.1167	-232.6418	162.5251	0.1504166	1.809562	0.6315815
8862	-67.5938	-230.0441	162.4503	0.1700767	1.329984	1.193834
8868	-65.38324	-227.888	162.5048	0.3199044	1.106813	0.9770787
8874	-69.52394	-231.5666	162.0427	0.3096043	1.106813	1.399362
8880	-66.66273	-229.263	162.6003	0.07554059	1.297606	1.399362
8886	-67.6277	-230.5067	162.879	0.09950113	1.297606	1.074243
8892	-68.77655	-229.8651	161.0885	0.4235833	0.5402995	2.288751
8898	-76.42563	-236.9338	160.5082	0.3472401	0.586051	2.717443
8904	-84.50803	-242.8874	158.3794	0.9522755	0.5384674	3.497134
8910	-93.59918	-254.0549	160.4557	0.8960763	0.5443212	2.269719
8916	-90.64815	-251.4307	160.7825	0.4579739	0.8846613	2.224232
8922	-87.55106	-248.2758	160.7248	0.56139	0.9467223	2.111592
8928	-72.96543	-235.3334	162.3679	0.2080691	1.079621	1.370493
8934	-74.13038	-235.1398	161.0094	0.6818883	0.7608494	1.932289
8940	-74.27956	-236.1036	161.824	0.4183017	0.4132921	1.895061
8946	-77.0987	-237.6966	160.5979	1.112275	0.7544148	1.895458
8952	-84.23526	-246.4921	162.2569	0.2812413	0.6712173	1.615138
8958	-76.50239	-237.4013	160.8989	0.3694304	0.6354356	2.415499
8964	-75.98528	-236.8068	160.8215	1.430578	0.1215663	1.991658
8970	-68.28688	-228.1256	159.8387	0.6141651	0.1609547	3.100621
8976	-79.05008	-239.0923	160.0422	1.791661	0.04403637	2.384263
8982	-73.58968	-234.8957	161.306	0.6269247	0.1058724	2.217985
8988	-84.98341	-246.5749	161.5914	0.4839825	0.443295	1.95304
8994	-75.32677	-236.0043	160.6775	1.263749	0.2711378	2.076256
9000	-65.5494	-227.2843	161.7349	0.5974966	0.804255	1.469658
9006	-61.01019	-223.1317	162.1215	0.3896452	0.7671949	1.469658
9012	-68.98279	-229.6943	160.7115	1.450046	1.517123	0.9940477
9018	-69.83777	-231.5602	161.7224	0.4002568	1.594789	1.100459
9024	-75.78532	-237.2362	161.4509	0.3683684	1.331473	1.580449
9030	-82.48866	-243.6663	161.1776	0.7690265	0.4992338	1.920693
9036	-77.7399	-237.8406	160.1007	0.6235462	0.4406237	2.766027
9042	-76.58495	-236.594	160.009	1.211851	0.7057011	2.257059
9048	-65.41493	-226.4646	161.0497	0.8059434	0.07172077	2.257059
9054	-64.2719	-226.4711	162.1992	0.5201368	0.8281702	1.17124
9060	-79.40636	-240.1343	160.7279	0.8025188	0.9436696	1.897107
9066	-68.13978	-230.4533	162.3136	0.3647851	0.6579113	1.44463
9072	-82.69718	-244.0762	161.379	0.7137668	1.860603	0.4706313
9078	-82.37114	-243.4458	161.0747	0.9365358	1.884903	0.3985434
9084	-88.57313	-248.5091	159.936	1.536247	0.2012479	2.461303
9090	-79.18832	-238.6574	159.4691	2.06176	0.1392762	2.581243
9096	-82.18994	-243.4044	161.2144	0.8733306	0.6164448	1.731363
9102	-77.83127	-238.2715	160.4402	1.152617	0.5185818	2.132843
9108	-81.87414	-241.4539	159.5798	1.654521	0.2377571	2.608849
9114	-73.68703	-233.9911	160.3041	0.8646514	0.9048679	2.157044
9120	-76.08133	-236.4153	160.3339	0.6960335	1.111957	2.135054
9126	-71.72838	-232.3728	160.6445	0.6960335	1.271722	1.820104
9132	-81.78987	-241.2494	159.4596	1.161748	0.08075455	3.010269
9138	-75.99129	-237.3284	161.3371	0.3587702	0.5777093	2.186342
9144	-85.60673	-244.6256	159.0188	0.725906	0.3846195	3.36443
9150	-85.90689	-246.9262	161.0193	0.411685	0.8122576	2.172439
9156	-74.91892	-236.5963	161.6774	0.5628282	0.9056774	1.475498
9162	-78.98791	-240.8102	161.8223	0.354783	1.271068	1.366113
9168	-78.09518	-240.3447	162.2495	0.4821932	1.271068	0.695002
9174	-69.64873	-232.1609	162.5122	0.2718858	1.271068	0.9147887
9180	-70.45324	-230.8544	160.4011	1.376566	0.5790378	1.994776
9186	-65.06032	-225.9448	160.8845	0.6375972	0.1351928	2.457958
9192	-85.75667	-245.5791	159.8224	0.9878615	0.1391347	2.855752
9198	-69.52387	-229.9755	160.4516	2.688257	0.04196682	1.796287
9204	-71.74674	-232.8614	161.1147	2.214286	0.2506909	1.327936
9210	-85.06149	-247.4475	162.386	0.1823351	0.8262862	1.606652
9216	-75.12257	-236.6534	161.5309	0.5892321	0.8295699	1.610965
9222	-71.6937	-232.2515	160.5578	1.652364	0.7007812	1.664315
9228	-78.1915	-239.5447	161.3532	0.7089831	0.7682803	1.664315
9234	-82.21079	-244.3608	162.15	0.3145021	1.171995	1.251826
9240	-76.51334	-238.1239	161.6105	0.4049527	1.202497	1.504354
9246	-76.51949	-239.2145	162.695	0.09795346	0.8511239	1.58834
9252	-75.35836	-236.8374	161.479	0.4013493	0.8714288	1.839758
9258	-72.27408	-232.93	160.6559	0.4013493	0.4061461	2.670175
9264	-84.05248	-244.0126	159.9602	1.207623	0.3903234	2.490161
9270	-80.78358	-241.8601	161.0765	1.199788	0.06334981	1.985658
9276	-70.88066	-230.906	160.0254	1.816512	0.02732678	2.395482
9282	-71.05271	-229.4153	158.3626	0.7716307	0.03802773	3.913023
9288	-59.98797	-220.6554	160.6675	0.7718536	0.06345307	2.529656
9294	-75.93651	-236.327	160.3905	1.371814	0.04757511	2.349545
9300	-72.06043	-233.7197	161.6592	1.252601	0.08512523	1.530664
9306	-67.43073	-227.8547	160.424	1.870504	0.8767343	1.530664
9312	-81.00969	-241.7567	160.747	1.726986	0.9672666	1.280343
9318	-80.04717	-240.0423	159.9952	2.68177	0.2915604	1.939601
9324	-69.95335	-229.9309	159.9775	1.402162	0.7810414	2.127918
9330	-76.23039	-236.1863	159.9559	1.519151	0.3789862	2.344346
9336	-83.92144	-243.442	159.5206	2.957693	0.4528808	2.066205
9342	-71.67331	-232.2448	160.5715	0.5884629	0.2757786	2.609225
9348	-83.3982	-244.5685	161.1703	0.6445918	0.3026774	2.162429
9354	-73.17693	-234.6929	161.5159	1.034255	1.184926	0.8671876
9360	-75.5964	-236.8985	161.3021	1.496403	0.9015525	0.9843583
9366	-77.13496	-238.0483	160.9133	1.496403	0.9099069	1.322061
9372	-74.23822	-234.1707	159.9324	1.05308	0.1112455	2.76674
9378	-65.4755	-225.2145	159.739	0.8406948	0.4610979	2.806586
9384	-75.33373	-234.7612	159.4275	1.113694	0.1219018	3.030971
9390	-84.63604	-243.8062	159.1702	1.660494	0.2276314	2.863214
9396	-70.98245	-232.3191	161.3367	0.6677931	1.192334	1.401875
9402	-75.68158	-237.7526	162.071	0.3267555	1.618401	0.8759022
9408	-71.59546	-233.0642	161.4688	0.4342525	1.478111	1.35946
9414	-71.07934	-233.3565	162.2772	0.2406505	1.507141	0.9980287
9420	-84.99467	-246.5573	161.5626	0.8895156	1.462341	0.5694922
9426	-79.18381	-240.5006	161.3167	0.7075336	1.304983	1.286303
9432	-70.80523	-231.6763	160.8711	1.667326	0.7936079	1.352456
9438	-70.65632	-232.637	161.9807	0.6888355	0.9970091	0.9891621
9444	-72.75085	-232.517	159.7662	0.4951413	0.4427911	3.085162
9450	-64.15705	-225.2947	161.1377	0.3681396	0.2436921	2.513071
9456	-62.30201	-223.5879	161.2858	0.9181816	0.6832394	1.597759
9462	-69.73657	-230.7395	161.0029	1.939165	0.9417029	0.9484887
9468	-73.98508	-235.511	161.5259	0.7424258	0.8651381	1.433801
9474	-84.49843	-245.4121	160.9137	0.7424258	1.507494	1.41053
9480	-76.96108	-238.7885	161.8274	0.8098395	0.9467737	1.041851
9486	-70.81769	-231.7647	160.947	0.9968007	0.6917484	1.774866
9492	-69.87828	-229.3452	159.4669	0.8037842	0.2589283	3.117644
9498	-78.38906	-239.68	161.2909	0.4633348	0.4043418	2.200064
9504	-72.30454	-234.4856	162.181	0.5337263	0.6544901	1.313766
9510	-75.26689	-237.3556	162.0888	0.4070355	0.9660276	1.313766
9516	-74.868	-237.2957	162.4277	0.4070355	0.7444192	1.216723
9522	-75.25159	-236.9984	161.7468	0.8712744	0.8505448	1.140562
9528	-75.04554	-237.1371	162.0916	0.1859708	0.4912527	2.033447
9534	-67.62512	-229.5057	161.8806	0.1746339	0.7047781	2.055584
9540	-72.4546	-234.9276	162.473	0.4503226	0.8649232	0.9917929
9546	-78.47462	-239.6828	161.2081	1.266707	0.9256669	1.214217
9552	-70.03651	-230.7179	160.6814	2.308279	1.161951	0.8273154
9558	-73.40962	-234.1525	160.7429	1.130877	0.6762597	1.838143
9564	-76.33408	-237.3065	160.9725	1.345993	0.2634032	1.838143
9570	-79.74436	-240.2686	160.5242	1.155643	0.6458681	1.991565
9576	-81.54554	-242.9772	161.4317	0.4127494	0.6050825	2.036538
9582	-73.29348	-233.4905	160.197	1.584492	0.4579725	2.107735
9588	-74.28438	-235.5274	161.243	0.5557196	0.3337054	2.179018
9594	-67.97582	-229.0682	161.0924	1.448253	0.6854532	1.386469
9600	-68.00748	-229.1506	161.1431	0.856385	0.5761152	1.822195
9606	-75.50651	-236.7953	161.2888	0.2769451	0.492855	2.389404
9612	-71.39075	-232.653	161.2622	0.4728295	0.6074381	2.075475
9618	-69.59495	-231.0935	161.4985	0.5626993	0.5737175	1.841887
9624	-73.46871	-235.3682	161.8995	0.3881499	1.205729	1.302554
9630	-89.92493	-250.1139	160.1889	0.8192057	0.8835868	2.278498
9636	-79.95179	-241.7844	161.8326	0.3379489	0.6054217	1.868106
9642	-83.15977	-244.5857	161.4259	0.3379489	0.9703992	1.896501
9648	-74.28528	-236.5919	162.3066	0.2506852	0.9262322	1.445837
9654	-78.00399	-238.7281	160.7241	1.076153	0.666719	1.892218
9660	-69.86104	-232.5538	162.6927	0.2335208	1.158981	0.948497
9666	-79.0314	-240.9967	161.9653	0.2388235	0.4750427	2.026634
9672	-87.0216	-248.7352	161.7136	0.3433591	0.7356802	1.852461
9678	-92.45928	-252.4859	160.0266	0.6623302	0.052272	3.013252
9684	-85.23605	-245.7977	160.5616	0.8961471	0.154477	2.449811
9690	-80.31733	-240.6621	160.3448	0.8445211	0.2203989	2.579753
9696	-71.17707	-231.4444	160.2674	0.4962184	0.5467154	2.71845
9702	-69.38588	-229.7703	160.3845	2.453111	0.7232598	1.432692
9708	-74.18772	-235.3074	161.1197	1.6199	0.8920407	1.084983
9714	-86.33087	-247.1459	160.815	0.854047	0.8774679	1.842387
9720	-78.1201	-239.3483	161.2282	0.7196519	1.152229	1.463782
9726	-70.87072	-232.7427	161.8719	0.3429663	0.8542542	1.659391
9732	-71.78974	-234.1056	162.3159	0.3399957	1.153202	1.07324
9738	-79.17774	-240.3978	161.2201	0.3958208	1.155718	1.829648
9744	-81.76792	-242.8919	161.1239	1.451649	1.057068	1.039719
9750	-81.55177	-242.3038	160.752	0.6679748	1.37896	1.695981
9756	-72.31617	-232.93	160.6138	0.8729163	0.5287534	2.194207
9762	-81.92625	-243.1722	161.246	0.2719156	0.2602209	2.569727
9768	-71.86379	-233.8779	162.0141	0.2300898	0.158839	2.217131
9774	-74.12965	-235.3915	161.2619	0.2300898	0.09797483	2.727219
9780	-68.70438	-229.087	160.3826	0.1399385	0.4343337	3.224225
9786	-69.67436	-230.5054	160.8311	0.09622485	0.1587382	3.224225
9792	-65.78251	-226.9848	161.2022	0.2668296	0.3030643	2.578138
9798	-76.98555	-236.8432	159.8577	0.6217322	0.8246468	2.681254
9804	-83.95734	-243.0361	159.0787	0.4667671	0.5506054	3.455814
9810	-65.53073	-227.062	161.5313	0.6367048	0.7847794	1.593789
9816	-67.23964	-228.8504	161.6107	0.4761679	1.036896	1.531757
9822	-71.26909	-233.1645	161.8954	0.5677483	1.457882	0.7448144
9828	-76.47935	-237.3716	160.8923	1.867924	1.232608	0.7863166
9834	-75.33552	-238.3089	162.9734	0.09857558	1.232608	1.050219
9840	-67.33278	-229.3492	162.0164	0.3191136	1.060075	1.439107
9846	-77.86979	-240.1498	162.28	0.3191136	1.576522	0.6571372
9852	-80.48798	-242.4324	161.9444	0.4890405	1.354046	0.9637981
9858	-75.35006	-237.5352	162.1851	0.3730941	0.8475952	1.384177
9864	-72.58701	-235.8561	163.2691	0.1207334	0.9274868	0.9699768
9870	-74.75098	-237.0539	162.3029	0.2075854	0.829465	1.608996
9876	-65.38437	-226.294	160.9096	1.089307	0.2348899	2.048954
9882	-71.81497	-232.5583	160.7433	1.74779	1.406544	0.8522819
9888	-83.58005	-245.157	161.577	0.5659116	1.081809	1.414004
9894	-75.55145	-235.5394	159.988	1.323827	0.1130369	2.584937
9900	-64.41631	-224.6992	160.2829	1.00954	0.4247528	2.380942
9906	-68.60092	-229.098	160.4971	1.672156	0.2650383	1.996933
9912	-65.9473	-226.9543	161.007	1.662446	0.2091144	1.689687
9918	-69.34434	-229.2986	159.9542	2.230092	0.2189405	2.163927
9924	-72.27066	-232.6765	160.4059	1.211666	0.3497107	2.23089
9930	-76.01475	-237.5637	161.5489	0.2034065	0.7208859	2.203701
9936	-70.83432	-233.441	162.6067	0.1040157	0.7512353	1.705123
9942	-74.06988	-235.7473	161.6774	0.4176302	0.8354254	1.705123
9948	-71.15728	-232.7124	161.5552	0.3536829	0.668177	1.990456
9954	-76.72158	-237.6696	160.948	0.3536829	0.6985769	2.365017
9960	-80.62837	-241.4636	160.8353	0.8063809	0.1901688	2.318147
9966	-75.38805	-237.2678	161.8797	0.4934891	0.2230078	1.896304
9972	-61.82969	-223.4911	161.6614	0.467591	0.6170884	1.80609
9978	-69.41215	-228.84	159.4278	0.4940547	0.05246202	3.515747
9984	-63.94305	-225.3449	161.4019	0.4940547	0.07751637	2.30512
9990	-67.15769	-226.7937	159.636	1.037163	0.05236619	2.991089
9996	-65.72977	-225.4454	159.7156	1.037163	0.1567871	2.880173
10002	-67.57297	-227.3691	159.7961	1.200954	0.231168	2.693974
10008	-73.20651	-233.1783	159.9718	0.962524	0.2808724	2.693974
10014	-68.68562	-229.8906	161.205	0.5245808	0.5352837	2.104168
10020	-70.68833	-232.744	162.0557	0.1931887	0.2158147	2.222413
10026	-74.19125	-233.9243	159.733	1.465914	0.1904687	2.62646
10032	-79.91773	-240.3207	160.403	0.7110445	0.4377421	2.508486
10038	-77.67343	-238.363	160.6896	0.3263173	0.6083764	2.619944
10044	-86.63335	-247.7707	161.1373	0.0865934	0.8958203	2.619944
10050	-82.6115	-243.5115	160.9	0.2728572	0.5227435	2.619944
10056	-74.53526	-235.45	160.9147	0.5817054	0.4915896	2.263668
10062	-77.93696	-239.0944	161.1574	0.3577459	0.003356154	2.663047
10068	-77.51641	-238.4459	160.9295	0.3577459	0.03795929	2.781486
10074	-94.69326	-254.079	159.3857	0.8855027	0.4703316	2.984311
10080	-90.4137	-250.5911	160.1774	0.840066	0.6775429	2.401586
10086	-97.76578	-258.72	160.9543	0.8111682	1.156583	1.581425
10092	-80.02601	-241.1663	161.1403	1.335339	1.242569	0.926168
10098	-72.10249	-233.9364	161.8339	0.7058804	1.228317	0.8737472
10104	-71.33696	-231.303	159.9661	0.7058804	0.3620904	2.828063
10110	-80.21687	-239.3569	159.1401	1.27565	0.6040761	2.828063
10116	-76.77395	-237.8109	161.0369	2.860931	0.2245684	1.150496
10122	-72.03228	-232.4705	160.4382	2.08808	0.5989565	1.629264
10128	-65.28529	-224.8894	159.6041	1.730468	0.2983249	2.52463
10134	-74.65878	-235.4805	160.8218	0.8662321	0.3631453	2.171556
10140	-77.08817	-238.3138	161.2256	0.8052209	0.02905912	2.171556
10146	-69.81771	-229.0795	159.2618	0.8912848	0.261433	3.179216
10152	-80.96999	-241.0886	160.1186	1.332942	0.1451242	2.478983
10158	-79.3149	-238.6236	159.3087	1.518503	0.5226227	2.659405
10164	-77.0362	-238.1088	161.0726	0.8820161	0.422744	1.955122
10170	-74.80447	-235.7579	160.9535	1.580901	1.18651	0.9872656
10176	-79.93976	-240.92	160.9802	0.8124432	1.023358	1.657938
10182	-69.53177	-231.6796	162.1478	0.2993562	0.6777144	1.657938
10188	-92.75262	-253.9667	161.2141	0.5380683	0.5923141	2.04654
10194	-88.04222	-249.2349	161.1927	0.7961338	0.4754019	1.90462
10200	-81.12125	-241.5872	160.4659	0.4746067	0.0314169	2.933054
10206	-76.96655	-237.0207	160.0542	0.4746067	0.06250655	3.160777
10212	-84.58793	-244.5689	159.9809	0.4605768	0.2916021	3.082437
10218	-74.46833	-234.0511	159.5828	0.5417679	0.1343461	3.331981
10224	-73.21255	-232.0168	158.8042	0.7265389	0.3074526	3.534579
10230	-77.51046	-237.7531	160.2427	1.485846	0.4560232	2.125685
10236	-85.46149	-246.8251	161.3636	0.2466475	0.9930524	2.068222
10242	-78.43597	-238.378	159.942	0.7684373	0.4226777	2.758051
10248	-84.13403	-244.0916	159.9576	0.260619	0.2649976	3.359773
10254	-84.44254	-243.3554	158.9129	1.092534	0.2424132	3.276816
10260	-82.71294	-243.158	160.445	0.433022	0.355995	2.793636
10266	-75.20477	-237.0724	161.8676	0.433022	0.7980892	1.574619
10272	-68.85491	-230.5606	161.7057	0.5513049	1.146586	1.27779
10278	-83.10597	-244.5378	161.4318	1.071604	1.265991	0.8270565
10284	-71.56286	-231.8524	160.2896	1.894163	1.265991	1.32309
10290	-86.31401	-244.9903	158.6763	1.281288	0.7479859	3.018219
10296	-80.66973	-241.3358	160.666	1.277093	0.4637748	1.948318
10302	-68.75384	-228.9572	160.2033	0.9307822	0.6321871	2.350966
10308	-75.18366	-235.8292	160.6455	0.6319889	1.111539	1.986808
10314	-66.79879	-227.1396	160.3408	1.670973	0.6090681	1.870838
10320	-69.92761	-231.6726	161.745	0.3767512	0.749178	1.773784
10326	-68.51592	-229.2312	160.7153	1.371949	1.051074	1.440834
10332	-69.90546	-232.2139	162.3084	0.2117002	1.16708	1.339996
10338	-68.97748	-230.0506	161.0731	1.295736	1.16708	1.099237
10344	-76.94852	-237.8202	160.8717	1.478534	0.9805835	1.30931
10350	-80.64359	-240.9479	160.3044	0.8647775	0.05181753	2.694646
10356	-87.49232	-248.7604	161.2681	1.293704	0.6793335	1.348783
10362	-76.72453	-237.9286	161.2041	0.5624392	0.9764784	1.767263
10368	-69.97832	-230.7657	160.7874	0.7966653	0.4362106	2.198212
10374	-67.26546	-227.3017	160.0363	0.6838495	0.369645	2.798318
10380	-70.96879	-230.8835	159.9148	0.6838495	0.3909408	2.859177
10386	-71.68718	-234.6986	163.0114	0.1345238	1.042417	1.059068
10392	-78.55051	-241.44	162.8895	0.2041792	1.211657	0.7438538
10398	-74.36225	-236.3411	161.9789	0.5822239	1.139824	0.9971674
10404	-77.22503	-237.0586	159.8336	0.7916802	0.464594	2.781588
10410	-72.43586	-233.0939	160.658	0.8558702	1.046275	1.832867
10416	-62.35022	-222.8904	160.5402	1.1821	0.6926064	1.933682
10422	-70.18494	-230.064	159.879	0.9885784	0.251506	2.752488
10428	-76.2047	-235.894	159.6892	1.366094	0.1057147	2.752488
10434	-72.42302	-233.9733	161.5503	0.5807455	0.08480878	2.116351
10440	-72.20414	-232.6666	160.4624	0.4422754	0.2857744	2.815561
10446	-78.97329	-241.5601	162.5868	0.5205074	0.157564	1.402555
10452	-80.00503	-242.539	162.534	0.3922257	0.08162834	1.666542
10458	-77.15923	-238.4294	161.2701	1.752281	0.1203351	1.51967
10464	-62.708	-223.7174	161.0094	1.04717	0.1438581	2.069655
10470	-79.59972	-240.9541	161.3544	0.8025386	0.5642966	1.726403
10476	-89.88804	-250.6073	160.7193	0.8056014	0.3625078	2.282716
10482	-77.5592	-238.3927	160.8335	0.4873585	0.4065139	2.463699
10488	-78.61434	-239.6203	161.006	0.4945568	0.7110212	2.15141
10494	-72.89253	-234.4555	161.563	0.376292	0.980837	1.739715
10500	-71.41319	-232.4235	161.0103	0.503305	0.8619702	2.039894
10506	-76.8851	-238.166	161.2809	0.503305	0.5913829	2.039894
10512	-86.39412	-247.4654	161.0712	0.4207841	0.8105343	2.128609
10518	-83.36044	-243.187	159.8266	2.840522	0.7384049	1.697859
10524	-87.79215	-249.7037	161.9116	0.5790671	1.382303	0.8047205
10530	-72.77293	-233.9338	161.1609	1.311425	1.382303	0.7505502
10536	-73.9398	-236.1787	162.2389	0.4053063	1.385783	0.7505502
10542	-77.64932	-238.5136	160.8643	2.228956	1.053349	0.7849991
10548	-76.49048	-238.6268	162.1363	0.5635338	1.186302	0.7975959
10554	-77.76277	-237.7127	159.9499	0.7461184	0.4450224	2.756341
10560	-72.96303	-233.9529	160.9899	0.3396496	0.219899	2.6564
10566	-69.92466	-231.2198	161.2952	0.4958592	0.3450832	2.19981
10572	-74.19567	-236.1803	161.9847	0.2082332	0.2848561	2.194708
10578	-73.22151	-235.4626	162.2411	0.3006247	0.8236837	1.480114
10584	-70.07622	-231.2651	161.1889	0.5984447	0.5547586	2.027629
10590	-79.84068	-242.0274	162.1867	0.5149804	1.069856	0.9628759
10596	-74.56264	-234.9342	160.3716	0.4741356	0.5045079	2.703293
10602	-79.12624	-239.0996	159.9733	0.9246759	0.1520122	2.795958
10608	-71.57677	-232.0197	160.4429	0.9246759	0.4928119	2.291246
10614	-64.36831	-224.6392	160.2709	1.286893	0.3270596	2.291246
10620	-75.77119	-237.2028	161.4316	0.5390265	0.3848562	2.038842
10626	-72.14316	-230.3663	158.2231	2.078996	0.4127958	3.164385
10632	-70.89187	-230.9593	160.0674	0.8321455	0.2887033	2.717302
10638	-71.32199	-231.4838	160.1618	1.854203	0.07356293	2.26416
10644	-76.80181	-237.8955	161.0937	1.854203	0.5834405	1.243718
10650	-85.39309	-245.0479	159.6548	5.659251	1.13798	0.5973274
10656	-78.12071	-239.7902	161.6695	0.7610653	1.13798	1.065758
10662	-69.49813	-231.0369	161.5388	1.209815	1.131934	0.6802801
10668	-78.72338	-239.3627	160.6393	3.233215	0.7652187	0.8486615
10674	-77.54591	-237.3988	159.8529	2.843667	0.6535809	1.738126
10680	-78.84811	-237.7636	158.9155	1.738897	0.1653531	3.022671
10686	-77.91515	-238.0396	160.1245	1.164942	0.406209	2.400469
10692	-79.79859	-239.9928	160.1943	1.388916	0.08160983	2.443567
10698	-75.59425	-235.4622	159.868	1.415765	0.2687984	2.517659
10704	-74.09531	-234.0097	159.9144	1.614133	0.07773037	2.517659
10710	-74.28185	-234.6126	160.3307	0.9872974	0.1816217	2.517659
10716	-72.91429	-234.2573	161.343	0.6313131	0.5778832	1.876889
10722	-74.50239	-235.574	161.0717	0.8036362	0.2027228	2.15995
10728	-69.65347	-228.9883	159.3348	1.142757	0.2947994	2.966887
10734	-84.35425	-242.57	158.2158	1.572959	0.1647936	3.503005
10740	-73.37202	-232.8867	159.5147	1.319691	0.3761924	2.716499
10746	-69.44165	-230.1178	160.6761	0.6390519	0.7084086	2.224659
10752	-79.74457	-238.8855	159.1409	1.934198	0.03468856	2.891882
10758	-78.03729	-238.4682	160.4309	0.9631544	0.04295255	2.556916
10764	-80.73732	-241.4981	160.7608	1.532621	0.0505533	2.028973
10770	-75.78474	-235.4317	159.647	2.797698	0.08904398	2.266269
10776	-88.03493	-247.5502	159.5152	0.6425926	0.06790164	3.323638
10782	-83.15509	-241.8922	158.7371	0.7761859	0.3630154	3.505543
10788	-81.47368	-242.344	160.8703	1.156051	0.1679328	2.078705
10794	-75.53835	-236.8948	161.3564	0.4133274	0.4566356	2.18245
10800	-82.15762	-243.2865	161.1289	0.7341331	0.8343369	1.753526
10806	-86.6044	-247.3358	160.7314	0.494761	0.5948023	2.401669
10812	-89.39973	-251.357	161.9573	0.3337041	0.8065473	1.646718
10818	-75.65207	-237.5655	161.9134	0.3759655	0.2795201	1.980217
10824	-79.86687	-240.1925	160.3257	1.373129	0.5029141	2.096892
10830	-75.95151	-237.8454	161.8939	0.359699	0.6578734	1.757817
10836	-84.44742	-244.1062	159.6588	1.388041	0.3507034	2.61006
10842	-76.90966	-237.0929	160.1833	1.388041	0.2984295	2.313688
10848	-70.79939	-232.2631	161.4637	0.9661118	0.1024055	1.846544
10854	-70.57549	-231.6688	161.0933	0.9661118	0.181928	2.042373
10860	-69.34175	-230.6311	161.2894	0.6686039	0.3338285	2.042373
10866	-83.99475	-245.5581	161.5634	0.9256485	0.5089469	1.515847
10872	-82.05684	-244.3835	162.3267	0.2635357	1.381975	1.014089
10878	-76.26319	-238.1082	161.845	0.3244556	1.016172	1.590948
10884	-77.24928	-237.6277	160.3784	0.3922216	0.3779181	2.867552
10890	-77.25502	-237.0705	159.8154	0.4810604	0.2237827	3.200179
10896	-73.42657	-234.4843	161.0577	0.5741904	0.2311248	2.345857
10902	-83.75394	-244.3768	160.6229	1.065436	0.7108943	1.937684
10908	-74.85823	-233.8658	159.0076	2.209202	0.6294172	2.512308
10914	-82.58124	-243.9518	161.3706	0.5244009	0.09731232	2.280809
10920	-80.80886	-241.9896	161.1807	0.5244009	0.3154746	2.262674
10926	-73.49737	-234.0182	160.5208	0.6822959	0.7459915	2.262674
10932	-71.47606	-231.7212	160.2452	1.958766	0.4587675	1.913998
10938	-75.55597	-236.2782	160.7222	2.646504	0.8896213	0.9030831
10944	-72.5352	-233.968	161.4328	1.245012	1.136987	0.791231
10950	-79.30761	-239.4617	160.154	2.96935	1.136987	1.081012
10956	-72.43157	-233.7206	161.289	1.037122	0.173206	1.869085
10962	-78.79922	-238.5259	159.7267	3.018076	0.1117556	2.137876
10968	-77.23121	-239.9495	162.7182	0.3302526	0.6754642	1.160641
10974	-78.26533	-239.3529	161.0876	0.8011407	0.6031475	1.885236
10980	-91.70599	-252.0646	160.3586	1.26485	0.4451589	2.170454
10986	-81.14959	-241.5796	160.4301	1.643113	0.7742794	1.707382
10992	-88.72062	-250.6096	161.889	0.65102	0.9585271	1.15884
10998	-68.06011	-228.9057	160.8456	1.821454	0.9170141	1.188583
11004	-85.93068	-247.4323	161.5016	0.3984809	1.01469	1.728321
11010	-77.19177	-237.3868	160.195	0.4868574	0.4207702	2.848837
11016	-75.21128	-237.0472	161.8359	0.2068897	0.4729398	2.171739
11022	-82.06932	-243.6049	161.5356	0.264971	0.218202	2.425799
11028	-80.74575	-241.7848	161.039	0.3970071	0.5237554	2.362889
11034	-75.60564	-236.1219	160.5162	0.4657291	0.4619732	2.649426
11040	-75.08593	-235.8311	160.7452	1.351022	0.3001444	1.9647
11046	-68.14755	-229.7812	161.6337	0.8902463	0.00745492	1.850125
11052	-75.31428	-236.4477	161.1334	1.353005	1.187651	0.976488
11058	-71.80741	-233.391	161.5836	0.9183234	0.9456568	1.155651
11064	-69.57087	-230.6134	161.0425	0.3474999	0.07704329	2.701601
11070	-75.29957	-236.1325	160.8329	0.5589224	0.7707932	2.158304
11076	-65.36847	-226.7647	161.3962	0.4364478	0.7538676	1.931432
11082	-69.57083	-230.8766	161.3057	0.4364478	0.6152236	2.084034
11088	-91.79593	-253.316	161.5201	0.609845	0.9027263	1.543335
11094	-79.17471	-240.7496	161.5749	0.8695652	1.38258	0.7555327
11100	-72.5579	-234.7302	162.1723	0.1466108	1.281315	1.516894
11106	-70.33389	-231.2004	160.8665	0.5057956	0.8020024	2.170859
11112	-72.20675	-232.1176	159.9108	0.970231	0.5690533	2.548687
11118	-77.83709	-238.6757	160.8386	1.367405	0.2887962	1.900561
11124	-78.1603	-239.108	160.9477	0.4192597	0.5380499	2.384895
11130	-83.63976	-244.8921	161.2523	0.6101868	0.7774376	1.822821
11136	-78.90672	-241.112	162.2053	0.2697224	1.530435	0.971149
11142	-67.59259	-229.3269	161.7343	0.5162964	1.788643	0.4695679
11148	-67.7545	-229.6798	161.9253	0.8993363	1.042754	0.6848059
11154	-63.27497	-224.9791	161.7041	0.6002622	0.9612771	1.369053
11160	-61.96537	-223.1996	161.2343	0.8527422	1.109438	1.369053
11166	-69.93151	-231.1551	161.2236	0.6540826	1.109438	1.563819
11172	-72.45218	-234.378	161.9258	0.2698753	1.109438	1.557336
11178	-70.66004	-232.4969	161.8368	0.5973555	1.205626	1.049934
11184	-71.90773	-233.8761	161.9683	0.2435626	0.3885358	2.073457
11190	-69.79084	-230.6651	160.8743	0.9400505	0.7990479	1.791225
11196	-70.13839	-232.1005	161.9621	0.4299997	0.9894629	1.361923
11202	-70.39002	-231.1143	160.7243	0.6493657	0.3339647	2.423463
11208	-68.97159	-230.3111	161.3395	0.3189146	0.2898565	2.423463
11214	-71.28289	-232.4736	161.1907	0.1477592	0.69207	2.5624
11220	-71.83096	-234.257	162.4261	0.2585333	0.5246817	1.639635
11226	-72.25375	-233.4403	161.1865	0.8513211	0.8626875	1.592784
11232	-72.49389	-232.6347	160.1408	0.4675126	0.222668	3.020831
11238	-73.57753	-234.7957	161.2182	0.4727636	0.2753658	2.319101
11244	-64.80295	-226.9679	162.1649	0.3011422	0.6385946	1.670692
11250	-63.14027	-224.0959	160.9557	0.7773436	0.2864572	2.201177
11256	-75.04876	-235.2664	160.2176	1.415317	0.2789178	2.290719
11262	-67.53485	-227.9849	160.45	1.379174	0.6831396	1.890377
11268	-67.77697	-229.1572	161.3803	0.3214595	1.061198	1.890377
11274	-72.7059	-232.516	159.8101	0.3159166	0.2725911	3.364169
11280	-70.76748	-232.4674	161.7	0.7424853	0.8664303	1.295282
11286	-85.77487	-247.1794	161.4045	1.024948	0.9092035	1.246887
11292	-83.04503	-241.8755	158.8304	0.6689348	0.496513	3.452837
11298	-82.31348	-242.7133	160.3999	1.615613	0.4233279	1.98199
11304	-78.04532	-238.6323	160.5869	1.286168	0.4851433	1.98199
11310	-82.06266	-242.1508	160.0881	1.112653	0.8478926	2.171372
11316	-82.99126	-243.1152	160.1239	2.602833	0.8478926	1.480598
11322	-78.42565	-238.7319	160.3062	1.980411	0.3983699	1.904858
11328	-75.7859	-236.4689	160.683	0.7909231	0.6278004	2.146043
11334	-75.41781	-236.5799	161.1621	0.9394911	1.096662	1.361768
11340	-79.60575	-241.6804	162.0747	0.3478086	1.038822	1.361768
11346	-66.12715	-227.802	161.6748	0.7815646	1.038822	1.129105
11352	-64.5729	-227.2735	162.7006	0.2400141	0.9688326	1.109081
11358	-70.90572	-233.4603	162.5546	0.2048122	0.9185277	1.357871
11364	-84.7653	-245.8628	161.0975	1.162148	1.124423	1.216081
11370	-88.73936	-250.4561	161.7167	1.006183	1.114799	0.7286975
11376	-83.85678	-245.3322	161.4754	0.3414255	1.264068	1.652225
11382	-80.61281	-241.1975	160.5847	1.125218	0.4611831	2.092047
11388	-76.36203	-237.9609	161.5988	0.8787005	0.8639439	1.249278
11394	-70.64693	-232.4805	161.8336	0.2260407	0.8931426	1.857277
11400	-80.71349	-242.4591	161.7456	0.1122655	0.8659525	2.185462
11406	-81.0315	-242.766	161.7345	0.1093562	1.182137	1.99264
11412	-69.2096	-230.5999	161.3903	1.042529	0.7864014	1.344492
11418	-69.26566	-231.6182	162.3525	0.3347834	0.9241866	1.252129
11424	-68.77229	-229.7855	161.0132	0.9457784	0.5903779	1.835283
11430	-78.49238	-240.2954	161.803	0.621686	1.021497	1.214025
11436	-78.58722	-240.0314	161.4442	0.4772187	1.102922	1.604254
11442	-75.01442	-237.3903	162.3759	0.231305	1.102922	1.292839
11448	-81.27316	-241.6936	160.4205	1.669725	0.8471843	1.649401
11454	-77.7667	-238.4399	160.6733	1.280511	0.5303841	1.896519
11460	-70.42286	-231.4897	161.0668	0.7044213	0.4572019	2.076646
11466	-90.70133	-251.2703	160.569	0.8152641	0.1090912	2.530457
11472	-85.89977	-246.4523	160.5525	1.064881	0.3476511	2.223556
11478	-85.48154	-246.7267	161.2451	0.2343649	0.8113161	2.284496
11484	-82.47509	-243.1166	160.6415	0.9084796	0.5829292	2.115636
11490	-63.63309	-224.4409	160.8078	0.841025	0.4224086	2.160566
11496	-60.37831	-220.8185	160.4402	1.588673	0.1309292	2.160566
11502	-73.12442	-232.4658	159.3414	1.072707	0.3734724	2.954624
11508	-74.83483	-235.7291	160.8942	1.072707	0.3714465	1.978768
11514	-82.23379	-241.7093	159.4755	5.437599	0.5479403	1.455999
11520	-74.07405	-234.4768	160.4027	3.100645	0.2142505	1.580254
11526	-79.90854	-240.1997	160.2912	3.100645	0.5233834	1.432297
11532	-73.7814	-233.8703	160.0889	3.075916	0.4262152	1.661312
11538	-64.20398	-224.9389	160.7349	0.8709973	0.4204895	2.18725
11544	-73.77179	-234.8391	161.0673	2.330908	0.6943053	0.9098769
11550	-68.33156	-227.8762	159.5446	5.049452	0.8559862	1.239188
11556	-69.00605	-228.9645	159.9584	4.112241	1.10887	0.8713168
11562	-81.13655	-242.7379	161.6013	0.8034016	1.136887	1.083
11568	-75.53485	-236.9982	161.4633	1.24119	0.7472493	1.166552
11574	-77.77999	-238.41	160.63	2.623403	1.010849	0.8824139
11580	-76.00003	-236.1428	160.1428	2.502922	0.3373951	1.866321
11586	-64.4758	-226.3388	161.863	0.4740159	0.2638638	1.90231
11592	-64.28128	-224.0401	159.7589	0.738979	0.08866368	3.091938
11598	-75.83101	-236.477	160.646	1.548341	0.03641116	2.106544
11604	-78.88856	-239.8104	160.9218	0.6216931	0.231468	2.387886
11610	-82.88743	-244.4333	161.5459	1.167211	1.212612	0.5346857
11616	-83.54617	-244.7673	161.2212	0.8146859	1.317697	1.246282
11622	-77.65329	-238.1674	160.5141	1.034144	0.1148644	2.415363
11628	-71.41029	-232.4968	161.0865	0.4161265	0.6266938	2.24356
11634	-68.26533	-227.7885	159.5232	1.114578	0.2543671	2.89319
11640	-73.1522	-233.4558	160.3036	0.6170534	0.66729	2.506607
11646	-76.28286	-235.9845	159.7017	0.6263293	0.4980851	2.970518
11652	-77.06818	-237.9211	160.853	0.6692356	0.2808663	2.35863
11658	-70.37263	-230.9468	160.5742	0.6348174	0.538326	2.401953
11664	-74.62285	-235.2639	160.641	0.6348174	0.4633205	2.407108
11670	-81.27894	-241.4122	160.1332	0.7927201	0.3283539	2.680819
11676	-73.03333	-234.2601	161.2268	0.6300832	0.03130977	2.313797
11682	-72.93052	-234.84	161.9094	0.7400216	1.173309	0.7938252
11688	-78.28827	-239.0891	160.8008	1.682146	0.8722046	1.337879
11694	-73.36776	-234.9519	161.5842	0.642836	1.093864	1.310829
11700	-70.60992	-233.2169	162.6069	0.2990801	0.8175296	1.195143
11706	-76.49701	-237.2685	160.7715	0.890231	0.9816234	1.77276
11712	-71.69543	-233.9521	162.2566	0.4678797	1.125368	0.9129713
11718	-70.55344	-231.6876	161.1342	1.011037	1.048251	1.364432
11724	-73.71991	-235.0657	161.3458	1.273309	1.24684	0.722386
11730	-79.12292	-239.7262	160.6033	1.836241	1.170522	1.170727
11736	-76.19788	-237.3818	161.184	1.052676	1.630062	0.6803816
11742	-72.6245	-234.2876	161.6631	0.8400666	1.129395	0.9895046
11748	-68.0711	-228.8832	160.8121	1.849563	1.129395	1.007835
11754	-71.30471	-233.0639	161.7592	0.6915165	1.425408	0.7365137
11760	-77.62841	-239.425	161.7966	0.6716971	1.425408	0.7186392
11766	-84.62209	-246.683	162.0609	0.4473825	1.416228	0.8444094
11772	-69.12675	-229.5749	160.4482	2.268609	1.55328	0.5881173
11778	-73.86891	-235.1702	161.3013	0.918209	1.687612	0.5881173
11784	-76.1148	-237.7018	161.587	0.5972932	1.687612	0.2891803
11790	-69.98219	-231.9502	161.968	0.3752942	1.805926	0.5489523
11796	-80.56622	-241.7933	161.2271	0.8877485	1.805926	0.4641246
11802	-75.42137	-237.7402	162.3188	0.2209102	1.824575	0.5030761
11808	-69.44715	-231.4816	162.0344	0.5571762	0.9244477	1.180277
11814	-73.30379	-234.6143	161.3105	0.8537441	1.234569	1.203255
11820	-67.09576	-228.7783	161.6825	0.8537441	1.234569	0.8339328
11826	-68.24462	-229.0045	160.7598	1.45267	0.06928182	2.056239
11832	-67.16267	-227.5766	160.4139	0.5204294	0.04475327	2.910491
11838	-75.3921	-234.8	159.4079	1.65757	0.1637994	2.758651
11844	-74.93367	-235.3334	160.3998	1.058716	0.3762779	2.306996
11850	-74.70399	-234.6045	159.9005	1.058716	0.8566191	2.319085
11856	-76.3848	-237.0418	160.657	0.525422	0.7493145	2.319085
11862	-86.05134	-246.7589	160.7076	1.162011	0.4684886	1.983739
11868	-76.60382	-236.0422	159.4384	0.9068072	0.4663402	2.941122
11874	-80.98805	-241.6387	160.6506	1.066877	0.6141895	1.983051
11880	-70.16042	-230.9241	160.7637	0.9710628	0.5530449	2.011467
11886	-75.6471	-236.6185	160.9714	0.8259103	0.5027978	2.011467
11892	-70.51873	-230.2913	159.7725	1.549647	0.221996	2.544459
11898	-69.90425	-230.6459	160.7416	0.6071417	0.3517133	2.43878
11904	-81.77264	-241.6359	159.8632	0.4572405	0.6821819	2.922236
11910	-86.58	-246.9406	160.3606	1.996614	0.3689134	1.881414
11916	-77.29542	-238.5612	161.2658	1.501267	0.209599	1.584839
11922	-66.87713	-229.1843	162.3072	0.1818262	0.7169525	1.741942
11928	-80.49319	-242.4156	161.9224	0.06576347	0.7169525	2.300532
11934	-79.73329	-241.1604	161.4271	0.5363472	0.1974657	2.167505
11940	-77.04113	-238.7912	161.75	0.5363472	0.4069964	1.811597
11946	-69.78955	-229.9323	160.1427	1.194192	0.1500718	2.533457
11952	-71.01586	-230.663	159.6472	1.194192	0.1009933	2.867769
11958	-75.44658	-236.3341	160.8876	1.239779	0.3022494	1.92903
11964	-73.2395	-234.6096	161.3701	0.2874605	0.3730865	2.39764
11970	-83.94492	-245.6551	161.7102	0.4785233	0.7420835	1.67089
11976	-89.3934	-250.5879	161.1945	0.4172649	0.8061069	2.054813
11982	-87.61655	-249.0138	161.3973	0.6275335	0.4691881	1.91746
11988	-82.65686	-244.7912	162.1343	0.3225313	1.313921	1.127316
11994	-59.28391	-219.8077	160.5238	2.015466	0.05248409	1.977402
12000	-65.65844	-225.2845	159.6261	0.5768985	0.1339166	3.275078
12006	-73.08366	-232.0498	158.9662	1.303939	0.2364762	3.139378
12012	-70.26125	-229.4783	159.2171	0.9445575	0.1196256	3.255984
12018	-77.26952	-236.586	159.3165	0.9769155	0.5370025	2.927794
12024	-74.03739	-233.1924	159.155	1.270926	0.4371506	2.922458
12030	-79.48788	-239.1287	159.6409	2.71878	0.3242143	2.141343
12036	-75.12899	-235.4089	160.2799	2.71878	0.7016291	1.431925
12042	-79.8695	-240.0215	160.152	1.738898	1.206459	1.549855
12048	-85.32899	-245.7928	160.4638	2.157455	1.069298	1.215269
12054	-68.77429	-229.2959	160.5216	1.448423	0.8272313	1.704037
12060	-69.43899	-230.4469	161.0079	1.321507	0.6978257	1.517046
12066	-81.80679	-241.2774	159.4706	1.489268	0.4905183	2.59245
12072	-69.87603	-229.9856	160.1095	0.282044	0.6241821	3.02511
12078	-68.11728	-228.631	160.5138	0.2737436	0.2504134	3.01903
12084	-66.97964	-226.8454	159.8658	0.8354321	0.3008389	2.830598
12090	-70.04854	-230.1224	160.0738	0.6925445	0.1191869	2.920379
12096	-76.54264	-236.1178	159.5752	1.208648	0.1638327	2.865675
12102	-74.04549	-235.2874	161.2419	1.145161	0.1667298	1.83643
12108	-78.47971	-239.9768	161.4971	0.4974773	0.2642543	2.119262
12114	-83.81159	-244.4715	160.66	1.579988	0.9057293	1.475725
12120	-76.73067	-239.7745	163.0439	0.06041457	1.234881	1.145155
12126	-72.11348	-234.8748	162.7613	0.09569062	1.043792	1.40098
12132	-85.23083	-246.3226	161.0918	1.515519	1.311624	0.7237114
12138	-78.5303	-241.0714	162.5411	0.2450807	1.525592	0.4303147
12144	-72.43168	-234.4916	162.0599	0.5544047	1.374056	0.6346336
12150	-74.55275	-236.5479	161.9952	0.4931959	1.374056	0.8786928
12156	-77.6399	-240.051	162.4111	0.3712465	1.374056	0.4742624
12162	-77.86624	-240.067	162.2008	0.4276217	0.555965	1.51463
12168	-72.99849	-233.776	160.7775	0.7376895	0.6479174	2.113609
12174	-64.56629	-227.1117	162.5454	0.2068249	1.541101	0.7541633
12180	-64.70789	-227.2793	162.5714	0.2042052	1.541101	0.7259813
12186	-73.15532	-235.9797	162.8244	0.1607545	1.096014	1.096974
12192	-68.6253	-228.9169	160.2916	0.9314458	0.4430748	2.414337
12198	-66.141	-227.8055	161.6645	0.5800356	0.9338174	1.444216
12204	-65.65477	-227.7889	162.1341	0.2242117	0.6701991	1.807433
12210	-63.21661	-224.5693	161.3527	0.4847372	1.311471	1.50855
12216	-72.04413	-233.434	161.3898	0.2851217	0.8120448	2.106318
12222	-74.38072	-234.6503	160.2696	1.055922	0.6254099	2.232455
12228	-72.06174	-232.9097	160.848	0.807406	0.1580811	2.329705
12234	-71.67338	-231.9527	160.2793	1.638874	0.1336651	2.240339
12240	-64.32966	-222.6907	158.3611	0.9081172	0.3305821	3.655702
12246	-66.01526	-227.2548	161.2395	0.127741	0.3416727	2.792968
12252	-72.69122	-234.1135	161.4223	0.1392107	0.1162225	2.792968
12258	-73.54896	-233.5181	159.9692	1.059032	0.1560583	2.713372
12264	-69.07927	-227.9357	158.8564	0.7080023	0.1401278	3.615309
12270	-66.16299	-227.0074	160.8444	0.48741	0.1596267	2.610622
12276	-69.22866	-227.3903	158.1617	2.482182	0.1745151	3.215428
12282	-70.36481	-231.6665	161.3017	1.275888	0.05002656	1.797624
12288	-71.12869	-231.2696	160.1409	1.42255	0.1015579	2.448238
12294	-75.55951	-236.5848	161.0252	0.6991878	0.5678277	2.035535
12300	-80.88136	-241.8121	160.9307	0.774546	0.5678277	2.035535
12306	-69.56075	-230.4634	160.9027	2.081851	0.491057	1.36381
12312	-72.8797	-234.7913	161.9116	0.5372857	0.7098339	1.476328
12318	-79.11695	-239.4532	160.3363	3.41796	0.3894972	1.403409
12324	-73.08993	-234.4323	161.3424	1.024596	0.06317653	1.915911
12330	-81.50896	-240.947	159.438	1.461116	0.1849869	2.812765
12336	-72.8679	-232.4343	159.5664	1.458677	0.1484719	2.757893
12342	-63.26477	-222.9784	159.7137	1.168399	0.2378989	2.757893
12348	-58.70848	-219.1477	160.4393	1.411951	0.06703679	2.286134
12354	-74.81929	-233.6806	158.8613	1.156374	0.6721277	3.017291
12360	-82.96298	-244.1473	161.1844	0.5835481	0.5917965	2.020562
12366	-84.1181	-244.6048	160.4867	1.61065	0.4789844	1.888221
12372	-80.19191	-240.1371	159.9452	0.5116136	0.3833323	2.997409
12378	-70.61943	-230.6504	160.031	0.5116136	0.2975628	2.997409
12384	-74.89458	-235.8434	160.9488	0.3458293	0.5057374	2.49638
12390	-74.91425	-235.8815	160.9672	0.6493031	0.4279614	2.208659
12396	-70.58207	-231.4639	160.8818	0.6493031	0.5133701	2.208659
12402	-81.26748	-242.8465	161.579	0.4050844	0.4372029	2.059744
12408	-82.02446	-242.8069	160.7824	0.8812342	0.1112937	2.347878
12414	-74.41509	-234.1825	159.7674	0.5395783	0.08735023	3.252855
12420	-82.59066	-242.8058	160.2152	1.352354	0.08682308	2.445243
12426	-87.80365	-247.8047	160.001	0.36833	0.6958741	2.932269
12432	-75.17975	-236.184	161.0042	0.36833	0.5630413	2.396098
12438	-79.42161	-241.2929	161.8712	0.388056	1.074642	1.428418
12444	-79.82162	-241.0559	161.2343	0.7955025	0.9127499	1.568387
12450	-86.70331	-249.5495	162.8462	0.1067066	1.189748	1.173831
12456	-73.64741	-236.5531	162.9057	0.1512107	1.366322	0.7422341
12462	-81.03719	-243.2108	162.1736	0.2825405	1.440614	1.059821
12468	-74.03404	-236.5874	162.5534	0.2178695	1.245866	1.044925
12474	-84.58448	-245.6463	161.0618	0.7004444	1.054442	1.675921
12480	-68.71251	-230.1961	161.4836	0.2722182	0.5930314	2.208359
12486	-80.27649	-241.5212	161.2447	0.2277181	0.6254668	2.41442
12492	-75.79948	-236.3371	160.5376	0.7566511	0.31756	2.46355
12498	-72.34478	-231.891	159.5462	1.095188	0.2054733	2.91969
12504	-75.84357	-235.9468	160.1032	1.311689	0.01100651	2.582862
12510	-82.84863	-243.0163	160.1676	0.5967096	0.009536934	3.009591
12516	-92.94557	-253.6753	160.7298	0.2919061	0.006202813	3.009591
12522	-79.84643	-240.5435	160.697	0.7087055	0.005749481	2.596138
12528	-72.07248	-232.336	160.2636	0.6293933	0.05023402	2.899198
12534	-74.79388	-234.5554	159.7615	1.504779	0.007064032	2.704137
12540	-68.08884	-229.905	161.8162	0.7882363	0.009432144	1.803195
12546	-72.99653	-234.6762	161.6797	0.4724826	0.001346265	2.199025
12552	-72.01189	-231.4901	159.4783	0.5500188	0.000338535	3.464302
12558	-72.74615	-232.9294	160.1832	1.365244	0.01093134	2.506396
12564	-77.48615	-238.3973	160.9112	0.5802772	0.08134212	2.526567
12570	-79.41695	-239.7413	160.3243	1.03778	0.1236979	2.526567
12576	-75.54311	-236.1137	160.5706	0.7708489	0.1664558	2.526567
12582	-75.23779	-235.2119	159.9741	0.4280084	0.341193	3.091822
12588	-87.35109	-246.4307	159.0796	1.746412	0.2089325	2.894745
12594	-84.40943	-246.1224	161.713	0.5323042	0.2288121	1.962386
12600	-70.53139	-231.9319	161.4005	0.2725991	0.3339838	2.425925
12606	-65.19768	-227.0259	161.8282	0.1659156	0.5094084	2.235741
12612	-67.85363	-228.9945	161.1409	0.189267	0.5786232	2.578792
12618	-71.23601	-231.9743	160.7383	0.6399263	0.3812453	2.393046
12624	-69.48783	-230.6132	161.1254	0.7288213	0.2880108	2.128762
12630	-74.01519	-234.4242	160.409	0.6334721	0.6012579	2.46747
12636	-74.95913	-236.0992	161.1401	0.5888605	0.8515787	1.870226
12642	-76.67176	-237.5098	160.838	0.8729163	0.5843907	2.010587
12648	-75.74214	-236.7488	161.0066	0.4341848	0.3244116	2.464988
12654	-74.28035	-235.9512	161.6709	1.068849	0.9753319	0.8918937
12660	-71.96824	-233.3138	161.3455	1.01616	1.100513	1.140408
12666	-73.43001	-234.6037	161.1737	1.253214	0.6908971	1.439605
12672	-77.15163	-239.2073	162.0557	0.3621504	0.8235097	1.518356
12678	-76.94976	-237.1299	160.1801	2.66687	0.5824227	1.61297
12684	-81.685	-242.1939	160.5089	4.071393	0.4910534	0.9604149
12690	-76.79654	-237.1776	160.381	2.973408	0.2832065	1.584836
12696	-68.50843	-228.9005	160.392	0.5934911	0.09670223	2.824417
12702	-70.9432	-231.0601	160.1169	0.8167316	0.07935247	2.825671
12708	-71.70603	-231.7505	160.0444	0.9115745	0.3547316	2.636709
12714	-75.89586	-234.9415	159.0457	0.7759592	0.08597351	3.487334
12720	-79.37558	-239.9211	160.5456	2.025081	0.1270635	1.90877
12726	-67.54157	-227.8513	160.3097	1.614029	0.2668369	2.145494
12732	-74.6634	-235.1217	160.4583	0.7197176	0.2802878	2.565174
12738	-78.83954	-237.1788	158.3392	0.3801519	0.5236358	3.991571
12744	-65.91576	-226.1271	160.2113	1.090658	0.8146856	2.12606
12750	-71.08109	-233.0705	161.9894	0.3002385	0.8146856	1.671813
12756	-80.63396	-242.249	161.615	0.4464993	0.8551646	1.697908
12762	-71.50783	-232.9242	161.4164	0.3698207	1.199767	1.697908
12768	-73.65184	-235.0288	161.377	0.6899564	1.141797	1.38686
12774	-74.13708	-234.7057	160.5686	1.853057	1.098677	1.252489
12780	-89.31212	-248.2065	158.8943	1.483901	0.4908036	2.946424
12786	-74.27294	-234.6708	160.3978	0.2754883	0.3895657	3.002527
12792	-79.22601	-239.8265	160.6005	0.6779426	1.022703	2.034114
12798	-76.13034	-238.0715	161.9412	0.5936587	1.426169	0.6519566
12804	-84.06947	-243.3692	159.2998	0.4573159	0.8526143	3.157402
12810	-72.73695	-233.8527	161.1157	0.4573159	0.7589988	2.089918
12816	-85.75854	-247.8291	162.0706	0.490957	1.003978	1.171853
12822	-81.84015	-244.1073	162.2672	0.3332984	1.292361	0.9998553
12828	-92.56919	-255.1475	162.5783	0.2388011	1.292361	0.9126071
12834	-75.41677	-237.1339	161.7171	0.2445045	1.011612	1.821514
12840	-79.71211	-240.9763	161.2641	1.066447	1.176224	1.101507
12846	-83.65265	-244.7067	161.0541	0.6813557	1.176224	1.612009
12852	-75.836	-236.9185	161.0825	1.071715	0.5682048	1.715318
12858	-68.55424	-230.835	162.2807	0.3480793	1.405788	0.8234704
12864	-71.92435	-234.8549	162.9306	0.1410083	1.306842	0.8388202
12870	-80.79923	-243.5301	162.7309	0.3041119	0.8522762	1.040841
12876	-76.32719	-238.6145	162.2874	0.1886817	0.5759362	1.838677
12882	-72.43678	-232.7277	160.2909	0.1786288	0.4425049	3.195789
12888	-63.32318	-225.3387	162.0155	0.2097632	0.4607148	2.05666
12894	-68.47701	-230.2518	161.7748	0.1916844	0.6504926	2.125563
12900	-72.49551	-234.2224	161.7269	0.1916844	0.4224536	2.303808
12906	-70.26989	-232.8607	162.5908	0.2574209	1.078965	1.066509
12912	-76.58631	-239.222	162.6357	0.3152124	1.258969	0.5801519
12918	-75.38339	-236.8935	161.5101	0.7069599	1.629597	0.773159
12924	-86.62683	-248.5117	161.8848	0.7069599	1.28265	0.7317484
12930	-74.25786	-236.5752	162.3173	0.2992256	1.429342	0.8818717
12936	-65.33532	-227.7079	162.3726	0.3616123	1.237369	0.8818717
12942	-81.45436	-243.6092	162.1548	0.4772679	1.152503	0.9752366
12948	-81.53241	-243.7213	162.1889	0.5608221	1.252094	0.5882792
12954	-85.52247	-247.9556	162.4331	0.317506	1.466872	0.5245506
12960	-70.83232	-231.7037	160.8714	1.90582	0.7683809	1.248352
12966	-67.03627	-227.5855	160.5492	1.439599	0.7411265	1.74992
12972	-68.62292	-229.5908	160.9678	1.439599	0.5003763	1.623475
12978	-70.78413	-231.9883	161.2041	0.4015501	0.4221992	2.316903
12984	-86.23769	-247.0952	160.8575	0.6303562	0.1311238	2.483789
12990	-69.3256	-229.6002	160.2746	0.690379	0.2679559	2.709591
12996	-63.75803	-224.6717	160.9137	0.7031813	0.458892	2.176708
13002	-68.09972	-228.7708	160.6711	1.611788	0.7144923	1.59284
13008	-63.86561	-224.8007	160.9351	0.8271058	0.7369943	1.877342
13014	-70.09426	-230.3105	160.2162	0.8663225	0.7230906	2.32939
13020	-67.60786	-228.407	160.7991	1.268596	0.2971938	1.975546
13026	-75.00091	-235.5114	160.5105	1.405833	0.4757154	1.975546
13032	-68.39658	-229.485	161.0884	0.848976	0.09594591	2.184464
13038	-69.51358	-229.7346	160.221	1.035038	0.5101877	2.350121
13044	-66.41676	-227.6206	161.2038	1.035038	0.398048	1.774222
13050	-74.98226	-235.6406	160.6584	1.628062	0.6985121	1.605516
13056	-68.08869	-229.7945	161.7058	0.7071265	0.08912098	1.893221
13062	-78.87676	-240.56	161.6833	0.3431374	0.7067135	1.893221
13068	-81.76734	-243.139	161.3716	0.5560387	0.5808977	1.930276
13074	-73.7521	-233.9874	160.2353	1.476584	0.3472438	2.205662
13080	-68.27581	-230.0507	161.7749	0.2879494	0.5835734	1.99828
13086	-64.50296	-226.656	162.153	0.3531875	0.9206512	1.384183
13092	-66.53662	-227.8515	161.3148	0.7806399	0.8830131	1.544047
13098	-71.81105	-231.6009	159.7899	0.6656599	0.1340655	3.103149
13104	-75.21153	-234.8505	159.639	1.184429	0.1442213	2.851716
13110	-73.52766	-232.5994	159.0717	1.162895	0.1385578	3.206339
13116	-76.15699	-234.8276	158.6706	1.159555	0.4514491	3.260249
13122	-70.26194	-229.7974	159.5355	1.159555	0.3890671	2.779181
13128	-70.82534	-231.4762	160.6508	0.7166415	0.5284727	2.290059
13134	-77.08425	-238.2277	161.1435	0.6625962	0.1264999	2.277553
13140	-75.43135	-235.5709	160.1396	1.36589	0.4160174	2.277553
13146	-82.86453	-243.9528	161.0882	1.00809	0.9571779	1.472534
13152	-78.92433	-239.6392	160.7148	2.008252	0.3647871	1.631776
13158	-83.24435	-242.9576	159.7133	1.621771	0.3211938	2.487894
13164	-75.43843	-235.64	160.2015	2.237809	0.3266907	1.926126
13170	-72.20327	-232.7639	160.5607	1.383036	0.5167355	1.926126
13176	-71.10531	-231.6107	160.5054	1.383036	0.6681692	1.86075
13182	-74.15093	-234.5321	160.3812	1.385291	0.8233086	1.838373
13188	-79.29656	-239.8205	160.524	1.459843	0.6776101	1.801068
13194	-78.89201	-239.8741	160.9821	0.6601258	0.8591048	1.90407
13200	-76.06606	-238.1348	162.0687	0.4387288	0.8030781	1.41186
13206	-85.56811	-246.5639	160.9958	1.46269	0.7753203	1.383255
13212	-77.71675	-238.0158	160.2991	1.949359	0.1495943	2.087924
13218	-85.25112	-244.601	159.3498	2.540405	0.2696139	2.416781
13224	-87.94374	-247.9783	160.0346	2.384882	0.6700782	1.752054
13230	-81.42391	-242.4744	161.0505	1.356003	0.01080475	1.951295
13236	-76.58774	-236.0567	159.4689	1.535017	0.0148187	2.864312
13242	-73.15584	-233.269	160.1131	0.8221056	0.01322966	2.864312
13248	-71.17419	-230.6641	159.4899	1.516599	0.00721383	2.864312
13254	-70.18311	-231.2003	161.0172	1.341224	0.9041843	1.33881
13260	-75.37178	-237.243	161.8712	0.8722534	1.101907	0.7268569
13266	-72.97765	-235.0739	162.0962	0.4269351	1.274493	1.001409
13272	-84.81906	-246.9295	162.1104	0.4017157	1.144165	1.154208
13278	-89.26479	-251.1488	161.884	0.5427987	0.9388248	1.312501
13284	-74.19562	-234.6079	160.4123	1.80034	0.9796221	1.495424
13290	-75.21225	-235.7726	160.5603	0.721649	0.4913953	2.367233
13296	-69.76678	-230.8186	161.0519	0.1919538	0.5093466	2.671477
13302	-73.37998	-235.2742	161.8942	0.1075604	0.470094	2.35631
13308	-76.18358	-238.8353	162.6517	0.1075604	1.095749	1.406828
13314	-68.69416	-230.8427	162.1486	0.4397842	0.8785987	1.286843
13320	-72.58041	-233.1749	160.5945	0.2739837	0.4489086	2.850375
13326	-66.5146	-228.1179	161.6033	0.2483587	0.6045311	2.16276
13332	-62.41923	-224.5718	162.1526	0.1609596	0.4695215	2.061136
13338	-71.96337	-234.3883	162.425	0.3073957	0.7923082	1.350044
13344	-85.19501	-246.9893	161.7943	0.3109833	1.377374	1.379555
13350	-86.94879	-249.136	162.1872	0.29341	0.780307	1.565147
13356	-75.47401	-237.6282	162.1542	0.3340656	0.8375344	1.478487
13362	-85.28329	-246.7814	161.4981	0.4257657	0.4182447	2.099924
13368	-75.06026	-235.6831	160.6228	0.4257657	0.5524064	2.571851
13374	-73.26799	-234.8205	161.5525	0.7003292	0.960793	1.380533
13380	-82.35524	-243.9617	161.6064	0.6509286	1.034707	1.331532
13386	-90.39246	-252.3641	161.9717	0.345733	1.184252	1.331532
13392	-77.55746	-239.8749	162.3174	0.4343547	0.8295062	1.194781
13398	-68.57653	-228.8352	160.2587	1.268525	0.3016787	2.324972
13404	-67.56352	-229.2191	161.6555	0.8597331	0.5568253	1.464487
13410	-72.16985	-233.7048	161.535	0.6780263	1.441134	1.005108
13416	-63.9496	-226.4369	162.4873	0.2125752	1.272447	1.09619
13422	-74.6808	-236.1157	161.4349	0.4477232	0.686215	1.937288
13428	-77.03913	-237.9697	160.9306	0.9204006	0.5497754	1.937288
13434	-66.81827	-226.8688	160.0505	1.77909	0.08422799	2.358647
13440	-77.08992	-236.5179	159.428	1.272864	0.1491911	2.930502
13446	-76.42733	-236.7947	160.3673	0.3181139	0.4397667	2.930502
13452	-78.25594	-238.9856	160.7297	0.6032638	1.025022	2.015644
13458	-79.38838	-239.7676	160.3792	1.259163	0.1844114	2.327896
13464	-77.18612	-239.1531	161.967	0.4226171	1.206753	1.190264
13470	-80.08257	-241.6066	161.524	0.7987702	1.206753	1.094934
13476	-77.26075	-239.4372	162.1765	0.4009072	1.236774	1.007855
13482	-82.18115	-242.7192	160.5381	1.894638	0.4538489	1.742414
13488	-83.72999	-244.8655	161.1355	0.9561312	0.5910841	1.742414
13494	-77.90339	-240.0265	162.1231	0.4811452	0.7858003	1.323962
13500	-76.76211	-238.7549	161.9928	0.3838377	1.172935	1.259875
13506	-72.76884	-234.4057	161.6368	0.8476254	1.374284	0.7097337
13512	-77.782	-238.6056	160.8236	1.882066	0.8480744	1.233793
13518	-69.38698	-229.057	159.6701	3.131536	0.5407137	1.857908
13524	-69.21502	-230.796	161.581	1.094692	0.9146864	1.024088
13530	-69.55481	-230.5699	161.0151	1.769381	1.199879	0.7463127
13536	-68.21747	-229.1269	160.9094	0.7434362	0.9430563	1.822372
13542	-67.8355	-229.3387	161.5032	0.7178854	0.7542465	1.55746
13548	-75.75383	-237.8808	162.127	0.6078812	0.07174178	1.707252
13554	-82.23898	-242.2613	160.0224	0.4198668	0.5955173	2.919359
13560	-81.60138	-240.7081	159.1067	0.4625184	0.5574373	3.439791
13566	-72.88926	-233.3793	160.49	0.7207278	0.5574373	2.370689
13572	-78.1647	-240.5037	162.339	0.1710338	0.4747326	1.910668
13578	-65.85428	-226.5006	160.6464	0.505289	0.2219722	2.675952
13584	-72.36647	-232.577	160.2106	0.6123608	0.378537	2.746598
13590	-75.46208	-236.9913	161.5292	0.3206384	0.7734043	1.98519
13596	-70.1665	-232.3493	162.1828	0.4881219	0.8410682	1.219529
13602	-65.64846	-225.7358	160.0874	1.232236	0.3350268	2.431748
13608	-65.50358	-226.438	160.9344	1.115879	0.4654508	1.860768
13614	-63.40303	-224.9863	161.5833	0.5522795	0.3031391	1.978585
13620	-67.91618	-228.9313	161.0151	0.8709174	0.9703514	1.623162
13626	-67.88614	-228.3813	160.4951	0.9652338	0.7132885	2.087055
13632	-77.42114	-238.361	160.9399	1.230737	0.144282	2.005016
13638	-86.02834	-245.8586	159.8303	0.4853016	0.4456318	3.055033
13644	-90.42679	-252.035	161.6083	0.9468359	1.312122	0.6795666
13650	-79.14238	-240.6731	161.5307	0.9468359	1.428057	0.5880411
13656	-71.47403	-233.1717	161.6977	0.6908029	1.402312	0.852243
13662	-80.58805	-240.2339	159.6459	1.647623	0.1450097	2.628228
13668	-79.00909	-239.3342	160.3251	1.229403	0.09059686	2.4375
13674	-74.25978	-233.4191	159.1593	1.229403	0.1560867	3.109346
13680	-77.04273	-237.7604	160.7176	0.8318468	0.5246595	2.159498
13686	-79.65853	-240.6662	161.0077	0.3075361	0.5559591	2.480974
13692	-79.80777	-240.626	160.8182	1.170286	0.1844304	2.093752
13698	-79.22251	-239.369	160.1465	0.6066778	0.5414429	2.691051
13704	-80.66554	-241.7063	161.0408	0.5429445	0.7167315	2.07376
13710	-63.02137	-223.5389	160.5175	1.13344	0.5228256	2.090779
13716	-69.75379	-231.8047	162.0509	0.3527448	0.2812029	1.918706
13722	-72.39339	-233.4367	161.0433	0.2828263	0.5020662	2.528726
13728	-82.8814	-242.3266	159.4452	1.583488	0.9336773	2.286928
13734	-93.80026	-253.0648	159.2645	1.358847	0.369248	2.854077
13740	-86.76205	-246.9352	160.1732	2.116924	0.3807877	1.953453
13746	-82.71052	-243.1051	160.3946	0.3893513	0.4186374	2.836461
13752	-73.38547	-233.7465	160.361	1.601203	0.4607245	1.989675
13758	-79.60192	-239.2562	159.6543	1.267337	0.2623797	2.727104
13764	-72.31335	-232.4914	160.1781	0.7105058	0.3096848	2.727104
13770	-81.68269	-242.8572	161.1745	0.7105058	0.4682289	1.99275
13776	-82.68655	-243.8164	161.1299	0.9961801	0.8157932	1.555891
13782	-72.11646	-232.0935	159.977	0.8381542	0.8116479	2.444752
13788	-73.44511	-233.8485	160.4034	0.8942438	0.3227844	2.444752
13794	-65.76912	-226.8396	161.0705	1.081514	0.4977512	1.76664
13800	-70.64219	-231.1446	160.5024	1.749324	0.5520428	1.762854
13806	-76.32873	-236.9126	160.5839	0.3853884	0.7423788	2.525852
13812	-74.46386	-234.4029	159.939	0.3282953	0.5865553	3.08578
13818	-66.68499	-229.1647	162.4798	0.3183161	0.6035132	1.435281
13824	-82.40201	-244.6705	162.2685	0.3782971	1.370794	0.8040999
13830	-75.31532	-237.8962	162.5809	0.1321226	1.557048	0.9854538
13836	-73.21302	-235.2063	161.9933	0.4874876	1.557048	0.6124839
13842	-70.38588	-231.7794	161.3935	0.9373628	1.557048	0.637479
13848	-71.49135	-233.3656	161.8742	0.5919894	1.524718	0.571665
13854	-59.35211	-221.6839	162.3318	0.2954615	1.610632	0.571665
13860	-65.90082	-227.6553	161.7545	0.9371666	0.9881114	0.9307793
13866	-67.5818	-229.3496	161.7678	0.2118656	0.9881114	1.864802
13872	-79.45763	-241.2874	161.8298	0.1653231	1.070214	1.864802
13878	-68.05797	-229.5624	161.5044	0.143433	0.1788417	2.695142
13884	-73.36082	-235.2904	161.9296	0.4412513	0.7574173	1.547979
13890	-76.21582	-237.4577	161.2418	0.3272957	0.539534	2.315356
13896	-71.5898	-233.0565	161.4667	0.7405373	1.175343	1.234744
13902	-77.13657	-238.8855	161.7489	0.5101388	0.776468	1.580052
13908	-61.05982	-223.5548	162.4949	0.1516622	1.129151	1.372917
13914	-66.0487	-228.0945	162.0458	0.658355	1.129151	0.8126947
13920	-69.8411	-232.0199	162.1788	0.547785	1.075415	0.9095931
13926	-80.14337	-241.3099	161.1665	0.4856766	1.383516	1.59164
13932	-77.21406	-238.8008	161.5868	0.4582334	1.181845	1.464291
13938	-74.24111	-236.3202	162.0791	0.2884133	1.035354	1.464291
13944	-77.26812	-237.6096	160.3415	2.069429	0.4150296	1.834098
13950	-69.90925	-230.5996	160.6904	1.347385	0.6169834	1.788001
13956	-80.78656	-240.8507	160.0641	1.518306	0.5755915	2.14864
13962	-75.35889	-235.3715	160.0126	0.3858074	0.4933669	3.025923
13968	-72.93362	-232.5312	159.5976	0.7291877	0.6008094	2.888663
13974	-76.13314	-235.0049	158.8718	0.746226	0.4085469	3.421693
13980	-75.06965	-236.3412	161.2716	0.8660377	0.2123899	1.974585
13986	-76.1424	-236.2034	160.061	2.182064	0.09157704	2.194186
13992	-75.76525	-236.6124	160.8471	0.8112045	0.4880176	2.114493
13998	-77.56285	-238.5649	161.0021	1.422176	0.5905706	1.542204
14004	-74.16585	-233.231	159.0652	0.937934	0.6409441	3.040511
14010	-61.76609	-221.9289	160.1628	0.9459004	0.2276448	2.619705
14016	-73.18095	-234.1039	160.923	1.580916	0.3471945	1.691341
14022	-68.67691	-230.7687	162.0918	0.7628709	0.7084465	1.070471
14028	-57.03697	-217.2173	160.1804	1.297117	0.3003005	2.360603
14034	-59.07698	-219.881	160.804	1.478353	0.1123902	1.985506
14040	-63.16252	-223.4931	160.3306	1.711262	0.5732109	1.883918
14046	-67.38776	-227.5853	160.1975	2.685942	0.3317487	1.772253
14052	-54.89721	-216.503	161.6058	0.71879	0.8789466	1.384303
14058	-66.15869	-227.5725	161.4138	1.10491	1.261599	0.815686
14064	-69.39624	-230.7445	161.3483	1.273988	1.314718	0.5563334
14070	-69.48047	-230.821	161.3405	0.9617646	0.6769131	1.528656
14076	-75.45728	-236.3214	160.8641	0.7141655	0.7375556	2.016975
14082	-76.16193	-236.5086	160.3467	1.27609	0.6812823	2.016975
14088	-75.38444	-236.0189	160.6345	1.383515	0.04755277	2.187178
14094	-78.84333	-239.9054	161.062	0.8601906	0.6880061	1.797971
14100	-83.23103	-245.0878	161.8567	0.3452564	1.397424	1.252183
14106	-90.88738	-252.2965	161.4091	0.5432611	0.6162167	1.894361
14112	-80.92859	-242.4354	161.5068	0.9647871	0.1763308	1.766598
14118	-75.01954	-235.61	160.5904	1.933773	0.343146	1.766598
14124	-80.50407	-240.8256	160.3215	0.8322084	0.6939419	2.305383
14130	-73.00979	-233.3876	160.3778	1.757083	1.010072	1.519264
14136	-69.57859	-229.9248	160.3462	2.719766	0.8892455	1.227833
14142	-88.12116	-246.5943	158.4731	3.621812	0.3275149	2.644758
14148	-70.10166	-229.3036	159.202	0.9293652	0.411055	3.101505
14154	-72.28335	-232.7452	160.4619	2.271992	0.8310142	1.36102
14160	-64.29483	-224.6347	160.3399	2.271992	1.017697	1.309307
14166	-68.34225	-228.7913	160.4491	2.164413	0.9577148	1.316546
14172	-72.69358	-234.8723	162.1787	0.4619789	1.293996	0.8175401
14178	-73.6359	-235.6576	162.0217	0.4983948	1.293996	0.92896
14184	-78.33194	-240.3823	162.0503	0.482998	1.410229	0.7856603
14190	-68.1563	-230.1308	161.9745	0.6104463	1.126629	0.9731891
14196	-70.18943	-231.2368	161.0473	0.8296005	0.6824075	1.835888
14202	-70.62154	-230.6635	160.042	2.138971	0.6727576	1.835888
14208	-64.4483	-225.3315	160.8833	2.409584	0.9247137	0.8057137
14214	-71.87536	-231.6752	159.7999	1.966215	0.2149104	2.361397
14220	-75.89883	-236.1631	160.2643	1.815979	0.5656707	1.888018
14226	-79.40722	-240.5449	161.1377	0.9635384	0.6711548	1.67893
14232	-72.72462	-233.4216	160.697	0.9635384	0.8886883	1.834952
14238	-75.29987	-237.0167	161.7168	0.3352377	0.0932207	2.285964
14244	-77.54773	-236.8269	159.2792	0.6630967	0.1214001	3.414335
14250	-86.4851	-246.4593	159.9742	0.9842492	0.4598306	2.5683
14256	-82.15881	-243.5777	161.4189	0.1424568	0.9124216	2.291829
14262	-84.96612	-244.8297	159.8636	0.6426834	0.1689258	3.057069
14268	-87.47862	-248.8701	161.3915	0.6406519	0.8101457	1.672276
14274	-88.45252	-250.1615	161.709	0.458434	1.155697	1.390075
14280	-86.75408	-248.6787	161.9246	0.3060616	1.627631	1.066001
14286	-75.95624	-237.5776	161.6214	0.5941407	1.476134	1.000823
14292	-72.39892	-234.2097	161.8107	0.5097316	1.274517	1.135029
14298	-73.9992	-235.0752	161.076	0.3483734	0.7285541	2.27148
14304	-80.58458	-242.609	162.0244	0.6970923	1.199625	0.6527712
14310	-74.80997	-235.402	160.592	1.088414	0.7827289	1.895266
14316	-76.31556	-237.3702	161.0546	0.963321	0.7827289	1.658738
14322	-82.66206	-243.1101	160.448	0.7371698	0.7827289	2.240389
14328	-81.54664	-240.2866	158.7399	0.7371698	0.3795014	3.522271
14334	-78.87502	-239.0416	160.1666	0.5919719	0.5926859	2.660344
14340	-76.86039	-238.0362	161.1758	0.6641053	0.8118913	1.800012
14346	-71.93453	-232.4488	160.5143	1.739485	0.4931513	1.800012
14352	-60.98821	-222.2223	161.2341	0.8568879	0.6252079	1.724244
14358	-60.80219	-222.4075	161.6053	0.64104	1.063125	1.320576
14364	-69.37963	-230.8309	161.4513	0.7068666	1.063125	1.373034
14370	-69.60535	-231.4525	161.8472	0.3786525	1.063125	1.469813
14376	-67.99424	-229.6938	161.6995	0.31355	1.130155	1.631524
14382	-71.05485	-233.6857	162.6309	0.1687888	1.130155	1.213898
14388	-72.67744	-235.6792	163.0018	0.1068124	1.308693	0.9078833
14394	-74.01841	-236.603	162.5846	0.1389651	1.232321	1.253677
14400	-70.32222	-232.3136	161.9913	0.3636812	0.9093869	1.499912
14406	-75.92685	-237.2601	161.3333	0.7122257	0.4752581	1.879496
14412	-72.99789	-234.45	161.4521	0.353903	0.8340347	1.948076
14418	-77.1664	-237.7343	160.5679	1.132371	0.1770616	2.282892
14424	-82.6434	-242.4698	159.8264	0.7863566	0.1488968	2.980789
14430	-73.94552	-234.6307	160.6852	0.656297	0.202902	2.524185
14436	-87.15153	-246.8243	159.6728	0.5329234	0.1293564	3.290117
14442	-81.81104	-240.8829	159.0719	0.7357118	0.01720857	3.541001
14448	-71.49234	-231.819	160.3266	1.26139	0.007589969	2.471638
14454	-80.66255	-240.73	160.0675	0.7519314	0.01951202	2.938734
14460	-66.73032	-227.0972	160.3669	0.9081531	0.0261429	2.642763
14466	-67.73121	-228.9693	161.238	0.7751062	0.04765472	2.174695
14472	-71.95694	-233.5344	161.5775	0.5898396	0.0419422	2.117788
14478	-68.54787	-229.5629	161.015	0.6249991	0.09137704	2.414546
14484	-58.89178	-218.9098	160.0181	0.8850916	0.2796558	2.716738
14490	-74.36101	-235.1996	160.8386	1.144881	0.5127331	1.875871
14496	-83.37592	-244.3954	161.0195	1.481887	0.4791151	1.578305
14502	-71.41077	-231.3628	159.9521	0.7408636	0.783755	2.550332
14508	-70.10885	-230.2947	160.1858	2.743238	0.1649544	1.877007
14514	-81.14559	-243.1536	162.008	0.5345746	1.306358	0.8643279
14520	-70.08497	-230.6442	160.5592	1.321772	0.06959938	2.253197
14526	-64.17177	-225.1293	160.9575	1.92391	0.1502053	1.647649
14532	-70.40223	-231.5386	161.1364	1.243929	0.06565566	1.918373
14538	-78.77624	-238.923	160.1467	1.25703	0.4192846	2.32753
14544	-74.42466	-236.2305	161.8058	0.7733154	1.13336	0.917591
14550	-78.37147	-239.1638	160.7924	1.092989	0.4031632	2.012842
14556	-77.47064	-239.5465	162.0758	0.5034839	0.8274555	1.298345
14562	-72.84032	-232.7229	159.8826	0.5107618	0.6853839	2.853818
14568	-78.11301	-237.94	159.827	1.755561	0.234647	2.4145
14574	-84.46325	-245.4124	160.9491	1.51066	0.6023315	1.523729
14580	-74.53461	-235.6412	161.1066	1.222596	0.7147235	1.492272
14586	-83.80318	-244.9765	161.1733	0.1696175	0.3195871	2.756703
14592	-67.49449	-227.0473	159.5528	0.5011817	0.6587454	3.07765
14598	-67.76902	-229.7674	161.9984	0.347967	0.9550883	1.484859
14604	-60.75535	-222.8844	162.129	0.2897274	0.9550883	1.484859
14610	-63.9279	-226.544	162.6161	0.1262853	0.9550883	1.484859
14616	-71.99862	-234.8869	162.8883	0.1035966	0.7735989	1.484859
14622	-69.85192	-231.7855	161.9335	0.3403069	0.8496145	1.622532
14628	-69.01298	-230.0604	161.0475	1.08664	0.7190655	1.622532
14634	-81.63094	-243.5153	161.8844	0.4036704	1.027847	1.430994
14640	-88.36095	-250.4896	162.1286	0.896613	0.7146298	0.8660803
14646	-82.46549	-244.5091	162.0436	0.4457438	1.412928	0.8725106
14652	-77.07875	-238.644	161.5653	0.4754667	0.6946052	1.809547
14658	-77.10114	-238.3024	161.2013	0.5840367	0.8858817	1.809547
14664	-72.65919	-234.0144	161.3552	0.353929	0.6868793	2.109976
14670	-77.4524	-239.8568	162.4044	0.1980093	0.8134248	1.567342
14676	-72.72393	-234.075	161.3511	0.5716349	0.5262285	1.964937
14682	-73.94933	-236.1674	162.2181	0.4713413	0.7022873	1.328238
14688	-67.66732	-229.2873	161.6199	0.3905504	0.5327172	1.987822
14694	-75.54342	-237.4675	161.924	0.3905504	0.8254652	1.572076
14700	-90.59107	-252.6972	162.1061	0.3106946	1.06704	1.378932
14706	-76.17998	-236.8676	160.6876	2.078313	1.046892	1.075837
14712	-74.19951	-236.0763	161.8768	0.8716802	1.034284	0.8161919
14718	-67.53566	-229.6068	162.0712	0.6849832	1.125802	0.7305318
14724	-74.8697	-236.5812	161.7115	0.8137131	1.330544	0.7229637
14730	-84.27611	-246.7254	162.4493	0.2974071	1.110794	1.077462
14736	-82.3039	-242.7524	160.4485	2.0158	0.6142941	1.640753
14742	-72.93143	-232.0514	159.12	1.967892	0.1474751	2.824013
14748	-75.59761	-235.6122	160.0146	0.8346157	0.5529302	2.585301
14754	-78.60506	-238.2544	159.6494	1.065121	0.1504473	2.907759
14760	-82.60753	-242.3716	159.7641	1.144347	0.3777645	2.654405
14766	-63.97324	-224.4205	160.4473	1.148746	0.2367592	2.312349
14772	-70.88083	-233.0431	162.1622	0.4507175	0.5417232	1.522861
14778	-64.78167	-225.2865	160.5048	1.428593	0.6487578	1.850395
14784	-66.67023	-227.4735	160.8033	1.1417	0.6642361	1.798004
14790	-68.93251	-230.6457	161.7131	0.8758267	0.2356248	1.645654
14796	-67.21471	-227.8824	160.6677	1.236309	0.5859376	1.887759
14802	-63.0728	-224.8574	161.7846	0.6326118	0.7807223	1.411137
14808	-64.8456	-226.1677	161.3221	0.6891631	0.5791284	1.836607
14814	-68.47579	-229.5714	161.0956	0.7881817	0.6815564	1.836607
14820	-71.07522	-231.7934	160.7182	0.2632852	0.347737	2.852923
14826	-70.2231	-229.1746	158.9515	0.8206146	0.2281118	3.428452
14832	-72.36753	-231.8205	159.453	0.5138873	0.1441374	3.428452
14838	-79.49229	-239.2761	159.7838	1.207582	0.3134028	2.647443
14844	-82.15021	-244.5185	162.3683	0.3106062	1.292136	0.9480331
14850	-77.81374	-239.7895	161.9758	0.5325203	1.307926	0.9033684
14856	-82.0736	-243.89	161.8164	0.7994747	1.043777	0.9683655
14862	-76.23435	-239.0288	162.7945	0.07652145	1.220429	1.302804
14868	-89.17183	-251.0905	161.9187	0.1763506	1.711562	1.302081
14874	-83.43759	-246.4425	163.0049	0.1167201	0.9068623	1.245167
14880	-82.06079	-243.9712	161.9104	0.4764959	0.9068623	1.402626
14886	-75.22827	-236.5463	161.3181	0.9547971	1.206088	1.126058
14892	-94.55949	-253.7997	159.2402	0.3848466	0.21923	3.642914
14898	-89.87713	-250.0666	160.1895	0.8396688	0.2017034	2.690494
14904	-83.77842	-244.7469	160.9684	0.6208177	0.4761863	2.202391
14910	-71.79098	-231.7829	159.992	1.296338	0.03568169	2.644154
14916	-77.44727	-238.2103	160.763	1.036439	0.09603908	2.267667
14922	-83.48659	-244.1206	160.634	1.053993	1.043857	1.708063
14928	-74.58892	-236.3407	161.7518	0.5656797	0.9738553	1.362035
14934	-70.13336	-231.9952	161.8618	0.8723869	0.2896029	1.49986
14940	-81.0053	-239.8222	158.8169	0.9923852	0.4002747	3.297624
14946	-75.61896	-236.2987	160.6797	0.1117114	0.6747602	2.968151
14952	-74.09205	-235.3277	161.2357	1.026905	0.5979895	1.615425
14958	-66.37812	-226.7754	160.3972	1.556141	0.3714321	2.046083
14964	-70.89399	-231.0274	160.1334	2.795238	0.4416907	1.705053
14970	-71.86842	-232.1824	160.314	2.195978	0.675697	1.620252
14976	-71.63885	-231.8974	160.2586	1.48082	0.2235849	2.268277
14982	-73.91895	-233.0139	159.095	2.062699	0.3029393	2.710644
14988	-71.72005	-232.2393	160.5193	1.585872	0.7826594	1.66622
14994	-72.0461	-232.5473	160.5012	0.9498854	0.4382601	2.271887
15000	-63.77254	-225.2924	161.5199	0.985985	0.9502871	1.145793
15006	-75.37043	-237.7758	162.4054	0.1222331	1.277406	1.411506
15012	-83.33927	-244.3781	161.0389	0.234674	0.7742514	2.438327
15018	-78.77447	-239.4443	160.6699	0.4682161	0.6431862	2.438327
15024	-84.55798	-244.7462	160.1883	0.4530884	1.151281	2.438327
15030	-76.77723	-237.5418	160.7645	0.6659309	0.9087121	2.011568
15036	-68.4873	-230.0434	161.5561	0.6234073	1.114912	1.338291
15042	-70.13602	-232.1383	162.0022	0.6234073	0.8903136	1.15301
15048	-65.91301	-227.0599	161.1469	0.6234073	0.344652	2.169603
15054	-74.24518	-234.545	160.2999	1.636992	0.6298905	1.900292
15060	-68.1078	-228.3579	160.2501	2.403667	0.261773	1.878509
15066	-84.29879	-241.2755	156.9767	2.403667	0.3443045	3.830144
15072	-77.37398	-237.6798	160.3058	1.068151	0.5508462	2.249606
15078	-80.28428	-241.0755	160.7912	1.004417	0.5189331	1.993452
15084	-74.62525	-235.479	160.8537	0.5093715	0.6627724	2.265194
15090	-70.48931	-231.1213	160.632	1.278132	0.1705021	2.164081
15096	-68.31785	-229.1471	160.8292	0.8407021	0.6043233	2.027212
15102	-61.79968	-222.3622	160.5625	1.182063	0.6517311	1.946226
15108	-76.04839	-235.701	159.6526	0.6911924	0.2215653	3.112575
15114	-64.45508	-223.7762	159.3211	2.135005	0.3152559	2.53811
15120	-72.45781	-232.0215	159.5637	1.415884	0.07145007	2.826227
15126	-71.11325	-230.1555	159.0423	1.202968	0.1369313	3.203817
15132	-71.23768	-232.293	161.0553	1.083551	0.1772845	1.994015
15138	-76.97653	-237.4483	160.4718	0.9554038	0.238463	2.413989
15144	-72.82813	-233.1117	160.2835	0.8944367	0.1837033	2.606086
15150	-75.10865	-236.6917	161.583	0.4466336	0.3033937	2.094688
15156	-72.86734	-233.6561	160.7888	0.8641656	0.5033173	2.103116
15162	-66.94468	-228.7443	161.7996	0.4391674	1.216374	1.29691
15168	-67.02813	-227.8942	160.8661	1.945011	1.331496	0.5110987
15174	-71.5252	-231.9667	160.4415	2.176364	1.303352	1.013411
15180	-67.97622	-229.4394	161.4632	0.5960332	0.6914176	1.750395
15186	-76.43553	-237.8185	161.3829	0.6085086	0.4815738	1.937063
15192	-69.93515	-230.7274	160.7923	1.082803	1.005866	1.602225
15198	-73.71505	-236.1435	162.4285	0.1990047	1.005866	1.401805
15204	-79.26233	-241.804	162.5417	0.2048822	0.5383961	1.652462
15210	-83.8002	-245.2192	161.419	0.8858063	1.467538	0.8275819
15216	-82.13976	-242.5904	160.4506	0.5289733	0.3217638	2.711363
15222	-67.16978	-227.7626	160.5929	0.5050128	0.2182459	2.711363
15228	-79.14005	-239.9866	160.8465	0.2456796	0.2264317	2.876267
15234	-70.24342	-231.5834	161.34	0.4095719	0.08379555	2.435456
15240	-69.88145	-231.6403	161.7588	0.8529094	0.402644	1.508617
15246	-74.72301	-234.3847	159.6617	1.078602	0.3070385	2.797613
15252	-71.61587	-232.4338	160.8179	0.2569083	0.5210171	2.696341
15258	-70.72633	-232.7218	161.9954	0.1603253	0.7038795	2.011379
15264	-76.4947	-237.6847	161.19	0.06962636	0.6318866	2.797784
15270	-64.26505	-224.838	160.573	0.5353431	0.04786613	2.797784
15276	-69.87749	-228.2282	158.3507	0.409418	0.06323173	4.214764
15282	-75.7265	-236.2248	160.4983	0.2272847	0.1054063	3.187049
15288	-78.76708	-239.5223	160.7552	0.4215317	0.2964668	2.653073
15294	-76.14172	-236.0852	159.9435	0.8883906	0.119824	2.857348
15300	-81.08295	-241.4639	160.381	0.6732842	0.2160036	2.690074
15306	-81.55445	-242.2008	160.6464	0.8170732	0.6267378	2.150558
15312	-83.90489	-245.5516	161.6467	0.2326606	0.5317989	2.208999
15318	-79.33764	-240.9723	161.6346	0.4950383	0.8203226	1.649056
15324	-92.08051	-253.8209	161.7404	0.383998	0.9575541	1.619035
15330	-83.52928	-244.519	160.9897	2.582037	0.3258	1.214748
15336	-81.75794	-242.9157	161.1578	0.9580958	0.5293412	1.76861
15342	-88.92407	-249.3892	160.4651	0.9567297	0.7324148	2.099984
15348	-95.20452	-254.148	158.9434	0.720395	0.2067008	3.516725
15354	-76.9863	-235.9377	158.9514	1.684408	0.2285433	2.984914
15360	-71.75547	-232.4159	160.6604	1.013882	0.839911	1.858623
15366	-82.14349	-243.0796	160.9361	1.465796	0.2378084	1.817121
15372	-72.50244	-232.1965	159.6941	0.7091193	0.1836289	3.096553
15378	-75.45239	-236.3458	160.8934	0.4770265	0.4457777	2.412315
15384	-78.38643	-239.5488	161.1624	1.055207	0.6475376	1.612755
15390	-85.57067	-246.6784	161.1077	1.554259	1.082707	0.9547783
15396	-80.09341	-241.9056	161.8122	0.3958229	1.1669	1.390947
15402	-81.812	-242.8464	161.0344	1.02282	1.178385	1.331031
15408	-78.51201	-241.0914	162.5793	0.2337062	1.508934	0.6058215
15414	-101.5272	-262.8177	161.2905	0.7525064	1.796396	0.3038979
15420	-91.20959	-252.127	160.9174	0.5960733	2.325844	0.2683289
15426	-90.12219	-250.784	160.6618	0.518293	2.325844	0.1437658
15432	-81.97617	-244.2354	162.2593	0.266413	1.600189	0.8421614
15438	-90.85005	-252.8315	161.9814	0.3300774	1.891076	0.4810332
15444	-79.10391	-240.8645	161.7605	0.5672864	1.684572	0.5029504
15450	-89.00342	-249.635	160.6316	1.543842	1.684572	0.2770994
15456	-87.72844	-248.6167	160.8882	0.8745246	2.017588	0.2770994
15462	-75.96687	-236.883	160.9161	0.8065397	2.041775	0.2622912
15468	-72.23029	-233.6514	161.4211	0.4472556	2.10305	0.294772
15474	-82.53685	-244.9756	162.4387	0.2094558	1.733853	0.4586746
15480	-72.74565	-234.1564	161.4108	0.8558035	1.65812	0.4677719
15486	-73.3126	-235.0608	161.7482	0.5912723	1.65812	0.4620087
15492	-81.81869	-244.096	162.2774	0.2894161	1.681899	0.4436152
15498	-84.74715	-246.388	161.6409	0.4204132	2.041684	0.4375066
15504	-78.8192	-241.053	162.2338	0.4517372	0.8322329	1.236943
15510	-83.14249	-245.4137	162.2712	0.1838548	1.941981	0.6557496
15516	-67.35004	-229.2796	161.9296	0.3002277	1.939533	0.333953
15522	-70.4572	-232.2703	161.8131	0.2443647	2.098211	0.2632708
15528	-76.4555	-237.9148	161.4593	0.4255681	2.098211	0.2905033
15534	-83.26724	-245.221	161.9538	0.3707749	1.832458	0.5259574
15540	-75.91496	-238.4708	162.5559	0.1131718	1.832458	0.2965485
15546	-66.89762	-229.5175	162.6199	0.1131718	1.866047	0.4112511
15552	-74.18261	-236.2305	162.0478	0.2516215	2.001723	0.4304617
15558	-67.58474	-229.6111	162.0263	0.247754	2.035508	0.4374873
15564	-80.80013	-243.0283	162.2282	0.1800802	2.035508	0.4712694
15570	-76.95503	-238.7717	161.8167	0.368639	1.34245	1.290397
15576	-85.59342	-248.428	162.8346	0.04324519	1.611101	1.071154
15582	-78.85217	-241.6102	162.758	0.1201321	1.611101	0.7683501
15588	-77.93441	-239.9909	162.0565	0.2235107	1.611101	1.151241
15594	-76.99241	-239.7662	162.7738	0.1100954	1.286065	1.140544
15600	-82.43556	-245.2983	162.8627	0.08123125	1.286065	1.172108
15606	-83.1974	-245.9801	162.7827	0.2111384	0.7342825	1.307987
15612	-88.43658	-249.7543	161.3177	0.890211	1.239946	1.157261
15618	-79.79473	-241.649	161.8542	0.4907148	1.167898	1.217289
15624	-74.6482	-236.6024	161.9542	0.4907148	1.461032	0.8281538
15630	-73.49485	-235.4045	161.9097	0.4655629	0.9300674	1.399788
15636	-74.50315	-236.3765	161.8734	0.3586409	1.149874	1.414559
15642	-76.00645	-238.3226	162.3162	0.1688795	0.8736323	1.654052
15648	-75.11281	-236.8822	161.7694	0.1688795	0.7236715	2.128551
15654	-76.4367	-238.4809	162.0442	0.1581804	0.6911196	1.992237
15660	-73.07739	-234.1294	161.052	0.2495281	0.4921697	2.58151
15666	-76.82906	-237.1898	160.3607	1.04146	0.4421183	2.300526
15672	-69.99094	-231.1723	161.1813	0.5573212	0.3319969	2.218475
15678	-89.79166	-249.4313	159.6396	1.332696	0.1306977	2.783777
15684	-82.73042	-243.9496	161.2192	0.1917252	0.3649053	2.657801
15690	-65.37141	-227.8071	162.4357	0.06759205	0.7136495	1.961393
15696	-73.26758	-235.3453	162.0777	0.05081326	0.6896378	2.266063
15702	-72.45676	-233.1832	160.7264	0.1636802	0.4290677	2.973017
15708	-80.62886	-240.405	159.7761	0.7229692	0.8428917	2.636657
15714	-89.84921	-250.0327	160.1835	0.7925727	1.497166	1.898962
15720	-70.42558	-231.5124	161.0869	1.079273	0.4373142	1.79872
15726	-62.98173	-225.0517	162.07	1.014727	0.7657137	0.7077873
15732	-63.51266	-224.3815	160.8688	1.349407	0.9151489	1.441024
15738	-61.30318	-222.0789	160.7757	0.6276822	0.1781634	2.507848
15744	-63.94529	-225.4414	161.4961	0.6276822	0.7000825	1.689085
15750	-69.23228	-230.0018	160.7695	2.170798	0.5329237	1.396425
15756	-71.32261	-231.8766	160.554	2.128599	0.8724064	1.316768
15762	-76.51304	-236.9297	160.4166	1.818233	1.194018	1.316768
15768	-65.29066	-226.7742	161.4835	0.9688063	1.059236	1.096047
15774	-71.23336	-232.8736	161.6403	0.8358599	1.452111	0.474982
15780	-72.54771	-233.9168	161.3691	1.042492	1.506185	0.474982
15786	-73.34509	-234.2628	160.9177	1.504541	1.556554	0.4188753
15792	-67.56394	-229.7315	162.1675	0.4617208	0.987565	1.145017
15798	-67.37001	-228.8418	161.4718	0.6629021	1.300451	1.209961
15804	-71.07811	-232.1811	161.103	1.632679	0.8230715	1.154381
15810	-65.83225	-226.5492	160.7169	1.065822	0.6651632	1.904792
15816	-66.00522	-226.3593	160.3541	1.434231	0.4001859	2.114664
15822	-80.62298	-240.0446	159.4216	2.896674	0.5092837	2.11157
15828	-74.48575	-234.7578	160.2721	2.118114	0.5010188	1.803683
15834	-73.35838	-235.4857	162.1274	0.435324	1.531015	0.5529833
15840	-74.39916	-236.2818	161.8827	0.435324	1.671383	0.7719305
15846	-77.3773	-238.661	161.2837	0.9636194	1.671383	0.4899143
15852	-81.22506	-242.4467	161.2216	1.024432	1.671383	0.5250022
15858	-83.39261	-244.5361	161.1435	1.024432	1.671383	0.7263956
15864	-80.46872	-240.9942	160.5255	1.024432	0.5711662	2.121358
15870	-83.87197	-244.7343	160.8623	0.4043973	0.8574945	2.253599
15876	-80.65671	-242.1818	161.5251	0.4917241	0.5397685	1.923987
15882	-74.92288	-234.8052	159.8823	1.265444	0.2823223	2.575251
15888	-78.74908	-238.8175	160.0684	0.7706398	0.5906041	2.575251
15894	-72.66801	-232.7598	160.0918	0.7706398	0.5672732	2.575251
15900	-63.54323	-225.017	161.4738	0.7706398	0.569544	1.665082
15906	-69.47496	-229.9182	160.4433	0.5102063	0.4894646	2.631308
15912	-72.21503	-232.3596	160.1445	1.942262	0.2609866	2.119016
15918	-74.90902	-236.3447	161.4356	0.6050899	1.073886	1.483693
15924	-64.87783	-225.5109	160.6331	2.106784	0.8402645	1.288576
15930	-63.86724	-224.6716	160.8044	1.784095	0.8545192	1.295281
15936	-74.91328	-235.6104	160.6971	0.8213423	0.8644151	1.956633
15942	-72.57765	-232.925	160.3474	0.5184364	0.714215	2.543176
15948	-92.26076	-251.8928	159.6321	0.8054945	0.4652159	2.89361
15954	-96.93443	-255.9869	159.0525	1.268406	0.316781	3.057551
15960	-78.12468	-238.6924	160.5677	0.5855007	0.4548829	2.502969
15966	-87.96893	-248.6379	160.669	2.437798	0.9136695	1.037846
15972	-87.23133	-247.761	160.5296	2.034346	0.9136695	1.346137
15978	-78.77906	-239.2251	160.4461	1.521021	0.9468353	1.634221
15984	-70.55153	-231.3075	160.756	0.6468293	0.7269114	2.15394
15990	-77.32496	-238.5738	161.2489	0.9195987	0.8573166	1.495314
15996	-89.62489	-251.0855	161.4606	0.8837458	0.7073054	1.478004
16002	-96.25955	-257.9547	161.6951	0.194786	0.6531594	2.169576
16008	-86.19199	-246.9321	160.7401	0.7124525	0.6314673	2.169576
16014	-87.11959	-248.4481	161.3285	1.199124	0.2518093	1.683071
16020	-82.70716	-242.6934	159.9862	0.4260017	0.6151163	2.922488
16026	-80.50707	-241.7528	161.2457	0.09398072	0.5766584	2.729501
16032	-88.2184	-248.4516	160.2332	2.062414	0.09704304	2.122201
16038	-79.11851	-238.5644	159.4459	2.1716	0.5954015	2.269637
16044	-78.07101	-239.0663	160.9952	0.9706495	0.9573791	1.569774
16050	-74.85604	-235.6343	160.7782	0.7571678	0.9879722	1.869854
16056	-66.90098	-228.3042	161.4032	1.159756	0.887774	1.158249
16062	-63.3345	-225.1543	161.8198	0.4472653	1.070169	1.385726
16068	-76.93623	-239.2609	162.3247	0.1019573	1.136664	1.637483
16074	-77.81016	-239.3045	161.4944	0.1019573	1.136664	2.200363
16080	-79.01824	-241.4338	162.4155	0.2937376	1.161657	1.069513
16086	-72.80187	-233.9574	161.1555	0.5773981	1.224975	1.60914
16092	-87.00996	-247.6647	160.6547	0.713811	1.096055	1.917303
16098	-74.98006	-236.0367	161.0566	0.4089784	1.035168	2.004703
16104	-78.17282	-239.1865	161.0137	0.3227648	0.8403153	2.275317
16110	-74.89775	-235.615	160.7172	0.4614609	0.6786478	2.39352
16116	-76.77394	-237.8779	161.1039	0.1637639	0.7127984	2.569279
16122	-76.40602	-237.9535	161.5475	0.3284521	1.271693	1.615065
16128	-69.21355	-230.4948	161.2812	0.3792977	0.9802216	1.929729
16134	-76.50587	-238.951	162.4451	0.1546433	0.9802216	1.517048
16140	-77.73467	-239.974	162.2394	0.2567164	1.28738	1.196397
16146	-74.61511	-236.075	161.4599	0.4461993	1.036199	1.679901
16152	-69.26167	-231.392	162.1303	0.3484432	0.5555442	1.679901
16158	-72.71361	-234.6655	161.9518	0.1676231	1.075322	1.77186
16164	-79.63979	-241.0513	161.4115	0.781609	0.9920017	1.386975
16170	-83.15711	-244.859	161.7019	0.6977119	0.9920017	1.237098
16176	-66.24614	-226.7137	160.4675	0.6906326	0.2136573	2.624059
16182	-73.71543	-234.8437	161.1282	0.6906326	0.4761747	2.035439
16188	-78.80601	-237.9176	159.1116	1.516058	0.642537	2.707913
16194	-83.76593	-243.985	160.219	0.9192011	0.1893905	2.625968
16200	-81.08064	-242.0483	160.9676	0.2686423	0.1875626	2.790494
16206	-88.12558	-247.5173	159.3917	0.2686423	0.1766764	3.728858
16212	-78.26512	-238.6277	160.3625	0.3303239	0.6347485	2.798897
16218	-74.7673	-235.8983	161.131	0.5418818	1.038131	1.797194
16224	-77.32413	-239.4805	162.1563	0.2763815	1.013941	1.443965
16230	-76.50804	-237.9306	161.4225	0.5686319	0.8064122	1.726788
16236	-75.50312	-237.8767	162.3736	0.1952938	0.9737441	1.477027
16242	-76.07715	-238.322	162.2449	0.1995743	0.5993028	1.829043
16248	-76.95047	-239.1576	162.2071	0.108957	0.5165906	2.121181
16254	-75.69066	-235.6735	159.9828	0.2802903	0.08861398	3.419701
16260	-78.42867	-238.9102	160.4816	0.7973123	0.186482	2.54982
16266	-79.85262	-240.686	160.8333	0.7973123	0.6375711	2.035817
16272	-83.40354	-244.6138	161.2103	0.5954782	0.5163326	2.041782
16278	-76.21686	-236.5342	160.3174	2.006106	0.5326135	1.794852
16284	-80.57604	-241.4078	160.8318	1.890592	0.5761388	1.440512
16290	-83.86843	-245.4612	161.5928	1.177257	0.9363381	0.9117698
16296	-81.0411	-242.4238	161.3827	0.9542617	1.023776	1.228825
16302	-86.09723	-247.5445	161.4472	0.7358057	1.207763	1.228825
16308	-87.2301	-249.1086	161.8785	0.2414215	1.283546	1.517707
16314	-75.72713	-237.4535	161.7264	0.2646674	0.7206192	1.977377
16320	-69.52189	-231.2404	161.7185	0.3211397	0.8312382	1.816726
16326	-70.16791	-230.2515	160.0836	1.89276	0.659359	1.914567
16332	-74.11526	-235.1501	161.0348	1.708118	0.9969536	1.008495
16338	-77.75704	-239.3749	161.6179	0.7750982	0.9969536	1.221903
16344	-92.15479	-253.1766	161.0218	1.096964	1.079816	1.363028
16350	-83.66667	-242.5283	158.8616	0.527888	0.4372335	3.589255
16356	-73.3064	-235.2109	161.9045	0.1741438	0.2493182	2.336078
16362	-79.49661	-241.9074	162.4108	0.1002129	0.9120432	1.7411
16368	-79.28218	-238.966	159.6838	0.998508	0.5521729	2.681771
16374	-65.03779	-224.3807	159.3429	1.563731	0.3722675	2.710802
16380	-66.82934	-227.3616	160.5322	1.031682	0.2748921	2.303857
16386	-67.20988	-227.5836	160.3738	0.7236507	0.1759621	2.678775
16392	-64.25942	-224.3134	160.054	0.6119936	0.6462286	2.678775
16398	-66.27383	-228.4342	162.1603	0.5235147	0.9857241	1.058661
16404	-72.22776	-232.8714	160.6436	0.4600652	0.4863662	2.561634
16410	-78.8544	-239.8024	160.948	0.4879395	0.6931661	2.20778
16416	-81.35315	-242.3856	161.0325	1.561006	0.3471877	1.623041
16422	-84.0156	-245.9808	161.9652	0.4721554	1.05847	1.242559
16428	-79.29818	-240.8689	161.5707	0.5675788	1.299201	1.242559
16434	-86.32412	-247.5944	161.2703	1.265346	0.6324775	1.40235
16440	-85.79853	-248.1373	162.3388	0.1477668	0.8715428	1.690721
16446	-73.75753	-235.8963	162.1387	0.33721	0.6899051	1.594373
16452	-77.52468	-239.4007	161.876	0.7154131	0.902653	1.144286
16458	-87.58456	-248.6672	161.0826	0.7154131	0.6358417	1.937757
16464	-88.24554	-250.3492	162.1036	0.2453439	0.4522655	1.937757
16470	-74.87051	-235.0202	160.1496	0.2453439	0.626224	3.055463
16476	-72.72776	-232.3223	159.5946	0.6580176	0.5053618	3.00412
16482	-68.41204	-230.4153	162.0032	0.2856441	0.5864676	1.845755
16488	-72.97498	-233.4286	160.4536	0.719676	0.2927721	2.560384
16494	-69.1529	-228.9676	159.8147	1.238997	0.08742695	2.750603
16500	-74.18468	-233.2016	159.0169	1.319386	0.2192365	3.111942
16506	-69.82693	-229.8335	160.0066	2.830949	0.492707	1.747156
16512	-70.5736	-231.7919	161.2183	2.085423	0.1598041	1.374552
16518	-65.82935	-226.2204	160.391	1.612618	0.5274514	1.919311
16524	-67.76903	-229.1255	161.3564	1.535725	0.6638616	1.13131
16530	-82.31442	-245.005	162.6906	0.2793728	0.7671422	1.206903
16536	-82.7931	-244.3977	161.6046	0.5903832	1.003999	1.424515
16542	-79.06194	-241.4318	162.3699	0.3831494	0.9203999	1.154691
16548	-94.8261	-256.7491	161.923	0.1529378	0.9473057	1.913598
16554	-83.42976	-243.3726	159.9429	0.6781962	0.1543752	2.989433
16560	-80.83961	-243.1528	162.3132	0.1322908	0.4325255	2.046711
16566	-83.22171	-242.8486	159.6269	1.085161	0.4012213	2.757648
16572	-79.42245	-239.1677	159.7452	0.4815723	0.360518	3.160215
16578	-87.52359	-247.4495	159.9259	1.651193	0.3757478	2.306326
16584	-82.58981	-244.3733	161.7835	0.4777981	0.9958896	1.430161
16590	-86.66384	-245.672	159.0082	0.6551167	0.2652315	3.495047
16596	-88.74038	-250.0981	161.3577	0.381497	0.797233	1.998215
16602	-75.82232	-237.2228	161.4005	0.8136917	0.8025399	1.511127
16608	-86.05286	-248.4258	162.373	0.377007	1.339117	0.6988522
16614	-74.44737	-237.368	162.9206	0.2316764	0.8209076	1.063199
16620	-77.81483	-238.5206	160.7058	2.453747	1.128988	0.7358612
16626	-74.63062	-235.0979	160.4673	2.995582	1.040139	0.8426805
16632	-76.34377	-236.6617	160.3179	2.995582	1.335859	0.5980822
16638	-83.00728	-243.5292	160.522	2.074847	1.372557	0.9168995
16644	-84.82599	-245.4047	160.5787	2.236701	0.5722027	1.485062
16650	-84.24367	-243.7855	159.5418	0.5104475	0.1529923	3.374458
16656	-79.87495	-241.8319	161.957	0.2638615	0.3736939	2.056055
16662	-71.02293	-231.808	160.7851	0.9002954	0.5387943	2.056055
16668	-79.41486	-239.6612	160.2463	0.5942968	0.7152364	2.532971
16674	-82.63239	-245.0398	162.4074	0.3172763	0.9047327	1.2548
16680	-83.61269	-244.7955	161.1828	0.5046622	0.9047327	1.894073
16686	-81.78872	-243.053	161.2643	0.5356993	0.6167808	1.999407
16692	-81.09335	-240.8346	159.7413	1.69132	0.05854562	2.604461
16698	-75.87596	-236.9486	161.0727	0.3889355	0.3378697	2.468816
16704	-76.32794	-236.4639	160.136	1.427997	0.1771326	2.401116
16710	-74.24531	-234.175	159.9297	0.9091502	0.1867477	2.811472
16716	-68.3106	-229.0822	160.7716	0.9091502	0.06601534	2.364287
16722	-65.21652	-225.1998	159.9833	1.323837	0.1988755	2.534533
16728	-73.20402	-233.9708	160.7668	1.056778	0.1152139	2.240292
16734	-81.46965	-240.7239	159.2543	0.5439459	0.1489719	3.513764
16740	-81.58247	-242.0542	160.4718	0.9785351	0.3495035	2.328595
16746	-74.76628	-236.3913	161.625	0.5257958	0.8297602	1.613036
16752	-80.06111	-241.1807	161.1196	1.517838	0.285042	1.627442
16758	-92.68397	-253.5062	160.8222	1.97262	0.1845846	1.698812
16764	-76.68813	-238.518	161.8298	0.8442108	0.1685001	1.635452
16770	-76.08925	-237.7647	161.6754	1.024217	0.1480391	1.624722
16776	-77.07831	-237.311	160.2327	0.9036251	0.1300023	2.664437
16782	-78.24852	-238.9572	160.7087	0.5498027	0.4318808	2.462906
16788	-71.93987	-232.29	160.3502	1.487173	0.06189227	2.31011
16794	-69.90712	-230.2365	160.3294	1.487173	0.08269588	2.31011
16800	-73.21482	-233.6488	160.434	1.618483	0.854009	1.659913
16806	-77.46896	-238.7924	161.3235	0.6585783	0.854009	1.671972
16812	-65.76569	-227.4879	161.7222	0.5431039	1.054626	1.348994
16818	-70.74941	-232.4736	161.7242	0.7922991	1.378188	0.6593201
16824	-72.59829	-234.263	161.6647	0.7219215	1.565123	0.5244986
16830	-73.35829	-234.2082	160.8499	1.604506	1.565123	0.5373375
16836	-73.37613	-235.8037	162.4276	0.278392	1.565123	0.5025656
16842	-70.72346	-232.2971	161.5737	0.797042	1.565123	0.5025656
16848	-69.52099	-231.1378	161.6168	0.9461751	1.351083	0.5540542
16854	-74.22053	-235.0854	160.8649	1.844723	1.351083	0.3669719
16860	-74.07627	-234.5465	160.4703	2.226362	1.536905	0.3859482
16866	-72.8079	-234.6377	161.8298	0.5864711	1.536905	0.6746907
16872	-73.43413	-236.063	162.6289	0.1961829	1.536905	0.6746907
16878	-84.43303	-247.4572	163.0242	0.1199726	1.029664	1.110422
16884	-83.43238	-244.5926	161.1602	0.8660731	0.6960808	1.719142
16890	-77.95461	-237.8985	159.9439	0.4309043	0.3446773	3.104548
16896	-85.47095	-245.5725	160.1015	1.97368	0.8389011	1.745146
16902	-74.33451	-235.1324	160.7979	0.3658062	0.7783983	2.393675
16908	-68.66383	-230.8068	162.1429	0.4484974	0.9171641	1.246726
16914	-76.62125	-237.3206	160.6993	0.7916463	0.8982361	1.955807
16920	-81.73759	-244.5992	162.8616	0.09776809	0.9195542	1.412608
16926	-74.69166	-237.8134	163.1217	0.1050503	1.169672	0.9367297
16932	-75.93862	-238.583	162.6444	0.1870684	1.353392	0.9367297
16938	-74.17783	-235.5695	161.3917	0.8617491	1.353392	1.012443
16944	-69.77307	-231.2025	161.4295	0.9843956	0.5370624	1.549233
16950	-85.21762	-245.2159	159.9983	0.04028896	0.2006628	3.840228
16956	-77.11172	-236.44	159.3283	1.249974	0.3301924	2.892987
16962	-72.85561	-232.2119	159.3563	3.951137	0.9478454	1.576235
16968	-72.0044	-232.4711	160.4667	1.486862	0.6070113	1.875054
16974	-69.15818	-229.1192	159.961	1.026355	0.457672	2.551769
16980	-67.7025	-228.5386	160.8361	0.5655237	0.1381129	2.551769
16986	-81.10658	-240.8409	159.7343	1.580445	0.2266081	2.551769
16992	-72.37111	-233.5741	161.203	0.9580446	0.8118641	1.533434
16998	-72.86891	-234.1612	161.2923	1.239939	0.4188812	1.563083
17004	-67.62875	-228.6781	161.0493	1.114831	0.9835769	1.40384
17010	-78.26025	-239.1689	160.9086	0.4605062	0.4134368	2.441118
17016	-75.04681	-236.5267	161.4799	0.7996202	0.9084988	1.382073
17022	-76.50466	-236.2842	159.7796	1.061229	0.531052	2.597878
17028	-73.79921	-234.9381	161.1389	1.180096	0.2382433	1.836643
17034	-83.92987	-242.2233	158.2934	1.136298	0.8127294	3.28201
17040	-76.31736	-235.6093	159.292	0.7977495	0.1636006	3.28201
17046	-70.63923	-231.2656	160.6264	1.47243	0.125807	2.097138
17052	-74.83983	-235.5784	160.7386	2.39956	0.01836265	1.710028
17058	-68.23119	-228.8045	160.5733	1.401807	0.0789338	2.197248
17064	-67.60816	-229.5572	161.9491	0.4951852	0.3248235	1.776772
17070	-69.88	-230.8262	160.9462	0.8928367	0.7540016	1.807555
17076	-66.04987	-227.1413	161.0914	0.2624482	0.3245681	2.640234
17082	-66.43526	-226.1479	159.7126	0.7161614	0.01997742	3.177487
17088	-72.51923	-232.2159	159.6967	0.7161614	0.09511172	3.142313
17094	-65.85997	-227.6529	161.7929	0.2649299	0.5568854	2.041638
17100	-67.72974	-228.2124	160.4827	0.9289909	0.8323268	2.041638
17106	-71.5007	-232.1125	160.6118	2.077101	0.7083086	1.423315
17112	-76.82011	-237.0178	160.1977	2.077101	0.3600662	1.966017
17118	-72.49969	-232.3102	159.8105	0.5985607	0.1993971	3.107937
17124	-70.85237	-231.0076	160.1552	0.7781456	0.4782555	2.585507
17130	-72.65202	-233.6911	161.039	0.2854815	0.7033292	2.40114
17136	-71.7961	-231.8895	160.0934	0.269796	0.4656146	3.147333
17142	-76.50618	-237.4943	160.9881	0.4499288	0.7724877	2.173004
17148	-69.20452	-230.1387	160.9341	1.242564	0.7705547	1.566229
17154	-69.3495	-229.1581	159.8086	0.6443574	0.5952604	2.832045
17160	-63.09598	-224.418	161.322	0.9401998	0.6477672	1.580303
17166	-67.30903	-228.6553	161.3462	0.9401998	0.6073258	1.592136
17172	-69.46006	-231.0879	161.6278	0.5510915	0.7171564	1.663481
17178	-74.26342	-236.314	162.0506	0.2069687	1.166615	1.548268
17184	-73.26446	-235.2267	161.9623	0.1459533	0.7282293	2.050287
17190	-71.38896	-232.8177	161.4287	0.9087823	0.547904	1.599605
17196	-73.71237	-234.6209	160.9085	2.218431	1.053766	0.7274764
17202	-73.16238	-232.0453	158.8829	0.6906825	0.9570587	3.133334
17208	-82.47818	-242.4244	159.9462	0.1605177	0.3691477	3.476644
17214	-69.09924	-230.5003	161.4011	0.2588281	0.11748	2.58248
17220	-75.69711	-237.7842	162.0871	0.2191377	0.4802846	1.978152
17226	-64.41375	-225.9646	161.5509	0.4567711	1.001105	1.626359
17232	-63.5415	-226.2661	162.7246	0.1767446	1.001105	1.222001
17238	-61.82763	-223.1972	161.3695	1.078334	1.164504	1.001371
17244	-63.20861	-225.4631	162.2545	0.5338538	0.531021	1.353572
17250	-66.48368	-227.7206	161.2369	1.040767	0.7871024	1.464395
17256	-73.21817	-233.6777	160.4595	1.738258	0.3338848	1.946572
17262	-66.61024	-227.9231	161.3128	0.8719671	0.7224003	1.586156
17268	-67.9574	-229.3201	161.3627	0.307043	0.2829631	2.430142
17274	-68.89013	-228.9738	160.0837	1.233533	0.3401562	2.430142
17280	-67.50967	-229.06	161.5503	0.3441287	0.6779179	2.000661
17286	-65.5348	-227.2487	161.7139	0.5215571	0.6320377	1.695929
17292	-66.0319	-228.1901	162.1582	0.3578093	1.235953	1.10768
17298	-63.87376	-224.8582	160.9844	1.911432	0.8356354	1.087548
17304	-70.59714	-232.362	161.7648	0.4107511	0.6823759	1.760335
17310	-86.11762	-247.0313	160.9137	2.52558	0.8535209	0.7829528
17316	-77.66309	-239.1823	161.5192	0.6718508	1.413865	1.05497
17322	-77.77426	-239.7134	161.9392	0.4166233	1.591575	0.8475931
17328	-70.75935	-232.5515	161.7921	0.7404344	1.398286	0.5986638
17334	-81.2415	-243.7083	162.4668	0.3822069	1.271085	0.6244833
17340	-87.7145	-247.7868	160.0723	0.6360986	0.0159281	3.029206
17346	-84.95952	-243.5407	158.5812	0.6360986	0.04442567	3.884924
17352	-75.37831	-235.2367	159.8584	0.6360986	0.4808984	2.878111
17358	-84.10817	-245.3284	161.2202	0.3656006	0.6107277	2.23146
17364	-79.25758	-241.0192	161.7616	0.5580905	0.5734171	1.662879
17370	-77.33531	-238.2769	160.9416	1.997735	0.1235262	1.646621
17376	-74.86104	-235.3221	160.4611	1.146127	0.09424642	2.395567
17382	-84.05767	-245.6773	161.6197	1.008793	0.01768645	1.76751
17388	-82.09828	-242.1568	160.0586	1.106782	0.220579	2.59082
17394	-80.27592	-239.6502	159.3743	0.5490624	0.1975867	3.410566
17400	-74.97829	-235.3518	160.3735	0.6242472	0.3980511	2.624112
17406	-74.24682	-235.4203	161.1735	0.2941146	1.009372	2.104739
17412	-80.96653	-241.7079	160.7414	1.199858	0.3023954	2.049504
17418	-83.45531	-243.9819	160.5266	1.397857	0.5181231	1.940387
17424	-86.34646	-247.7548	161.4084	0.2831253	0.8567279	2.067917
17430	-93.13722	-254.2546	161.1174	1.185173	1.58719	0.6556876
17436	-80.37357	-241.7001	161.3266	0.9273766	1.58719	0.7264405
17442	-84.09446	-243.6999	159.6054	2.027272	0.5058544	2.277005
17448	-88.7088	-248.9072	160.1984	1.095433	0.1990161	2.5239
17454	-83.20319	-243.0958	159.8926	1.292663	0.431512	2.461669
17460	-84.89003	-245.0481	160.1581	0.9572644	0.4269373	2.491415
17466	-70.80799	-231.9686	161.1606	0.3421289	0.3207058	2.48453
17472	-73.92007	-234.6087	160.6886	0.7730924	0.4292038	2.284473
17478	-79.63305	-239.1312	159.4981	2.916324	0.7938323	1.864547
17484	-76.86237	-238.06	161.1976	1.018586	1.085142	1.277696
17490	-81.34647	-242.7885	161.4421	0.9947619	1.085142	1.086093
17496	-75.08071	-236.2962	161.2155	0.5685986	1.433399	1.418482
17502	-86.36979	-246.9073	160.5375	0.7711373	0.8004018	2.143821
17508	-77.95765	-238.5569	160.5992	0.9750796	0.8004018	1.953293
17514	-82.36982	-242.9796	160.6098	2.029098	1.30717	0.9211625
17520	-62.00384	-224.3974	162.3935	0.1890159	1.785402	0.691013
17526	-63.0122	-224.9181	161.9059	0.4208429	1.659997	0.7923963
17532	-68.26035	-229.7427	161.4824	0.4208429	2.178818	0.3889305
17538	-69.83373	-231.7909	161.9571	0.1256663	2.136576	0.18594
17544	-74.35639	-235.2486	160.8922	0.7307392	2.082365	0.2263439
17550	-71.72325	-232.9751	161.2519	0.5022545	2.082365	0.2402023
17556	-72.78096	-233.0831	160.3022	1.340032	2.082365	0.2326039
17562	-78.87287	-239.6788	160.8059	0.8263548	2.106336	0.2503902
17568	-76.61486	-237.7633	161.1485	0.8111955	1.893952	0.3259452
17574	-67.03246	-229.1831	162.1506	0.2233902	1.893952	0.3151372
17580	-69.87073	-231.1874	161.3166	0.382413	2.240916	0.2434482
17586	-80.01713	-239.6656	159.6485	2.057506	2.004033	0.1554134
17592	-77.63819	-237.3181	159.6799	1.996149	2.004033	0.1544789
17598	-73.91706	-233.9128	159.9958	1.760972	2.004033	0.2012009
17604	-79.62518	-241.2825	161.6573	0.3678903	2.004033	0.2850263
17610	-84.1042	-244.6149	160.5107	1.078343	2.004033	0.1963084
17616	-83.7482	-245.2341	161.486	0.4855781	2.004033	0.3206121
17622	-79.03058	-239.8626	160.832	0.3489257	2.49588	0.1498082
17628	-83.15656	-242.2785	159.1219	0.7711565	2.892212	0.06609577
17634	-82.4971	-242.0851	159.588	0.6338629	2.890136	0.09274623
17640	-83.51151	-242.7424	159.2309	0.6338629	2.890136	0.0608907
17646	-85.16139	-244.312	159.1506	0.6338629	2.970418	0.0608907
17652	-83.13014	-241.6549	158.5248	1.473065	2.93057	0.07413915
17658	-82.28633	-241.6976	159.4112	0.5975105	2.93057	0.07400881
17664	-78.57824	-236.384	157.8058	1.919518	2.93057	0.04605802
17670	-78.66565	-237.1281	158.4624	0.6953516	3.182834	0.03938603
17676	-80.37414	-238.937	158.5628	0.8415136	3.182834	0.05352148
17682	-77.50482	-236.301	158.7962	0.591521	3.271221	0.05352148
17688	-76.29328	-234.3455	158.0522	0.8820888	3.271221	0.03540942
17694	-76.2816	-232.9785	156.6969	1.773371	3.481766	0.02298168
17700	-76.03829	-232.3234	156.2851	2.073582	3.481766	0.01808318
17706	-80.13649	-237.7043	157.5678	0.6049714	3.710665	0.02334453
17712	-79.22318	-236.1256	156.9025	3.024342	3.072844	0.03677609
17718	-79.51876	-238.0755	158.5568	0.6478205	3.285823	0.04557579
17724	-73.40188	-231.3984	157.9966	0.8295409	3.336184	0.03356735
17730	-80.11705	-238.1274	158.0104	0.6733512	3.307461	0.0268932
17736	-81.90408	-240.1802	158.2761	0.8760567	3.307461	0.04666417
17742	-81.53991	-240.9784	159.4384	0.1795963	3.198279	0.03895156
17748	-81.60092	-240.9895	159.3886	0.2708121	3.198279	0.04879768
17754	-80.5878	-240.2834	159.6956	0.6090422	2.793988	0.09009763
17760	-76.72983	-236.7299	160.0001	0.4375406	2.793988	0.09328286
17766	-77.36395	-236.9554	159.5914	0.6210184	2.793988	0.08111036
17772	-78.32908	-239.0645	160.7355	0.1861603	2.529794	0.08111036
17778	-74.96344	-235.3079	160.3444	0.5236431	2.529794	0.1245829
17784	-66.51185	-227.4354	160.9236	0.2258336	2.439285	0.1055227
17790	-64.25694	-224.3176	160.0607	0.9199859	2.439285	0.1506464
17796	-68.42284	-228.5799	160.157	0.9847357	2.334132	0.164036
17802	-66.01256	-226.5246	160.512	0.4463076	2.334132	0.1014875
17808	-68.47063	-229.5489	161.0783	0.3640355	2.334132	0.1779826
17814	-66.98558	-227.7196	160.734	0.625592	2.334132	0.2084428
17820	-71.53909	-231.8098	160.2707	0.9280087	2.334132	0.1783306
17826	-73.06949	-233.9884	160.9189	1.358712	1.556105	0.2897361
17832	-74.00143	-234.7011	160.6996	1.308642	1.913095	0.6269703
17838	-73.70804	-234.9642	161.2561	1.274418	0.9778245	1.120979
17844	-75.93155	-237.944	162.0124	0.3757529	1.758665	0.5585326
17850	-79.99284	-241.9257	161.9329	0.4735339	1.651051	0.4259666
17856	-66.08444	-228.8308	162.7463	0.1492466	1.367969	0.9456125
17862	-72.04442	-233.618	161.5736	0.6913465	0.8295864	1.474322
17868	-66.25501	-227.9173	161.6623	0.2463764	0.8153403	1.988396
17874	-69.80332	-229.852	160.0487	0.3285416	0.5211044	3.059032
17880	-62.36281	-222.9761	160.6132	0.1833798	0.5914868	2.904892
17886	-68.32857	-230.3504	162.0219	0.2778369	1.016352	1.540608
17892	-66.60102	-227.5752	160.9741	0.3570326	0.3067351	2.589795
17898	-64.55853	-226.548	161.9895	0.3419138	0.3711788	1.914877
17904	-64.56245	-225.5386	160.9761	0.8718518	0.1821319	2.184793
17910	-58.16907	-219.3736	161.2045	0.1811043	0.1099846	2.842796
17916	-57.77052	-218.2662	160.4957	0.4893659	0.3895575	2.681785
17922	-71.61521	-231.614	159.9988	0.6740086	0.1740497	2.947315
17928	-70.41105	-230.0316	159.6205	1.045255	0.1327659	2.947315
17934	-81.39675	-241.0314	159.6347	1.045255	0.1186522	2.947315
17940	-74.41078	-234.7099	160.2991	0.6495204	0.1176178	2.819877
17946	-72.93048	-232.7109	159.7804	0.6932131	0.4849882	2.876142
17952	-76.84012	-239.4345	162.5943	0.1148031	0.8875103	1.5844
17958	-84.40309	-245.387	160.9839	1.447242	0.6824827	1.472805
17964	-79.61969	-241.0018	161.3821	1.139078	1.129844	0.9666814
17970	-69.62413	-231.8082	162.1841	0.6938372	0.8090464	0.9666814
17976	-72.67818	-232.8105	160.1323	0.9755771	0.2612296	2.598869
17982	-79.04134	-240.5636	161.5223	0.5889926	0.2527995	2.015933
17988	-78.81623	-239.8925	161.0763	0.7915087	0.6160971	1.891857
17994	-74.32886	-234.1374	159.8086	1.600119	0.3207008	2.437838
18000	-70.5167	-230.1649	159.6482	1.292747	0.3865123	2.641604
18006	-70.50629	-231.4357	160.9294	0.4788047	0.03903119	2.641604
18012	-73.70414	-234.1373	160.4332	0.8540792	0.02118761	2.641604
18018	-69.40249	-230.1754	160.7729	2.155474	0.02582533	1.771429
18024	-69.33779	-229.2721	159.9343	4.590523	0.2056909	1.546712
18030	-61.97929	-221.9098	159.9305	1.556118	0.5142955	2.257115
18036	-59.61061	-221.1204	161.5098	0.8530393	0.4792285	1.635003
18042	-67.7641	-229.0968	161.3327	0.5987725	0.5706613	1.920377
18048	-66.44241	-226.9511	160.5087	2.386928	1.242771	0.8887875
18054	-57.20702	-218.4807	161.2737	1.41	1.116543	0.8505365
18060	-62.87972	-224.3532	161.4735	1.002372	1.272214	0.851179
18066	-63.09783	-225.43	162.3322	0.2842779	1.342103	0.9973091
18072	-62.5199	-224.5539	162.034	0.473829	1.448908	0.7762568
18078	-73.90501	-236.2175	162.3125	0.3844267	1.238062	0.8970547
18084	-70.42624	-231.0393	160.6131	1.851602	1.238062	1.092838
18090	-82.21769	-243.04	160.8224	0.9850173	1.238062	1.478677
18096	-68.60156	-229.6492	161.0476	1.04822	0.9559376	1.474462
18102	-77.23523	-237.8936	160.6583	0.8237817	0.9430487	1.92788
18108	-70.09282	-229.7586	159.6658	2.242673	0.9477638	1.866426
18114	-82.3979	-241.3997	159.0018	2.623546	0.2733026	2.60689
18120	-78.77903	-238.5109	159.7319	2.479401	0.1382866	2.276468
18126	-72.28741	-231.1968	158.9094	2.037096	0.2039151	2.892858
18132	-67.17554	-228.8073	161.6318	0.7483685	1.146242	1.10747
18138	-61.81465	-222.2713	160.4567	1.680254	0.1615824	2.088595
18144	-64.05433	-224.2785	160.2242	2.774206	0.4104991	1.669413
18150	-70.33849	-229.6869	159.3484	2.428005	0.5081065	2.301638
18156	-74.17602	-233.8912	159.7152	1.697858	0.8183688	2.136367
18162	-76.2215	-236.8136	160.5921	1.455084	1.04905	1.487411
18168	-71.98074	-232.3666	160.3859	1.640269	0.4403886	1.968562
18174	-73.71907	-233.6931	159.9741	2.231317	0.2944555	2.101226
18180	-69.34204	-229.2023	159.8602	1.899149	0.1925686	2.362908
18186	-71.38733	-231.3608	159.9734	1.93115	0.3265876	2.192057
18192	-70.28503	-230.838	160.5529	1.520276	0.7212476	1.719206
18198	-76.49171	-237.7925	161.3008	1.296072	0.811085	1.212171
18204	-71.90186	-233.072	161.1701	0.3046283	0.7307757	2.271587
18210	-69.97047	-230.1526	160.1822	1.217507	0.5050413	2.271587
18216	-74.72678	-235.112	160.3852	0.538487	0.2022093	2.815109
18222	-73.95911	-234.5786	160.6195	0.4442863	0.2755726	2.723732
18228	-73.37017	-233.6348	160.2646	1.122648	0.5340857	2.254123
18234	-67.83687	-230.2404	162.4035	0.2544472	0.7369668	1.508283
18240	-71.18413	-233.2234	162.0392	0.6213382	0.9875054	1.0319
18246	-77.54891	-240.5986	163.0497	0.1328775	1.264646	0.7770263
18252	-71.70676	-233.6636	161.9568	0.266164	0.2240102	2.150525
18258	-77.80176	-238.1308	160.329	0.5245585	0.389148	2.748878
18264	-70.90133	-230.6376	159.7363	1.054442	0.5561929	2.613138
18270	-76.49685	-237.998	161.5011	0.5206451	0.06355512	2.222471
18276	-62.25837	-222.8069	160.5485	1.229065	0.2051274	2.222471
18282	-74.67934	-234.9835	160.3042	0.214983	0.5295962	3.070772
18288	-69.97778	-230.6483	160.6705	1.065077	0.7874302	1.853609
18294	-70.19608	-230.9685	160.7724	1.427719	0.8714984	1.500879
18300	-79.29492	-240.3296	161.0347	1.172449	0.6781978	1.604651
18306	-80.54187	-241.4606	160.9188	0.3428297	1.041697	2.178499
18312	-67.60526	-227.5229	159.9176	0.4338197	0.1776931	3.216198
18318	-64.39598	-224.0694	159.6734	1.005782	0.0678261	2.977905
18324	-81.93603	-242.9834	161.0474	0.2532628	0.1399363	2.794777
18330	-77.65894	-237.7503	160.0914	0.2311061	0.2325242	3.346053
18336	-77.06244	-238.6731	161.6106	0.1551842	0.3539407	2.495313
18342	-73.21143	-233.8313	160.6198	0.06303651	0.4754863	3.252329
18348	-74.03819	-234.4149	160.3767	0.4739456	0.1837891	2.895641
18354	-77.20077	-238.0838	160.8831	0.8410176	0.5423644	2.032365
18360	-76.83704	-237.3266	160.4895	0.3446443	0.5769532	2.737823
18366	-80.19215	-241.6685	161.4764	0.2156137	0.9799331	2.058656
18372	-85.90365	-247.785	161.8813	0.0672311	1.123614	2.058656
18378	-78.41059	-241.1737	162.7631	0.07556917	1.123614	1.407927
18384	-75.01337	-236.8728	161.8594	0.6425845	1.123614	1.045322
18390	-72.60661	-234.578	161.9714	0.4814737	0.9360603	1.324705
18396	-80.01664	-239.8869	159.8703	1.497027	0.6755358	2.21964
18402	-71.58959	-232.9031	161.3135	0.2920495	0.8765711	2.103187
18408	-75.33136	-235.0526	159.7212	0.5831036	0.3905881	3.060716
18414	-74.24149	-235.95	161.7085	0.5828168	1.028248	1.332727
18420	-72.45302	-234.2607	161.8077	0.6070311	1.337199	0.9323018
18426	-75.46101	-235.3735	159.9125	1.900393	0.6356946	2.041813
18432	-83.35264	-243.5294	160.1767	0.575614	0.5803216	2.676626
18438	-93.17971	-254.3156	161.1359	0.8038709	0.8709715	1.662739
18444	-87.07376	-247.5127	160.439	1.287415	0.5360817	2.045844
18450	-81.82189	-241.6209	159.7991	1.287415	0.306841	2.600339
18456	-77.71783	-236.6159	158.8981	1.631364	0.4214261	2.922568
18462	-77.23818	-237.5175	160.2793	1.351225	0.6693449	2.029073
18468	-83.01835	-244.2649	161.2466	1.22812	0.5572519	1.501814
18474	-87.75669	-248.0192	160.2625	1.193438	0.7539544	2.071263
18480	-88.2742	-248.9419	160.6677	0.9761426	0.5348975	2.083536
18486	-74.15348	-235.2157	161.0622	0.6139085	0.6128106	2.058257
18492	-72.00101	-232.2863	160.2853	2.718879	0.3644881	1.676652
18498	-76.03913	-236.9433	160.9041	1.275297	0.620344	1.676652
18504	-88.27903	-249.1708	160.8917	0.7042899	0.3703751	2.247153
18510	-76.45961	-237.1261	160.6665	1.117363	0.3314036	2.128235
18516	-85.95538	-247.6074	161.652	0.8894519	0.9269727	1.139178
18522	-69.7246	-232.2491	162.5245	0.2456962	1.248983	0.9954845
18528	-71.14305	-234.0638	162.9208	0.05430016	0.9101978	1.528658
18534	-73.89644	-235.7322	161.8357	0.1976766	0.9678859	1.860781
18540	-67.62634	-228.974	161.3476	1.114475	1.199067	0.9538912
18546	-74.67799	-235.5301	160.8521	0.8095166	1.133126	1.673508
18552	-74.48141	-235.9801	161.4986	0.9545855	0.4206874	1.606129
18558	-88.37515	-249.207	160.8318	1.839772	0.8241975	1.268736
18564	-76.83046	-238.0295	161.1991	1.449316	1.285269	0.6668544
18570	-79.20779	-240.0469	160.8391	1.10354	1.288237	1.337742
18576	-72.63379	-234.8778	162.244	0.278204	1.288237	1.144556
18582	-76.75248	-238.7741	162.0216	0.5660614	1.1769	0.9397291
18588	-76.39468	-238.4762	162.0815	0.7867279	0.9945466	0.7194959
18594	-67.34347	-228.7111	161.3676	0.7940247	0.5169626	1.757405
18600	-70.90042	-232.2762	161.3757	0.7759168	0.4072006	1.842773
18606	-71.44127	-230.1405	158.6993	1.284092	0.08190882	3.397817
18612	-70.70594	-231.7341	161.0282	0.8982065	0.1314739	2.165148
18618	-73.66982	-235.2832	161.6134	0.504717	0.1139727	2.133674
18624	-62.20892	-221.4787	159.2697	0.7884212	0.1694412	3.298202
18630	-65.17944	-225.5201	160.3406	0.739895	0.1265944	2.716859
18636	-75.47009	-234.6888	159.2188	1.144447	0.1814928	3.103285
18642	-68.87504	-228.6978	159.8227	0.7450405	0.2781457	2.935531
18648	-76.24879	-237.4835	161.2347	0.9025455	0.03046092	2.093121
18654	-68.49839	-229.108	160.6096	1.898288	0.01251376	1.993496
18660	-68.33368	-226.9616	158.6279	1.327531	0.01434637	3.458359
18666	-76.3002	-237.8941	161.5939	0.44187	0.01029201	2.283162
18672	-73.96133	-235.4104	161.4491	1.125059	0.2704782	1.630717
18678	-68.16653	-228.9312	160.7646	0.6473094	0.3809913	2.370069
18684	-71.93264	-232.7633	160.8306	0.6979109	0.3106446	2.329784
18690	-75.54986	-236.1105	160.5607	1.20608	0.6620616	1.926339
18696	-72.34518	-233.4718	161.1266	0.8735799	0.90504	1.58748
18702	-68.20705	-230.6637	162.4566	0.2882676	1.467434	0.6649813
18708	-65.40667	-227.4922	162.0855	0.4725489	1.467434	0.6649813
18714	-71.46438	-233.5884	162.124	0.3666378	1.613858	0.690347
18720	-64.93462	-226.0745	161.1399	0.9542482	1.739984	0.3210511
18726	-71.75012	-232.4769	160.7268	1.322329	1.739984	0.2663535
18732	-74.9688	-236.3102	161.3414	0.720854	1.876012	0.4184811
18738	-72.07596	-234.0311	161.9551	0.3495716	1.876012	0.5116323
18744	-64.44504	-226.6686	162.2236	0.3122015	1.654361	0.3787944
18750	-76.7242	-239.2059	162.4817	0.2234943	1.654361	0.4935741
18756	-70.13736	-233.1509	163.0135	0.1211288	1.247719	0.8987545
18762	-70.84573	-233.3485	162.5027	0.2659082	1.247719	0.9657943
18768	-73.94528	-236.5226	162.5773	0.2051138	0.6334336	1.557053
18774	-72.38699	-234.3182	161.9312	0.5304742	0.9548398	1.276782
18780	-68.53285	-230.612	162.0792	0.3853992	0.6199078	1.616197
18786	-67.95814	-229.458	161.4999	0.6639806	0.7479164	1.616197
18792	-67.80185	-230.3015	162.4997	0.4010458	0.7479164	1.161485
18798	-64.67183	-227.2122	162.5403	0.1534856	1.042744	1.400027
18804	-65.62903	-227.8544	162.2253	0.5259173	1.069329	0.9028385
18810	-65.43448	-225.7421	160.3076	0.5562462	0.4711456	2.681349
18816	-68.04535	-229.3772	161.3318	0.4525293	0.6293143	2.038474
18822	-67.74185	-227.6299	159.888	0.2546895	0.4635764	3.292786
18828	-68.22533	-228.7868	160.5615	0.3736439	0.5381318	2.680658
18834	-75.23293	-234.2572	159.0243	0.862721	0.1384597	3.410269
18840	-70.93796	-231.879	160.941	0.2358351	0.02067557	2.959266
18846	-75.62357	-236.8074	161.1838	0.2811154	0.1601428	2.65606
18852	-75.38735	-235.4583	160.0709	0.9627321	0.254423	2.649105
18858	-83.19853	-243.3054	160.1069	0.8594062	0.3608689	2.629638
18864	-79.63347	-241.2964	161.6629	0.4799631	0.6021962	1.800654
18870	-64.27331	-225.4068	161.1335	0.9753193	0.4897738	1.800654
18876	-64.64123	-225.8503	161.2091	0.6529659	0.2215265	2.182436
18882	-79.09487	-240.1878	161.093	0.435073	0.6798311	2.182436
18888	-77.3232	-238.4855	161.1623	0.111874	0.154249	2.990555
18894	-66.13611	-226.5326	160.3965	0.8065691	0.1788251	2.600586
18900	-70.20211	-230.1778	159.9757	0.8445829	0.4799606	2.647412
18906	-70.50638	-232.4973	161.9909	0.4496411	0.2669025	1.842015
18912	-72.57565	-233.8211	161.2455	0.7870631	0.7757064	1.666771
18918	-81.15265	-242.0855	160.9328	1.273302	0.6108349	1.66414
18924	-77.23204	-236.5602	159.3282	1.352954	0.5738479	2.693287
18930	-85.42941	-244.7502	159.3208	1.435415	0.4855189	2.712707
18936	-70.64041	-230.9571	160.3167	0.4758452	0.2629176	2.882074
18942	-79.94921	-239.9231	159.9738	1.085363	0.401897	2.543254
18948	-77.8985	-238.3692	160.4707	1.085255	0.1577692	2.384773
18954	-77.83519	-237.6598	159.8247	1.515423	0.6156147	2.278827
18960	-79.6213	-241.6377	162.0164	0.2649789	0.8823858	1.66515
18966	-75.71975	-236.7066	160.9869	1.784789	0.659003	1.305529
18972	-75.58865	-236.6219	161.0333	0.4990085	1.02662	1.919135
18978	-78.09269	-239.2148	161.1221	0.6192795	0.9810307	1.762951
18984	-64.61248	-226.5374	161.9249	0.5756494	0.9472073	1.230479
18990	-71.17692	-231.2752	160.0983	1.123236	0.4162302	2.434424
18996	-68.27425	-228.246	159.9717	1.099063	0.1744512	2.677293
19002	-80.54909	-242.8699	162.3208	0.3896705	1.235766	0.8783267
19008	-73.75457	-236.3132	162.5587	0.08205316	1.139139	1.52844
19014	-74.41993	-235.4864	161.0665	1.367651	0.5965454	1.521423
19020	-65.56538	-226.2565	160.6911	0.2200259	0.2433875	3.00187
19026	-80.5129	-241.9968	161.4839	0.3532962	1.01226	1.805744
19032	-74.45042	-235.8815	161.4311	0.6596906	0.3390494	1.952425
19038	-78.61237	-240.0699	161.4575	0.7819554	0.110369	1.983465
19044	-71.73206	-234.4145	162.6824	0.217966	1.25109	0.9067462
19050	-77.84799	-239.5898	161.7418	0.3969463	1.991907	0.4692784
19056	-85.08333	-247.1649	162.0816	0.4673877	1.486272	0.6525455
19062	-75.05174	-236.893	161.8412	0.5959068	1.486272	0.7195255
19068	-83.49429	-245.7587	162.2644	0.3959844	1.445851	0.6259594
19074	-77.351	-240.0536	162.7026	0.1335595	1.718485	0.5457287
19080	-84.74137	-246.4142	161.6729	0.8081626	1.162444	0.9834408
19086	-84.56851	-245.6147	161.0461	0.9930908	1.210776	1.31935
19092	-74.69809	-237.2847	162.5866	0.09644072	1.173456	1.433248
19098	-86.5846	-248.9542	162.3696	0.2380123	1.511699	0.9030809
19104	-87.21988	-248.6059	161.3861	0.8862665	1.284039	1.058714
19110	-84.38369	-245.6501	161.2664	0.9776823	1.284039	1.080521
19116	-78.77957	-239.7884	161.0088	1.375715	1.137106	1.126561
19122	-84.53846	-245.4237	160.8852	2.285754	1.113973	0.56202
19128	-83.8043	-245.699	161.8947	0.6358123	1.432972	0.6007217
19134	-78.13575	-239.6881	161.5524	0.6628809	1.741382	0.4191827
19140	-73.64456	-234.1829	160.5383	1.627999	1.688456	0.2596498
19146	-89.227	-249.6236	160.3966	1.460537	1.894536	0.232567
19152	-81.60539	-242.9704	161.365	0.7738219	1.776799	0.6196628
19158	-79.97761	-240.877	160.8993	0.9813251	1.950125	0.3187164
19164	-76.95523	-237.0655	160.1103	1.949256	1.950125	0.2832046
19170	-78.42994	-238.6486	160.2186	0.773471	0.1761958	2.735905
19176	-72.08308	-231.4773	159.3942	1.084084	0.4245132	2.885481
19182	-67.0668	-226.953	159.8862	1.386092	0.2072332	2.558943
19188	-73.97154	-235.3527	161.3811	1.386092	0.9065398	0.9839597
19194	-75.33796	-237.4618	162.1239	0.4854139	0.9333398	1.194935
19200	-79.97964	-240.8541	160.8744	2.006761	1.251219	0.6454859
19206	-81.78887	-242.833	161.0441	1.291521	1.393616	0.9049748
19212	-81.39461	-244.0023	162.6077	0.1897467	1.467901	0.8379424
19218	-78.31178	-240.8558	162.5441	0.2878066	1.365877	0.6938181
19224	-75.11451	-236.921	161.8065	0.3970144	1.043712	1.48792
19230	-80.60025	-239.402	158.8017	0.8089624	0.8284466	3.170885
19236	-74.751	-234.8065	160.0555	0.4685348	0.2925098	3.02907
19242	-89.50356	-250.5263	161.0227	0.4685348	0.0165833	2.6087
19248	-83.28196	-243.4276	160.1456	0.5210881	0.1272745	3.021592
19254	-78.16322	-239.2462	161.083	0.6547371	0.1695192	2.295584
19260	-79.45296	-240.0936	160.6406	0.7560114	0.774099	2.1057
19266	-77.97151	-237.6809	159.7094	0.2444538	0.1111703	3.618888
19272	-79.1358	-240.3949	161.2591	0.4188473	0.5801696	2.158679
19278	-77.42108	-238.0688	160.6478	0.2006356	0.3593425	2.992092
19284	-79.35789	-241.1946	161.8367	0.09510015	0.5083793	2.401769
19290	-84.10873	-244.4995	160.3907	0.5574357	0.8987576	2.361548
19296	-83.93864	-244.6438	160.7051	0.6763	0.5059517	2.303448
19302	-83.51313	-244.3937	160.8806	1.023381	0.6481963	1.832697
19308	-76.28602	-234.8057	158.5197	0.6953923	0.3397003	3.704213
19314	-70.74189	-231.0562	160.3143	0.7970389	0.7044594	2.329431
19320	-72.82965	-232.6927	159.863	0.4409249	0.08575326	3.295138
19326	-71.36842	-232.3376	160.9692	1.028434	0.1802553	2.084164
19332	-71.52826	-231.2295	159.7012	0.7553582	0.08274636	3.117719
19338	-69.33158	-230.8012	161.4696	0.9657296	0.1836852	1.786653
19344	-69.11768	-229.8472	160.7295	0.9160526	0.3138396	2.228042
19350	-71.61928	-232.3274	160.7081	0.9160526	0.09712015	2.380108
19356	-82.57807	-242.4618	159.8838	1.77197	0.2031884	2.391824
19362	-81.80462	-241.397	159.5924	1.77197	0.3625857	2.474873
19368	-79.51232	-239.3506	159.8383	1.275285	0.3505212	2.555154
19374	-74.967	-235.9164	160.9494	0.6955509	0.3966669	2.200326
19380	-79.26207	-239.9656	160.7036	0.8128575	0.4977617	2.200326
19386	-81.69054	-243.5665	161.876	0.6838942	0.9828198	1.109087
19392	-79.99167	-242.1676	162.1759	0.5585269	0.9301663	1.044541
19398	-79.83682	-240.7041	160.8673	1.851366	1.035435	1.044541
19404	-69.56929	-230.2919	160.7227	0.9060608	0.6526475	2.01786
19410	-67.79178	-228.9947	161.2029	0.4481598	0.6437165	2.118978
19416	-75.06985	-235.8013	160.7315	0.4481598	0.3019459	2.634441
19422	-71.92036	-231.7393	159.8189	0.6401356	0.2511123	3.036765
19428	-64.70494	-224.6988	159.9939	0.4792924	0.4671421	2.950106
19434	-79.21319	-239.9684	160.7552	0.2678298	0.1443103	2.946546
19440	-74.03332	-233.8396	159.8062	1.212324	0.1772177	2.71482
19446	-71.53037	-232.0993	160.5689	0.5814847	0.1684412	2.683364
19452	-71.81975	-230.5565	158.7368	1.121934	0.2495286	3.360273
19458	-72.00687	-233.2466	161.2397	0.5890296	0.01911151	2.350909
19464	-77.46585	-238.414	160.9482	0.3689334	0.3784589	2.546198
19470	-73.62936	-233.1835	159.5542	0.6020167	0.3492998	3.168286
19476	-75.56172	-235.0595	159.4977	2.156622	0.2483887	2.462015
19482	-76.59932	-236.1322	159.5329	1.378873	0.06038016	2.86905
19488	-66.23431	-227.0837	160.8494	0.7207086	0.02854981	2.477478
19494	-63.43982	-224.2082	160.7684	0.6022977	0.06426542	2.605734
19500	-61.77978	-222.4246	160.6448	0.8251859	0.249975	2.387223
19506	-63.17991	-224.4767	161.2968	0.543231	0.122486	2.292872
19512	-70.78484	-231.254	160.4692	0.404392	0.2018031	2.904958
19518	-79.38167	-240.7265	161.3448	0.5825326	0.6011031	1.907704
19524	-71.43019	-232.4537	161.0235	0.8294926	0.6011031	1.907704
19530	-78.58358	-239.7271	161.1435	0.6700399	1.052916	1.647312
19536	-79.31788	-240.9057	161.5878	0.5226111	1.338885	1.253591
19542	-86.0209	-247.9679	161.947	0.5226111	1.460789	0.768168
19548	-82.50898	-245.046	162.5371	0.1714135	1.731756	0.3974335
19554	-77.97852	-239.8989	161.9203	0.4414748	1.731756	0.4864018
19560	-85.40886	-247.6088	162.1999	0.272794	1.731756	0.3306748
19566	-75.64559	-237.696	162.0504	0.2846257	1.83479	0.3146897
19572	-77.98016	-239.6037	161.6235	0.5540995	1.809655	0.383833
19578	-71.95275	-233.9728	162.02	0.5540995	1.443072	0.5334277
19584	-75.95861	-237.8206	161.862	0.6649376	1.239731	0.8905778
19590	-79.44809	-241.2817	161.8336	0.6810109	1.239731	0.898405
19596	-71.15101	-233.3424	162.1914	0.377906	1.007123	1.242447
19602	-79.8377	-242.5398	162.7021	0.2181173	1.348158	0.7595765
19608	-80.01741	-242.0309	162.0135	0.4198	0.7282192	1.536626
19614	-87.58307	-249.4967	161.9136	0.1446468	0.7649616	2.061229
19620	-86.97689	-248.8338	161.8569	0.7222386	0.8212463	1.223725
19626	-79.0143	-240.7361	161.7218	0.8244396	0.9893198	1.085356
19632	-81.36712	-242.773	161.4059	0.8244396	0.9893198	1.353838
19638	-83.41286	-244.5543	161.1415	0.8388788	1.496002	1.137287
19644	-71.16958	-233.2163	162.0468	0.3826155	1.685973	0.6350915
19650	-79.8044	-241.9263	162.1219	0.3811675	1.642723	0.4690578
19656	-82.80024	-244.6672	161.8669	0.4851996	1.642723	0.7052846
19662	-75.93242	-237.5809	161.6485	0.8088591	1.281968	0.8797589
19668	-80.86236	-242.2418	161.3795	0.9618189	1.095641	1.163149
19674	-71.40111	-232.8501	161.449	0.6786558	1.257444	1.247588
19680	-86.97693	-247.6056	160.6286	1.92445	0.5863639	1.56958
19686	-86.03399	-247.4717	161.4377	0.6709713	0.8111626	1.608599
19692	-94.54003	-256.4387	161.8987	0.5898963	0.2066391	1.791005
19698	-82.08508	-242.8277	160.7426	1.466691	0.1776044	1.988758
19704	-88.36193	-250.1416	161.7797	0.6825085	0.1192735	1.844205
19710	-75.13188	-235.9985	160.8666	1.195588	0.1578968	2.06472
19716	-70.60234	-230.6897	160.0874	2.500837	0.2070211	1.992421
19722	-70.0142	-229.8146	159.8004	2.243814	0.4212343	2.127556
19728	-73.46348	-235.1621	161.6986	0.3271916	0.3739763	2.127556
19734	-67.33582	-228.0276	160.6917	0.6579712	0.419455	2.382631
19740	-72.74911	-234.207	161.4579	0.9870837	0.3179595	1.685323
19746	-73.12916	-235.1993	162.0701	0.4593447	1.02105	1.204307
19752	-63.5197	-225.5779	162.0582	0.3422511	0.870033	1.51296
19758	-65.02639	-227.1878	162.1614	0.1452065	0.5909545	2.010975
19764	-70.88738	-232.9184	162.0311	0.7491318	0.6060855	1.229858
19770	-74.22738	-236.2712	162.0438	0.6546618	1.020214	0.947268
19776	-70.64582	-231.72	161.0741	1.406715	0.322697	1.692582
19782	-66.45574	-227.6802	161.2245	1.237115	0.5129223	1.545537
19788	-68.02096	-228.6316	160.6107	0.835182	0.4915625	2.247614
19794	-69.38475	-229.9043	160.5195	0.8658936	0.4215534	2.328558
19800	-72.35172	-232.3939	160.0422	1.133345	0.6303909	2.328558
19806	-75.30813	-235.8012	160.4931	3.145143	0.7251841	1.080276
19812	-80.74685	-241.6957	160.9488	1.478024	0.4177531	1.675696
19818	-81.37879	-240.9012	159.5224	0.8861888	0.2819661	3.014859
19824	-94.72189	-254.1301	159.4082	1.237325	0.5487926	2.717909
19830	-77.42267	-239.2809	161.8583	0.5239031	1.061827	1.257328
19836	-70.00556	-230.7374	160.7319	0.4150444	0.8665815	2.318332
19842	-75.28866	-236.2081	160.9195	1.141204	0.4794376	1.845576
19848	-70.86406	-232.6561	161.792	0.622614	0.4518199	1.660215
19854	-73.56669	-233.1569	159.5902	0.622614	0.6075102	2.974886
19860	-70.73025	-231.3462	160.6159	0.8786057	0.6606132	2.102807
19866	-74.438	-235.6989	161.2609	0.4472827	0.5538083	2.140863
19872	-76.37535	-236.3236	159.9483	1.252695	0.1373894	2.630761
19878	-67.18883	-227.2712	160.0824	1.544176	0.08595781	2.438185
19884	-77.06259	-237.1126	160.05	0.7996166	0.02236931	2.91284
19890	-80.15023	-240.4717	160.3215	0.8222541	0.07422119	2.700014
19896	-78.53181	-239.7658	161.234	0.5663444	0.9040201	1.792675
19902	-78.75697	-239.6991	160.9422	2.061123	1.097804	0.7428488
19908	-82.49208	-242.8978	160.4057	0.7316362	0.5984053	2.389383
19914	-69.81498	-230.6772	160.8622	1.618686	0.6299319	1.510654
19920	-77.21955	-238.3716	161.152	0.6442459	0.1683429	2.261321
19926	-86.78827	-247.2355	160.4473	1.138267	0.1426226	2.37821
19932	-80.14269	-240.0274	159.8847	1.088358	0.1782055	2.734519
19938	-78.45555	-240.2941	161.8385	0.2766157	0.6967484	1.897834
19944	-76.83537	-236.3955	159.5601	0.9886027	0.7496553	2.642465
19950	-73.87379	-235.0399	161.1661	0.6156051	0.8142986	1.851388
19956	-74.61268	-235.1252	160.5125	1.230441	0.5109001	2.045548
19962	-63.73503	-223.5997	159.8647	1.508992	0.3100254	2.450204
19968	-67.77087	-227.6336	159.8627	1.073356	0.1240464	2.789652
19974	-78.9737	-237.0018	158.0281	0.9552606	0.1472615	3.924464
19980	-75.73713	-234.7455	159.0084	1.282769	0.1831012	3.156353
19986	-82.9312	-243.1125	160.1813	2.169001	0.1075402	2.110141
19992	-75.95815	-236.1912	160.2331	1.116321	0.5529229	2.266013
19998	-69.39576	-230.925	161.5292	0.880632	0.2308434	1.775252
20004	-78.24933	-238.3391	160.0898	0.8643551	1.090624	2.175856
20010	-81.13264	-241.6964	160.5637	0.8643551	0.6564071	2.15001
20016	-80.75866	-241.3601	160.6014	2.005005	0.2315117	1.807104
20022	-84.47188	-245.0319	160.56	1.834296	1.233268	1.154762
20028	-66.2458	-228.1829	161.9371	0.6314947	1.233268	0.8643457
20034	-74.40422	-236.5236	162.1194	0.3343465	1.299032	1.130802
20040	-70.49863	-232.4256	161.927	0.5093018	1.467579	0.8152629
20046	-68.30001	-231.3975	163.0975	0.1014861	1.195142	0.9512091
20052	-75.03167	-236.8492	161.8175	0.5057476	0.8098619	1.509926
20058	-78.44604	-238.6712	160.2252	0.4339585	0.4021395	2.897986
20064	-63.60163	-225.5835	161.9819	0.3748038	0.8006362	1.570791
20070	-70.42419	-231.6612	161.237	0.09974087	0.3509471	2.857181
20076	-73.68372	-234.0495	160.3658	0.3844133	0.07214996	3.068236
20082	-71.01348	-233.1138	162.1004	0.1785193	0.6325356	1.948949
20088	-71.54656	-233.5455	161.999	0.2239324	0.8284787	1.791946
20094	-76.48414	-238.2053	161.7212	0.7619683	1.073997	1.076245
20100	-74.14627	-236.4579	162.3116	0.3468022	0.8165885	1.351776
20106	-74.20893	-236.137	161.928	0.4213861	0.5385462	1.732777
20112	-72.67028	-234.4856	161.8153	0.6496458	0.7422427	1.398856
20118	-66.03333	-228.1018	162.0685	0.307488	0.5283173	1.805558
20124	-74.01821	-235.9918	161.9736	0.2063112	0.8770995	1.810776
20130	-73.72859	-235.0837	161.3551	0.6080007	0.7304463	1.786421
20136	-79.40563	-240.16	160.7543	1.277341	0.4244905	1.915114
20142	-69.09807	-229.9406	160.8425	0.6192725	0.2811316	2.408742
20148	-82.3045	-242.8299	160.5254	1.761235	0.3086696	1.90901
20154	-78.88627	-240.0017	161.1154	0.4425416	0.138969	2.503498
20160	-77.50508	-239.596	162.0909	0.3239568	0.5567218	1.744285
20166	-81.44412	-241.8642	160.4201	0.5842113	0.8267673	2.362989
20172	-66.36086	-225.7361	159.3753	2.012685	0.184632	2.628779
20178	-75.36408	-234.7805	159.4164	1.982412	0.2240758	2.589918
20184	-81.21397	-240.3253	159.1113	2.747601	0.09928295	2.611184
20190	-80.35283	-240.6262	160.2733	0.9449082	0.778281	2.203021
20196	-70.65012	-232.308	161.6579	0.2840409	0.8545352	1.901083
20202	-75.36779	-236.7237	161.3559	0.5339338	1.777061	1.055354
20208	-71.52102	-232.1931	160.6721	2.313888	0.9536909	1.05729
20214	-81.26479	-242.7364	161.4716	0.8420971	1.290553	1.017451
20220	-77.05359	-238.227	161.1734	1.042534	1.393394	1.002895
20226	-78.18341	-239.9632	161.7797	0.7347398	1.1843	0.942128
20232	-83.0846	-243.6021	160.5175	2.263105	0.9510676	1.221471
20238	-98.07214	-258.8953	160.8231	2.263105	0.9763556	0.9073561
20244	-81.57083	-241.2938	159.723	0.9962851	0.3601112	2.776731
20250	-77.20977	-237.06	159.8502	0.9713284	0.2581218	2.776731
20256	-80.44588	-240.7988	160.3529	1.30843	0.6722787	2.001124
20262	-71.94444	-231.4493	159.5049	1.606884	0.3635031	2.597694
20268	-77.64165	-238.0442	160.4026	0.530281	0.5522484	2.597694
20274	-80.48117	-241.4302	160.9491	1.15787	0.8130751	1.578233
20280	-88.51729	-249.4084	160.8911	0.6324387	0.7287892	2.077365
20286	-78.92068	-239.8257	160.905	0.6133738	0.7355356	2.081522
20292	-74.32613	-235.7581	161.4319	1.102306	0.9436059	1.12968
20298	-83.85301	-243.5407	159.6876	2.276984	0.3445903	2.238911
20304	-80.0668	-240.3586	160.2918	1.21315	0.1161074	2.451172
20310	-78.40851	-239.7405	161.332	0.1696818	0.8901347	2.301835
20316	-76.4188	-238.7105	162.2917	0.2033454	1.056981	1.457694
20322	-75.10983	-237.1095	161.9996	0.4791052	0.8900772	1.34212
20328	-76.73878	-239.3165	162.5777	0.2862834	1.395533	0.4869516
20334	-79.24037	-240.9141	161.6737	0.6053971	1.708064	0.4431665
20340	-76.77303	-239.1292	162.3562	0.2771609	0.9308702	1.35157
20346	-87.24033	-249.1019	161.8615	0.3233404	0.5942157	1.877806
20352	-73.71054	-234.6968	160.9862	1.444528	0.8518293	1.341179
20358	-71.64352	-232.9725	161.3289	1.088288	0.6887864	1.434613
20364	-71.40879	-230.4853	159.0765	0.866089	0.7081796	3.039925
20370	-70.31975	-230.2879	159.9681	0.7727923	0.5795753	2.642516
20376	-73.365	-234.2061	160.8411	0.4443265	0.1861389	2.642516
20382	-71.74793	-231.3134	159.5655	1.222784	0.6646701	2.557035
20388	-68.66803	-229.2955	160.6274	0.371858	0.4816321	2.67706
20394	-67.27002	-228.6289	161.3589	0.252424	0.618036	2.304631
20400	-72.22022	-233.2745	161.0543	0.4479397	1.076591	1.930428
20406	-74.02211	-234.9316	160.9095	0.7571348	1.112815	1.691777
20412	-73.28339	-234.3	161.0166	0.9653019	1.776498	0.2675103
20418	-74.20949	-235.0576	160.8481	1.520193	1.601069	0.3899274
20424	-67.2143	-228.2576	161.0433	1.012523	1.706376	0.2699263
20430	-67.36437	-228.4566	161.0922	0.7532996	2.024319	0.3303971
20436	-74.8401	-235.3504	160.5103	1.559088	1.903965	0.3784664
20442	-65.87634	-227.5974	161.7211	0.4472302	1.903965	0.4131189
20448	-70.70066	-232.1493	161.4486	0.5956639	1.838933	0.2966214
20454	-70.24762	-231.7198	161.4722	0.6458516	1.838933	0.4053459
20460	-72.62515	-233.9598	161.3347	0.6843371	1.838933	0.3035652
20466	-77.11773	-238.6255	161.5078	0.7751923	1.61108	0.363192
20472	-69.87277	-232.327	162.4542	0.3709022	1.331105	0.5315549
20478	-67.63913	-230.2046	162.5654	0.1738306	1.708948	0.4294059
20484	-67.88495	-229.0077	161.1227	1.558674	1.320374	0.4437921
20490	-72.16827	-233.2034	161.0351	1.260542	1.638203	0.4437921
20496	-70.2394	-231.6442	161.4048	0.8748483	1.638203	0.4437921
20502	-71.08242	-233.4846	162.4022	0.2680429	1.584771	0.6359772
20508	-84.85711	-245.2399	160.3828	1.985753	1.576933	0.2400595
20514	-78.46432	-239.9614	161.4971	0.5193923	0.04889583	2.235835
20520	-79.6431	-239.8437	160.2006	0.1798856	0.6414776	3.128843
20526	-75.58786	-237.2726	161.6848	0.1798856	0.5686075	2.260717
20532	-78.6394	-239.5622	160.9228	0.1265047	0.1289555	3.114501
20538	-71.52893	-233.1184	161.5894	0.5400569	0.3524955	1.954086
20544	-78.72294	-240.6982	161.9753	0.1259445	0.4514947	2.269911
20550	-72.0799	-233.2924	161.2125	0.2180583	0.4514947	2.560404
20556	-79.45857	-240.0099	160.5513	0.2363731	0.4717444	2.921418
20562	-78.40616	-239.7805	161.3743	0.828851	0.60349	1.662778
20568	-75.90237	-237.2996	161.3972	0.3885886	0.8739786	1.910696
20574	-71.36865	-233.8896	162.5209	0.2071509	1.004194	1.310764
20580	-71.89324	-234.0231	162.1299	0.4348946	1.305951	0.9181442
20586	-72.96724	-235.3882	162.421	0.298624	1.049341	1.156144
20592	-84.58878	-246.2325	161.6438	0.2936562	0.9923269	1.800633
20598	-87.06843	-248.7978	161.7294	0.2588129	0.9923269	1.800633
20604	-82.88912	-245.2543	162.3652	0.2976571	1.094849	1.167164
20610	-82.71294	-244.0464	161.3335	0.3505686	0.8323111	2.033072
20616	-87.15301	-246.8564	159.7034	0.2304784	0.3724137	3.492359
20622	-83.91221	-245.2793	161.367	0.7478093	0.1841449	2.022334
20628	-82.9415	-242.4725	159.531	0.3920264	0.2368739	3.455182
20634	-89.7438	-249.6662	159.9224	0.3609587	0.9283555	2.848392
20640	-86.43267	-246.4891	160.0564	0.8995387	0.009581152	2.848392
20646	-86.38602	-246.6772	160.2911	0.7033335	0.006829816	2.848392
20652	-84.43125	-244.2557	159.8244	1.145389	0.06347945	2.809252
20658	-87.29656	-245.4814	158.1848	1.435651	0.07921366	3.629292
20664	-93.78069	-252.6194	158.8387	1.114785	0.09625996	3.394264
20670	-84.63318	-244.1692	159.536	0.6203979	0.006273162	3.365951
20676	-85.21828	-244.1273	158.909	1.068341	0.07515668	3.39092
20682	-68.53625	-229.2381	160.7018	1.068341	0.2369289	2.196501
20688	-72.83185	-232.6364	159.8046	1.67969	0.7078292	2.158063
20694	-69.10191	-230.2022	161.1003	0.3558591	0.518785	2.379595
20700	-68.38032	-229.4436	161.0633	0.883025	0.1586679	2.135331
20706	-80.86803	-240.3765	159.5085	1.162877	0.4475317	2.758193
20712	-75.31729	-235.1291	159.8118	1.180333	0.1871669	2.722462
20718	-89.54246	-249.2603	159.7179	1.149666	0.3083771	2.722462
20724	-83.26011	-242.327	159.0669	1.135171	0.7885113	2.834643
20730	-84.6066	-244.8814	160.2748	0.9109113	0.1253531	2.636526
20736	-75.55313	-235.4194	159.8662	0.6524151	0.1404888	3.064503
20742	-68.96782	-228.6103	159.6425	0.8521579	0.4181409	2.883347
20748	-65.60795	-224.7362	159.1283	0.7319001	0.3520515	3.314772
20754	-70.67298	-231.0027	160.3297	0.7398836	0.5175002	2.481595
20760	-74.60392	-235.5405	160.9366	0.8125373	0.3943873	2.116222
20766	-86.45731	-245.0343	158.577	0.8125373	0.502564	3.492376
20772	-81.43564	-243.0369	161.6013	0.4828221	0.6168808	1.829693
20778	-82.27285	-243.0399	160.767	0.9830101	0.7716506	1.853543
20784	-79.25644	-239.9699	160.7135	1.229172	1.11096	1.485669
20790	-72.80371	-234.6301	161.8264	0.7829426	1.171548	0.8356027
20796	-74.42959	-235.6581	161.2285	0.7829426	1.85749	0.3358308
20802	-78.84367	-240.7661	161.9224	0.2656816	2.039631	0.3437639
20808	-66.57836	-228.7521	162.1737	0.4758899	1.260539	0.8357301
20814	-81.72339	-243.5577	161.8343	0.119917	1.197957	1.886256
20820	-81.89869	-242.5968	160.6981	0.6515787	0.8296937	2.120402
20826	-79.80647	-241.9568	162.1503	0.2186133	0.7496685	1.751882
20832	-81.59364	-243.5506	161.957	0.2460605	0.5909083	1.941853
20838	-77.51006	-238.3627	160.8527	0.7736863	0.7174253	1.988634
20844	-76.2577	-237.6838	161.4261	0.153764	0.2655364	2.66763
20850	-71.14683	-232.1683	161.0215	0.7171426	0.2887244	2.205468
20856	-78.24284	-238.5171	160.2743	1.923232	0.0254311	2.195366
20862	-85.65673	-246.7424	161.0857	0.7125222	0.248624	2.193704
20868	-77.59356	-235.9254	158.3318	2.156091	0.3389152	3.11794
20874	-83.14293	-245.5409	162.398	0.4586763	1.069732	0.8312576
20880	-80.03056	-241.9392	161.9086	0.4760412	0.677618	1.577151
20886	-85.21578	-246.3688	161.153	0.4760412	0.453092	2.243445
20892	-80.64124	-241.1682	160.527	0.4804413	0.09827051	2.8497
20898	-94.63146	-256.4555	161.8241	0.2807468	0.1425242	2.265718
20904	-79.49896	-240.0836	160.5846	1.254019	0.1921524	2.19383
20910	-72.68366	-233.7485	161.0649	0.9301824	0.4179453	1.928642
20916	-71.71249	-233.086	161.3735	0.6898085	0.4542517	1.886273
20922	-66.92617	-227.4434	160.5173	0.8692287	0.4350253	2.31905
20928	-71.99107	-233.2177	161.2266	0.362801	0.1847415	2.501189
20934	-75.30754	-237.0167	161.7091	0.7840039	0.7267339	1.359284
20940	-86.60862	-246.2744	159.6657	0.6163557	0.3572251	3.084883
20946	-79.55712	-240.6477	161.0906	0.3373078	0.5754267	2.374805
20952	-93.90119	-253.5207	159.6195	1.299291	0.5467	2.556868
20958	-83.20526	-241.9774	158.7722	1.286785	0.2592868	3.249208
20964	-83.84509	-243.9154	160.0704	1.4093	0.5327736	2.225244
20970	-73.41153	-233.1214	159.7099	1.003514	0.3832967	2.766174
20976	-85.48739	-245.799	160.3116	0.8367031	0.2711356	2.57436
20982	-81.75844	-241.4434	159.685	1.290251	0.7129524	2.416487
20988	-84.38271	-243.6907	159.308	0.6258294	0.7863532	3.034158
20994	-85.44019	-245.4409	160.0007	0.6258294	0.4212387	2.836717
21000	-86.53932	-246.4755	159.9361	0.6857774	0.845793	2.565617
21006	-78.54827	-238.5066	159.9583	1.318288	0.3402209	2.464585
21012	-84.76134	-243.9031	159.1418	1.318288	0.2601466	3.013412
21018	-86.042	-246.2689	160.2269	1.337942	0.1595734	2.399284
21024	-83.76847	-241.6211	157.8526	1.263133	0.4628864	3.679177
21030	-75.53564	-237.8056	162.27	0.5703288	0.7543973	1.104249
21036	-76.28621	-237.9286	161.6424	0.7232594	0.7231111	1.471672
21042	-76.58415	-237.8014	161.2172	0.4572019	0.4326614	2.236286
21048	-80.90883	-239.8708	158.962	0.4860125	0.3416165	3.626292
21054	-77.41889	-237.0582	159.6393	1.398575	0.4694124	2.543407
21060	-82.65986	-244.0612	161.4013	0.4286002	0.1495996	2.332561
21066	-85.37972	-246.5689	161.1891	1.248787	0.2000157	1.787409
21072	-80.24692	-240.1691	159.9222	1.036891	0.2589368	2.692171
21078	-72.42184	-232.2622	159.8403	1.280944	0.1219552	2.692171
21084	-87.43852	-249.8675	162.429	0.3853946	1.259164	0.7112836
21090	-79.59827	-240.6725	161.0743	1.624635	1.259164	0.7115516
21096	-82.10859	-243.0785	160.9699	1.624635	1.082522	1.043495
21102	-73.28681	-234.3892	161.1024	1.620073	0.1649525	1.673889
21108	-69.88424	-230.8652	160.981	0.4810728	0.3563772	2.409136
21114	-74.56299	-235.2008	160.6378	1.138966	0.3331726	2.132936
21120	-88.87793	-249.7139	160.836	1.634441	0.6878046	1.478731
21126	-75.64978	-237.6958	162.046	0.5498326	1.169221	0.9483369
21132	-71.89052	-232.6116	160.7211	1.206726	0.714473	1.780186
21138	-78.59016	-239.8419	161.2517	1.387193	0.1297085	1.714204
21144	-72.12902	-232.6738	160.5448	0.6518204	0.02996298	2.721557
21150	-66.78652	-228.1228	161.3363	0.7437563	0.1357915	2.077982
21156	-74.57741	-234.7276	160.1502	1.876196	0.3580727	2.077982
21162	-83.1659	-245.4656	162.2996	0.6767683	0.7746597	0.9036567
21168	-73.82168	-235.1018	161.2801	1.568388	0.2448762	1.512467
21174	-79.05965	-240.6523	161.5926	0.556182	0.4835436	1.846044
21180	-77.40369	-238.9283	161.5246	0.5385914	0.576879	1.847372
21186	-72.74464	-232.6672	159.9226	0.5215051	0.551609	2.900074
21192	-90.06619	-250.8869	160.8207	1.480291	0.5798978	1.650189
21198	-88.00836	-249.6816	161.6732	0.5503465	0.8028423	1.56941
21204	-74.51069	-236.0782	161.5675	0.1315871	0.2779233	2.621994
21210	-78.82136	-239.3212	160.4998	0.8091914	0.1742541	2.537345
21216	-71.74984	-232.435	160.6852	1.517241	0.04535013	2.089705
21222	-78.20261	-238.7444	160.5418	1.673292	0.07943465	2.089705
21228	-83.08228	-243.2691	160.1868	1.742135	0.3887318	2.089705
21234	-83.82161	-243.2923	159.4707	0.9524838	0.123276	3.098432
21240	-76.22381	-236.1546	159.9308	1.059142	0.3016218	2.647416
21246	-75.20306	-235.7053	160.5022	2.07588	0.2370887	1.843373
21252	-75.30178	-235.8402	160.5384	1.474781	0.3289959	2.01993
21258	-76.99898	-237.0646	160.0657	2.064267	0.2541912	2.128292
21264	-77.85246	-237.7741	159.9216	1.237011	0.4277393	2.475056
21270	-83.65569	-242.7997	159.144	0.5574456	0.1918279	3.540877
21276	-75.4621	-236.6383	161.1762	1.132803	1.197123	1.106306
21282	-75.52393	-238.0474	162.5234	0.3498023	1.121737	0.8695055
21288	-75.66836	-236.9687	161.3003	0.6422688	1.365137	1.321586
21294	-80.32733	-242.0175	161.6902	0.6959365	1.417777	0.8341952
21300	-76.42137	-238.0317	161.6103	0.8262289	1.430116	0.7014067
21306	-79.67218	-241.1334	161.4612	0.6033846	1.878316	0.3554146
21312	-80.65546	-241.4662	160.8107	1.372959	1.725418	0.3547108
21318	-69.45918	-231.6072	162.148	0.326996	1.725418	0.4448016
21324	-72.78647	-234.4975	161.7111	0.4855431	1.810183	0.3526815
21330	-71.53196	-233.197	161.665	0.524684	1.810183	0.3772845
21336	-69.81175	-231.495	161.6832	0.524684	1.810183	0.4110589
21342	-71.73999	-232.6037	160.8637	1.65692	1.07243	1.130702
21348	-70.92688	-232	161.0732	1.660367	1.07243	0.9237239
21354	-72.82572	-234.6369	161.8112	0.9687555	1.07243	0.7049517
21360	-80.03243	-241.4083	161.3759	0.4367756	0.9895435	1.783675
21366	-72.44114	-233.2505	160.8094	2.150414	1.196752	0.7166439
21372	-69.74099	-231.9629	162.2219	0.4193863	0.9548984	1.192852
21378	-72.6306	-233.9849	161.3543	0.1341797	0.6776879	2.500093
21384	-73.1558	-233.9601	160.8043	0.1973325	0.2728972	2.955899
21390	-77.90543	-239.4716	161.5661	0.06300028	0.03807453	2.949024
21396	-83.67361	-242.7676	159.094	1.617712	0.1910383	2.949024
21402	-77.83149	-240.1527	162.3212	0.2621053	1.358753	1.045499
21408	-76.05115	-237.6665	161.6154	0.2980132	1.271928	1.615714
21414	-82.80424	-244.8052	162.001	0.6541714	1.058571	0.9527328
21420	-82.5966	-244.0562	161.4596	0.7538966	1.031946	1.344135
21426	-88.12054	-249.5309	161.4104	0.8141478	0.6266375	1.632502
21432	-88.5308	-248.6344	160.1036	0.8133799	0.8089689	2.384621
21438	-82.29447	-243.2682	160.9738	0.7942044	1.195156	1.553436
21444	-74.57977	-236.7867	162.2069	0.2276257	0.6640406	1.754524
21450	-70.99917	-230.7131	159.7139	0.2026669	0.5191356	3.446853
21456	-76.85884	-235.851	158.9921	0.3136513	0.07091139	3.957815
21462	-73.71685	-235.8596	162.1428	0.1644477	0.0525739	2.329947
21468	-74.6672	-235.6457	160.9785	0.4122694	0.05050428	2.677726
21474	-66.94814	-227.1008	160.1527	0.755835	0.2656659	2.734694
21480	-72.40991	-232.2909	159.881	2.127627	0.4080836	2.125
21486	-65.1557	-226.6052	161.4495	0.3579006	0.4116309	2.222207
21492	-90.92279	-252.9056	161.9828	0.6427604	1.306804	0.66804
21498	-84.30579	-244.7395	160.4337	1.157623	0.8389215	1.921491
21504	-78.1158	-238.729	160.6132	0.5137659	0.5678036	2.473321
21510	-79.16412	-239.5435	160.3794	0.4269339	0.2617238	2.897434
21516	-78.44431	-239.7323	161.288	0.2045638	0.5490309	2.476792
21522	-81.10575	-241.9594	160.8537	1.009965	0.1012205	2.22275
21528	-82.13317	-243.849	161.7158	1.209084	0.02302549	1.562216
21534	-91.74827	-252.8711	161.1228	0.5701876	1.154753	1.690771
21540	-82.33958	-244.0825	161.7429	0.5606856	1.21824	1.173625
21546	-84.63275	-246.1681	161.5353	0.3502247	1.23444	1.616979
21552	-81.71908	-242.8369	161.1179	1.159918	1.105859	1.216248
21558	-77.68003	-238.8593	161.1793	1.159918	1.527659	0.6943866
21564	-76.1239	-236.1941	160.0702	1.021589	0.5257381	2.443914
21570	-73.96908	-235.0147	161.0457	0.4417502	0.6438909	2.228432
21576	-78.50522	-240.4847	161.9795	0.2368668	0.1574273	2.228432
21582	-93.93476	-253.754	159.8193	1.148975	0.197207	2.728844
21588	-85.15138	-244.5399	159.3885	1.837192	0.1147264	2.728844
21594	-86.53874	-246.1177	159.5789	0.6406956	0.1439328	3.242764
21600	-82.10262	-242.7178	160.6152	0.6395327	0.5999379	2.332773
21606	-77.52112	-237.7485	160.2274	1.088702	0.3539767	2.412489
21612	-85.288	-246.1532	160.8652	2.011409	0.0009547058	1.781497
21618	-89.73594	-250.7116	160.9757	2.011409	0.003955714	1.701896
21624	-79.69876	-239.9401	160.2414	2.011409	0.1684526	2.089357
21630	-76.72066	-236.9084	160.1877	1.67619	0.03937866	2.343024
21636	-72.10389	-232.8824	160.7785	0.7442377	0.05287744	2.488083
21642	-78.68419	-239.9684	161.2842	1.836299	0.01593904	1.546843
21648	-77.28649	-238.6266	161.3401	0.4065437	0.02943607	2.473177
21654	-75.65527	-237.1207	161.4654	0.4065437	0.1364541	2.326413
21660	-74.34965	-234.4111	160.0615	1.046519	0.5599601	2.412546
21666	-79.07003	-240.7605	161.6904	0.4458151	0.4990737	1.893335
21672	-71.5641	-232.0966	160.5325	0.4681308	0.7713068	2.444236
21678	-72.51828	-232.8898	160.3715	2.351808	0.7228499	1.481969
21684	-82.13831	-243.4079	161.2696	1.30349	0.2451488	1.667025
21690	-73.34165	-233.3027	159.961	0.9579071	0.5525274	2.53562
21696	-70.03698	-231.8378	161.8008	0.2161768	0.1923633	2.357115
21702	-70.48667	-231.907	161.4203	0.6267563	0.1973749	2.084036
21708	-74.3855	-234.764	160.3786	0.9250863	0.05803263	2.604698
21714	-75.92573	-236.837	160.9113	0.4715976	0.1292096	2.604698
21720	-74.32494	-235.2022	160.8772	0.9023324	0.2770544	2.165748
21726	-77.36095	-239.1848	161.8238	0.5392126	0.7419171	1.51587
21732	-77.93165	-239.053	161.1213	0.3584188	0.7419171	2.220185
21738	-80.58833	-241.678	161.0896	1.127667	0.7419171	1.547269
21744	-78.60825	-240.4449	161.8366	0.4940453	1.095852	1.287315
21750	-67.79998	-228.4396	160.6396	0.571513	0.4496914	2.474264
21756	-76.80755	-236.7663	159.9588	2.047606	0.1270184	2.285792
21762	-72.98659	-234.6358	161.6492	0.8189997	0.0179483	1.887065
21768	-70.86551	-231.9817	161.1162	0.6411811	0.1014357	2.329683
21774	-72.07161	-231.5646	159.493	1.411061	0.7407297	2.459252
21780	-74.91064	-236.8279	161.9173	0.5572359	0.8696837	1.323427
21786	-67.5426	-228.6762	161.1336	0.4122148	0.5981101	2.236356
21792	-79.03472	-238.9585	159.9237	1.259621	0.7824838	2.236356
21798	-67.88528	-228.5903	160.705	1.511928	0.04796626	2.077496
21804	-60.74083	-221.9314	161.1906	0.8579549	0.2651732	1.999475
21810	-62.78859	-224.0219	161.2333	0.4064638	0.518056	2.23074
21816	-72.1117	-233.6108	161.4991	0.687434	0.6696583	1.650569
21822	-71.06591	-231.943	160.877	1.065128	0.846872	1.667764
21828	-89.03209	-249.757	160.7249	0.6968007	0.8205061	2.069076
21834	-76.91875	-236.6378	159.7191	1.977332	0.5022644	2.225074
21840	-75.51784	-236.2459	160.7281	0.5192604	0.821513	2.233621
21846	-68.08935	-228.7941	160.7048	0.6171293	0.5087667	2.353794
21852	-66.70098	-229.1715	162.4705	0.3707916	0.7103979	1.268957
21858	-63.5424	-224.2757	160.7333	0.3707916	0.6224426	2.525686
21864	-63.62386	-224.9269	161.3031	0.307794	0.5537992	2.295109
21870	-79.81992	-238.6533	158.8333	1.249075	0.6327039	3.009315
21876	-74.5388	-235.5429	161.0041	0.5918479	1.005417	1.855051
21882	-75.67095	-237.1086	161.4377	0.679342	0.7319625	1.65763
21888	-74.88087	-237.535	162.6542	0.2623177	0.7459713	1.290337
21894	-62.291	-223.4765	161.1855	0.9776014	1.051327	1.347915
21900	-74.2463	-234.6187	160.3724	0.7044698	0.5256689	2.477915
21906	-69.26676	-230.7139	161.4471	0.3656666	0.3580239	2.24798
21912	-87.00816	-246.5852	159.577	0.6877918	0.8141921	2.804083
21918	-71.85833	-233.3737	161.5153	0.4932717	0.9222003	1.663644
21924	-86.16068	-248.4307	162.27	0.2377854	1.014917	1.432123
21930	-90.59809	-249.646	159.0479	0.9820468	0.6686196	3.007052
21936	-83.60054	-244.4242	160.8237	0.2762766	0.2426686	2.83305
21942	-75.69942	-235.3982	159.6988	0.941975	0.3473753	2.83305
21948	-81.56428	-242.5839	161.0196	0.4661482	0.126622	2.544936
21954	-79.7665	-241.2882	161.5217	0.3647013	0.3998904	2.174046
21960	-81.77333	-242.6806	160.9073	2.093646	0.4023508	1.424174
21966	-72.18855	-232.4112	160.2227	0.472259	0.4416615	2.834472
21972	-80.20049	-239.1803	158.9798	1.474322	0.3674997	2.973484
21978	-85.92562	-247.0835	161.1578	1.395372	0.1887891	1.734226
21984	-72.89094	-232.7794	159.8885	0.9936555	0.4396047	2.628014
21990	-71.40789	-231.5145	160.1066	0.745101	0.2652731	2.771209
21996	-79.04677	-239.0364	159.9896	0.9735636	0.3472339	2.635192
22002	-82.48257	-243.916	161.4334	0.4098512	0.8526681	1.872676
22008	-75.78864	-238.388	162.5994	0.1865876	1.36166	0.9767749
22014	-69.66055	-231.1344	161.4739	0.5957036	1.887662	0.3696636
22020	-71.0768	-233.0842	162.0074	0.3875488	1.744115	0.5358136
22026	-82.56365	-244.4381	161.8745	0.446306	1.744115	0.6208202
22032	-81.83354	-243.8695	162.036	0.4005405	1.609614	0.7324316
22038	-82.41384	-244.3896	161.9758	0.4779695	1.609614	0.5402572
22044	-71.60378	-233.6806	162.0768	0.2276855	1.609614	1.124087
22050	-78.97927	-239.8204	160.8412	0.3230506	1.244417	2.125065
22056	-74.97404	-236.4656	161.4916	0.8287992	0.6676689	1.530716
22062	-76.40051	-236.8099	160.4094	0.5157875	0.1617887	2.846966
22068	-84.59946	-246.7478	162.1483	0.44048	1.136067	1.061232
22074	-86.08772	-246.6081	160.5204	2.674632	0.8896635	1.092643
22080	-84.64643	-246.6389	161.9925	0.4837244	0.7635433	1.440358
22086	-85.33342	-246.5433	161.2098	0.4837244	0.6518797	2.068485
22092	-84.43167	-245.3848	160.9531	0.1861222	1.254758	2.27734
22098	-77.50633	-238.5611	161.0548	0.511081	1.254758	1.733553
22104	-79.31699	-238.483	159.166	1.124296	0.1728584	3.150709
22110	-76.52156	-237.8703	161.3487	1.124296	0.8573683	1.258113
22116	-78.43879	-239.0938	160.655	2.207029	1.100477	0.9859839
22122	-78.05093	-239.1073	161.0564	1.843882	1.100477	0.7623501
22128	-74.53392	-235.4517	160.9178	1.412067	0.7627861	1.482303
22134	-79.13419	-239.0752	159.941	1.412067	0.5263803	2.31093
22140	-80.46714	-241.5703	161.1032	1.971933	0.8360036	0.933382
22146	-73.36876	-233.9981	160.6293	1.971933	0.8684353	1.331854
22152	-74.91691	-234.7865	159.8696	2.876405	0.3713854	1.91108
22158	-81.01813	-241.3375	160.3194	1.385259	0.5698281	2.050683
22164	-74.62803	-233.5652	158.9371	1.85036	0.5108549	2.757606
22170	-81.961	-241.8267	159.8657	1.136495	0.2124161	2.69799
22176	-77.75654	-239.0634	161.3068	0.7929145	0.6908579	1.678546
22182	-83.99969	-245.488	161.4883	0.4700184	0.5209084	1.986148
22188	-83.51627	-243.0622	159.546	0.7507983	0.6627274	2.866084
22194	-86.11076	-246.8845	160.7738	1.322452	0.8692845	1.562885
22200	-88.78995	-249.8225	161.0325	0.8484523	1.023239	1.590374
22206	-89.693	-250.7782	161.0852	1.642018	0.3081361	1.571889
22212	-75.50502	-236.7135	161.2085	1.018339	0.6973393	1.568981
22218	-78.20741	-239.9584	161.751	0.5062597	0.4571215	1.80971
22224	-65.48948	-226.9878	161.4983	0.5062597	0.4751451	1.969295
22230	-67.76702	-230.124	162.357	0.3019855	0.9995874	1.246875
22236	-65.75779	-226.4729	160.7151	1.346261	0.9995874	1.495459
22242	-62.04717	-223.1448	161.0977	0.7422946	0.498951	1.99666
22248	-69.16983	-230.2033	161.0335	0.2723009	0.476869	2.566535
22254	-70.53499	-230.9558	160.4208	1.160037	0.5973884	2.089567
22260	-71.64886	-232.5624	160.9136	1.618452	1.096355	1.087566
22266	-72.45139	-234.1466	161.6952	1.34943	0.8191922	0.7478683
22272	-72.07742	-233.3265	161.2491	1.098389	1.481238	0.7478683
22278	-78.0586	-240.6557	162.5971	0.2576686	1.245101	0.8888465
22284	-72.05156	-234.7548	162.7032	0.1466437	1.334434	1.032482
22290	-67.06436	-229.4038	162.3394	0.2677781	1.337058	1.035071
22296	-70.85526	-232.1702	161.3149	1.218322	1.058642	1.035071
22302	-65.28837	-227.4811	162.1927	0.4187318	1.212231	0.9822705
22308	-74.74018	-235.3253	160.5851	0.3516681	0.6645988	2.616035
22314	-74.62984	-234.0821	159.4522	1.169375	0.1418155	2.973946
22320	-63.69733	-225.3562	161.6589	0.5225781	0.0318959	2.138656
22326	-65.72812	-227.1494	161.4213	0.2026183	0.6565161	2.328372
22332	-71.64245	-234.3031	162.6607	0.2026183	0.8883334	1.302246
22338	-81.27807	-243.979	162.7009	0.2058593	1.275057	0.8983386
22344	-74.07475	-234.9653	160.8906	1.937075	0.8147435	1.176469
22350	-76.71272	-238.5656	161.8529	0.5386134	0.8853435	1.384913
22356	-78.7218	-239.5803	160.8585	1.49659	0.8853435	1.384913
22362	-83.50274	-244.3212	160.8184	2.091201	0.8816237	1.10096
22368	-80.01025	-238.9989	158.9887	1.27422	0.3212606	3.090072
22374	-81.00405	-240.5017	159.4977	1.27422	0.01489593	2.968731
22380	-71.11607	-231.8331	160.7171	1.27422	0.03485389	2.198969
22386	-69.4957	-229.6205	160.1248	1.32403	0.09402312	2.511545
22392	-77.68068	-237.8218	160.1411	2.820754	0.6685442	1.52684
22398	-77.13407	-238.0915	160.9574	2.074973	0.2832401	1.484807
22404	-63.28192	-224.4324	161.1505	0.7583247	0.6267056	1.861362
22410	-70.68564	-231.0781	160.3925	1.650922	0.4121323	1.978188
22416	-71.5091	-233.408	161.8989	1.10239	0.04698046	1.479272
22422	-68.16387	-228.8741	160.7102	1.10239	0.502834	1.995329
22428	-60.74588	-221.4798	160.7339	1.448857	0.07675354	2.070311
22434	-68.87301	-229.7069	160.8339	1.73995	0.1520757	1.814638
22440	-84.87567	-246.0157	161.14	1.800194	0.09242957	1.613097
22446	-83.33358	-243.4948	160.1613	1.478893	0.4257473	2.201665
22452	-82.18672	-243.0717	160.885	0.6245137	0.4074389	2.296865
22458	-76.17656	-236.6585	160.4819	0.7619992	0.2486837	2.537335
22464	-74.41923	-235.9216	161.5024	0.7619992	0.4086848	1.765829
22470	-81.46747	-241.9905	160.523	0.7514645	0.5392853	2.336786
22476	-78.92663	-240.3655	161.4389	0.7514645	0.6955826	1.616394
22482	-81.55767	-244.1244	162.5668	0.2560081	1.067324	1.102977
22488	-83.88629	-246.8095	162.9232	0.07010252	1.659207	0.7736399
22494	-75.71311	-237.3615	161.6484	0.6633983	1.659207	0.4919616
22500	-74.41474	-235.7427	161.3279	0.8315214	1.659207	0.2994725
22506	-71.62012	-233.127	161.5068	0.9937183	1.330676	0.73881
22512	-78.95902	-240.8367	161.8777	0.4234923	1.797391	0.5752144
22518	-85.66568	-247.4257	161.76	0.5562022	1.698575	0.4595289
22524	-76.63171	-238.7929	162.1612	0.3346557	1.698575	0.4595289
22530	-83.53122	-246.5135	162.9823	0.07117785	1.698575	0.5625041
22536	-86.71093	-248.5675	161.8566	0.49244	1.698575	0.5698242
22542	-93.35854	-255.6558	162.2972	0.2639915	1.698575	0.6390512
22548	-80.46668	-242.7499	162.2832	0.2502753	1.300342	1.161535
22554	-79.39299	-242.3603	162.9673	0.102066	1.259902	1.01533
22560	-78.69867	-240.5955	161.8969	0.3735523	1.445152	1.125733
22566	-78.91249	-240.7929	161.8804	0.4623929	1.445152	0.9827739
22572	-66.47692	-228.5604	162.0835	0.469666	1.493068	0.6233015
22578	-74.23399	-236.7998	162.5658	0.2395953	1.4594	0.7057835
22584	-78.7995	-241.4869	162.6874	0.3725745	1.006725	0.7428145
22590	-69.67619	-230.9968	161.3206	1.07517	0.9843398	1.213472
22596	-80.92575	-242.1598	161.234	0.9095232	0.4665968	1.794763
22602	-68.39485	-229.695	161.3001	0.5555786	0.6122318	1.957774
22608	-76.52118	-237.311	160.7899	0.7306235	0.5341811	2.185433
22614	-73.54236	-236.1171	162.5747	0.1544722	0.8856414	1.491225
22620	-63.8651	-225.6036	161.7385	0.696894	1.262981	0.9537866
22626	-65.86995	-227.9936	162.1237	0.4297694	1.2269	1.016203
22632	-62.7701	-224.9597	162.1896	0.3789521	1.101634	1.161218
22638	-66.54256	-227.6575	161.1149	0.3895325	1.019408	2.001383
22644	-67.07061	-228.6087	161.5381	0.597753	0.4742349	1.847179
22650	-76.0189	-236.2513	160.2324	0.7549118	0.5536227	2.508206
22656	-81.84777	-242.3702	160.5224	0.8472794	0.154562	2.508206
22662	-78.51151	-240.6524	162.1409	0.4002171	0.8427103	1.380737
22668	-84.37438	-247.1287	162.7543	0.1904534	1.457219	0.6108575
22674	-94.81235	-255.7725	160.9602	0.8874372	1.371589	1.348022
22680	-78.84613	-241.6556	162.8095	0.1427862	0.9858616	1.260113
22686	-87.17546	-248.8218	161.6463	1.01318	0.9858616	0.9656718
22692	-81.45323	-242.5033	161.05	1.844845	0.8771624	1.024772
22698	-83.84556	-245.1142	161.2686	0.614167	1.245983	1.470004
22704	-85.56378	-248.0182	162.4544	0.3349213	0.5466673	1.470004
22710	-78.16294	-238.6529	160.4899	1.193273	0.5271537	2.070938
22716	-78.94842	-239.5981	160.6497	1.341445	0.4801161	1.912931
22722	-79.18897	-240.3831	161.1941	1.261805	1.175512	1.002595
22728	-69.54557	-230.9782	161.4326	1.14943	0.8218646	1.198028
22734	-81.69164	-243.1241	161.4325	1.14943	1.167188	0.8592477
22740	-74.97602	-236.5863	161.6102	0.4783164	1.188512	1.414554
22746	-76.21424	-236.9856	160.7713	1.308907	0.6937459	1.699192
22752	-65.55113	-225.4553	159.9042	0.8113135	0.5106877	2.696062
22758	-68.65849	-228.4183	159.7599	1.347217	0.5084406	2.468954
22764	-72.57916	-232.8694	160.2902	0.9592908	0.2261704	2.532959
22770	-77.5421	-237.3496	159.8075	2.241877	0.2391706	2.241652
22776	-82.9596	-242.9831	160.0235	1.453219	0.3721245	2.336719
22782	-75.77329	-236.8265	161.0532	0.7923537	0.5260205	1.967552
22788	-82.95298	-244.2963	161.3433	0.9964786	0.9595525	1.27921
22794	-86.97013	-247.0747	160.1045	1.03485	0.5999079	2.367201
22800	-77.71003	-238.6867	160.9767	0.651661	0.7876582	1.963681
22806	-86.8751	-247.8821	161.007	0.9476737	1.185858	1.406675
22812	-88.82161	-248.9309	160.1093	3.107643	1.075442	1.125042
22818	-87.21202	-248.4385	161.2265	0.6339044	1.156671	1.547444
22824	-79.19744	-239.9735	160.7761	0.6339044	0.8093934	2.098606
22830	-92.50214	-252.149	159.6469	0.7390334	0.9695638	2.625715
22836	-84.29675	-245.7028	161.406	0.8291234	1.052074	1.299056
22842	-79.62208	-241.5178	161.8957	0.4425639	1.111454	1.299056
22848	-77.39342	-239.2977	161.9043	0.5015883	1.408237	0.9266457
22854	-78.92874	-240.8331	161.9044	0.6411531	1.423103	0.5768349
22860	-67.86478	-229.5843	161.7196	0.2213693	0.9715468	1.890487
22866	-75.14114	-236.2699	161.1287	0.2498439	0.7285701	2.384949
22872	-80.94123	-242.8689	161.9277	0.2120625	0.5467447	2.053452
22878	-82.27392	-244.5675	162.2936	0.2714954	0.6082925	1.651277
22884	-68.46122	-230.4356	161.9744	0.3642117	1.067905	1.390822
22890	-84.64611	-245.9087	161.2626	1.190659	1.440204	0.6492004
22896	-77.39266	-239.7213	162.3286	0.3635417	1.440204	0.6407906
22902	-70.7659	-233.4615	162.6956	0.2733247	0.9540605	1.047613
22908	-68.68147	-229.9694	161.2879	0.2144079	0.2468384	2.64682
22914	-66.11641	-227.4213	161.3049	0.5946729	0.2746944	2.139173
22920	-74.30304	-234.568	160.2649	0.8893754	0.2978587	2.55023
22926	-68.31637	-227.5687	159.2524	1.420734	0.444935	2.786172
22932	-71.97582	-233.5978	161.622	0.1864544	0.6964531	2.205529
22938	-77.98352	-240.0271	162.0436	0.2288954	0.7200253	1.826562
22944	-70.20403	-231.9594	161.7553	0.2972911	1.120958	1.624914
22950	-72.63572	-232.989	160.3533	0.6869597	0.5448168	2.492237
22956	-82.10143	-244.2268	162.1254	0.4596758	0.4152329	1.630876
22962	-78.28163	-240.3339	162.0523	0.5772144	1.138558	0.9299256
22968	-76.96038	-238.3365	161.3761	0.3713958	0.9075871	1.925443
22974	-67.85843	-228.6953	160.8369	0.737763	0.9275444	1.887468
22980	-81.12999	-242.0932	160.9633	1.538355	0.7260055	1.403776
22986	-70.60112	-232.8232	162.2221	0.5228974	0.861001	1.117847
22992	-70.2384	-231.1301	160.8917	1.485099	0.861001	1.384612
22998	-69.90025	-230.281	160.3808	1.860242	0.553895	1.797089
23004	-77.86957	-238.5329	160.6633	1.169197	0.2297326	2.165995
23010	-76.93064	-235.363	158.4324	0.9630821	0.1528421	3.683868
23016	-73.33978	-233.24	159.9002	0.4353526	0.05998783	3.294372
23022	-73.45749	-232.7824	159.3249	0.5556023	0.1121294	3.483578
23028	-70.98384	-231.8755	160.8917	1.234558	0.6021093	1.722703
23034	-85.11338	-246.296	161.1826	0.8087655	0.2532191	2.05013
23040	-78.78451	-240.6253	161.8408	0.5052574	0.171151	1.944559
23046	-77.78452	-237.7852	160.0007	0.5870699	0.09506056	3.066802
23052	-77.07302	-238.3295	161.2565	0.323681	0.1088633	2.581812
23058	-71.28231	-232.6683	161.386	0.3861941	0.1122832	2.417059
23064	-82.66612	-243.9375	161.2713	0.413302	0.1224	2.449934
23070	-81.87318	-242.0533	160.1801	1.126119	0.125746	2.563191
23076	-81.11094	-241.154	160.0431	0.7376885	0.5239868	2.657201
23082	-81.36398	-242.3972	161.0332	0.2489917	0.3007753	2.711984
23088	-71.54687	-231.0191	159.4723	1.187652	0.1066746	2.973312
23094	-65.85187	-225.0644	159.2126	0.6133379	0.2523061	3.417238
23100	-79.96238	-239.4902	159.5279	0.3282313	0.1370161	3.592169
23106	-82.55404	-244.6332	162.0791	0.311864	1.071862	1.394182
23112	-77.99281	-238.899	160.9062	1.391	1.627096	0.6582175
23118	-71.24604	-233.3883	162.1422	0.4624725	0.9112872	1.231584
23124	-70.16901	-231.8951	161.7261	0.4624725	0.9112872	1.556833
23130	-82.80783	-244.4111	161.6032	0.5132926	0.9207729	1.577287
23136	-83.89435	-245.059	161.1646	0.8201944	0.9207729	1.59232
23142	-82.1387	-243.3813	161.2426	1.556317	0.9334531	0.9682266
23148	-79.85702	-241.6843	161.8273	0.5663748	0.8800868	1.375596
23154	-72.41699	-234.0465	161.6295	1.039132	0.8541026	1.085895
23160	-79.31616	-241.3208	162.0046	0.3014143	0.8987484	1.598309
23166	-79.17081	-240.1307	160.9599	0.6171954	0.3080188	2.319145
23172	-76.13806	-236.6912	160.5531	0.6171954	0.3517308	2.54768
23178	-80.63721	-239.9843	159.3471	0.7093249	0.3271744	3.217258
23184	-73.22924	-235.2074	161.9782	0.4498762	0.8911245	1.398223
23190	-66.26125	-228.1725	161.9113	0.608038	0.9965359	1.158886
23196	-64.74628	-227.0902	162.3439	0.457274	1.253838	0.624261
23202	-65.91002	-228.1766	162.2666	0.3299696	1.60344	0.5426596
23208	-64.97755	-227.2071	162.2296	0.3087421	1.60344	0.7400657
23214	-72.10404	-232.8112	160.7071	0.2952712	0.8625596	2.495009
23220	-66.71525	-228.331	161.6158	0.05344616	0.3405037	2.764371
23226	-62.62186	-224.4899	161.8681	0.2646863	0.8387983	1.800573
23232	-73.64781	-236.0034	162.3556	0.4379672	1.005067	0.9912836
23238	-67.94471	-228.9833	161.0386	0.401761	0.4702486	2.391215
23244	-70.33146	-231.896	161.5645	0.5967012	0.5855083	1.752902
23250	-83.00129	-243.3168	160.3155	0.6797464	0.6808137	2.43663
23256	-75.52052	-236.243	160.7225	0.4244523	1.00816	2.222327
23262	-77.26232	-237.4547	160.1924	2.778808	0.8775191	1.341356
23268	-71.97668	-233.1147	161.138	1.442719	1.122312	0.9673746
23274	-72.09018	-232.9745	160.8844	2.255155	0.1436774	1.569056
23280	-77.89068	-237.4768	159.5862	2.305377	0.8055139	1.993711
23286	-66.58099	-227.791	161.21	0.9623839	0.253514	1.918976
23292	-78.69272	-238.8991	160.2064	1.241658	0.5669621	2.202802
23298	-68.02535	-227.4095	159.3841	0.5566485	0.2178559	3.386076
23304	-70.47819	-231.6681	161.19	0.5390711	0.579713	2.069748
23310	-72.39543	-233.1967	160.8013	2.565573	0.4703465	1.258272
23316	-80.23631	-240.0502	159.8139	2.963992	0.3664186	1.926392
23322	-66.97274	-227.1343	160.1615	1.216279	0.3705845	2.371108
23328	-68.90358	-229.8657	160.9621	1.48729	0.2861534	1.754367
23334	-74.11238	-236.0983	161.986	0.6644746	1.013706	0.9997565
23340	-84.72395	-247.2354	162.5115	0.473374	0.898233	0.8706268
23346	-66.21066	-227.4191	161.2084	0.5755286	0.3102133	2.197201
23352	-67.60915	-229.7167	162.1075	0.4187223	0.4201741	1.693133
23358	-67.57348	-228.8198	161.2464	0.8965185	0.4585284	1.801516
23364	-71.7982	-233.8198	162.0216	0.4235974	0.7519137	1.507648
23370	-68.57547	-230.6864	162.1109	0.204807	1.002011	1.628995
23376	-67.5328	-230.1171	162.5843	0.204807	0.956641	1.303579
23382	-72.35954	-234.6356	162.276	0.3980075	1.204381	0.9447636
23388	-83.56387	-244.2316	160.6677	0.7714679	1.011792	1.916924
23394	-73.0536	-235.5993	162.5457	0.09743905	0.877178	1.67877
23400	-72.01809	-233.6081	161.59	0.2761366	0.5875488	2.136523
23406	-71.52227	-233.8948	162.3726	0.3692671	1.110255	1.000916
23412	-65.95777	-227.489	161.5312	0.6806006	0.9997679	1.386994
23418	-63.73863	-225.6665	161.9279	0.1659636	0.7981503	1.980922
23424	-65.81689	-226.9807	161.1638	0.5634141	0.6017519	2.047666
23430	-67.83896	-229.4817	161.6428	0.4230961	0.6099695	1.878482
23436	-70.1915	-233.3054	163.1139	0.1777194	0.833027	1.018954
23442	-70.60973	-232.506	161.8962	0.4279269	1.126166	1.308328
23448	-76.58235	-237.1133	160.531	0.6121692	0.9339272	2.197239
23454	-68.50557	-230.9168	162.4112	0.2050197	1.048235	1.368158
23460	-73.48887	-233.3227	159.8338	1.21822	0.1070021	2.737826
23466	-71.83697	-231.207	159.37	1.109654	0.5775077	2.792838
23472	-79.41208	-239.3915	159.9794	1.420786	0.8308302	2.084639
23478	-82.30123	-242.5035	160.2023	0.9031721	0.2262044	2.624199
23484	-81.8819	-241.8586	159.9767	0.8261772	0.1043136	2.888896
23490	-80.1298	-240.558	160.4282	0.5148502	0.04964134	2.904346
23496	-81.99711	-242.7413	160.7442	0.5499231	0.1622904	2.608555
23502	-76.48804	-237.9969	161.5088	0.1726441	0.4340925	2.472317
23508	-73.24788	-235.6269	162.379	0.2571792	0.1833772	1.912535
23514	-80.04206	-241.9852	161.9431	0.3111761	0.6005714	1.836364
23520	-76.29152	-236.2739	159.9823	0.5802924	0.3198115	2.949043
23526	-78.33669	-240.4454	162.1087	0.383136	1.107064	1.219083
23532	-75.18521	-237.4162	162.231	0.1131464	1.105101	1.694055
23538	-88.73422	-249.6566	160.9224	1.033927	0.8219203	1.674665
23544	-86.71033	-246.7932	160.0829	1.714367	0.4219152	2.147965
23550	-71.73387	-233.006	161.2722	1.14163	1.32444	0.8712072
23556	-82.02396	-243.1157	161.0918	0.1783529	0.9446864	2.40192
23562	-74.77678	-236.1828	161.406	0.4759953	0.5112969	2.040457
23568	-67.09077	-227.5713	160.4805	1.076431	0.2290216	2.33863
23574	-68.38922	-228.0405	159.6513	0.624344	0.1097508	3.233753
23580	-69.72866	-230.5566	160.8279	0.3601528	0.004042244	2.860758
23586	-71.27176	-231.1277	159.8559	0.5278853	0.1112879	3.197248
23592	-67.31049	-228.305	160.9945	0.5622278	0.04451785	2.514498
23598	-69.24737	-230.744	161.4966	0.5622278	0.02171024	2.21041
23604	-68.47874	-228.77	160.2912	1.473762	0.2369335	2.242099
23610	-65.11418	-226.8939	161.7797	0.3345579	1.02723	1.614304
23616	-64.18844	-226.0396	161.8512	0.5372648	0.9008136	1.375804
23622	-77.58579	-239.0651	161.4793	0.1869158	1.084053	2.04444
23628	-84.81532	-246.3647	161.5494	0.2941681	1.10448	1.787469
23634	-74.58315	-236.0975	161.5144	0.4709226	0.444255	2.018799
23640	-65.71098	-226.7053	160.9943	0.5200981	0.03699477	2.560356
23646	-75.04586	-236.3324	161.2865	0.6129878	0.01427842	2.301999
23652	-74.00485	-233.8808	159.876	1.097098	0.005889821	2.839864
23658	-72.2832	-233.0987	160.8155	0.3410304	0.002152026	2.893772
23664	-75.87141	-236.6718	160.8004	0.3296146	0.04201977	2.893772
23670	-83.47905	-245.4571	161.978	0.6991362	0.09469646	1.708025
23676	-78.82953	-238.9187	160.0892	1.197373	0.06026255	2.620662
23682	-77.12021	-237.6161	160.4958	0.2168692	0.07616647	3.223172
23688	-80.22004	-241.8894	161.6694	0.308437	1.063124	1.709187
23694	-79.0291	-240.6657	161.6366	0.4753328	0.8942592	1.618364
23700	-84.72151	-247.4195	162.698	0.1357088	1.031312	1.334814
23706	-77.83227	-239.7141	161.8818	0.2325752	0.4090271	2.136172
23712	-77.65039	-237.9218	160.2714	0.564955	0.9130223	2.4207
23718	-82.35219	-242.1966	159.8444	0.5108539	0.3051521	3.105171
23724	-73.99516	-234.3544	160.3592	0.6707479	0.5542822	2.496109
23730	-80.45177	-239.895	159.4432	0.653429	0.8061042	2.918008
23736	-85.67294	-245.3333	159.6604	1.142545	0.05058671	2.918008
23742	-78.5151	-237.7127	159.1976	1.579932	0.1652685	2.918008
23748	-92.02549	-251.7539	159.7284	0.9571091	0.5360374	2.690143
23754	-80.00791	-241.246	161.2381	0.7916496	1.385188	1.197802
23760	-76.54272	-238.7864	162.2437	0.4245487	1.385188	0.6837922
23766	-82.95722	-244.4302	161.473	1.192639	0.8917646	1.064717
23772	-78.96398	-241.1416	162.1776	0.3668098	1.002385	1.276394
23778	-91.33237	-252.5615	161.2291	0.5669116	1.026326	1.709904
23784	-94.72297	-255.4077	160.6847	2.423038	1.038485	0.9000647
23790	-90.84439	-251.2105	160.3661	2.94773	1.022887	0.9953951
23796	-84.81213	-245.3989	160.5867	2.713304	0.9067046	0.9953951
23802	-84.36378	-244.8261	160.4623	2.18576	0.2793432	1.799492
23808	-79.76603	-239.1079	159.3418	1.548535	0.03341596	2.924023
23814	-88.92438	-250.1403	161.2159	1.248011	0.0992719	1.838915
23820	-84.04711	-245.6097	161.5626	0.7376774	0.05890442	1.983882
23826	-77.63338	-238.7643	161.131	0.2842919	0.02512153	2.76654
23832	-77.81575	-238.4615	160.6457	0.9824542	0.05385	2.40322
23838	-77.54598	-238.002	160.456	0.8818445	0.2440226	2.469695
23844	-75.91586	-236.3789	160.4631	1.502762	0.9784075	1.608751
23850	-64.73616	-226.1199	161.3837	0.4957754	0.9509469	1.733572
23856	-66.06162	-228.2958	162.2341	0.1224449	0.4455629	2.114805
23862	-72.2075	-234.8841	162.6766	0.0886629	0.9399301	1.566486
23868	-69.92476	-232.4873	162.5625	0.3509307	0.8450434	1.108588
23874	-80.55433	-240.872	160.3177	0.2015072	0.2079061	3.277009
23880	-74.60174	-236.0788	161.4771	0.1911572	0.482335	2.425256
23886	-70.17462	-230.7817	160.6071	0.6168866	0.5382086	2.397219
23892	-76.38385	-236.4309	160.047	1.040827	0.8918694	2.213513
23898	-75.01041	-235.8579	160.8475	0.4598644	0.9955044	2.107795
23904	-78.5408	-239.7403	161.1995	1.719113	0.7394099	1.090285
23910	-82.65853	-243.2413	160.5828	1.443587	0.4062841	1.954265
23916	-84.94934	-245.3747	160.4253	0.7614819	0.1067912	2.660589
23922	-78.26747	-238.7003	160.4328	1.102323	0.1142113	2.426107
23928	-77.7229	-237.8372	160.1143	1.102323	0.07420013	2.649411
23934	-74.51674	-236.1677	161.6509	0.5563208	0.2147427	1.988292
23940	-71.51208	-233.5389	162.0268	0.5069726	0.5150548	1.571734
23946	-70.12377	-229.6374	159.5137	0.3918548	0.299204	3.429069
23952	-69.55787	-229.8903	160.3324	1.080617	0.5828939	2.204145
23958	-80.75956	-241.7983	161.0387	0.6360855	0.409008	2.186463
23964	-68.04846	-229.3013	161.2528	0.7519906	0.6019797	1.813419
23970	-74.28517	-235.0357	160.7505	1.209199	0.6349681	1.813419
23976	-71.41625	-232.0731	160.6568	1.209199	0.8264901	1.745381
23982	-72.18606	-233.0298	160.8438	0.6549929	0.8103788	2.034096
23988	-70.17848	-230.6221	160.4436	1.827857	0.5390487	1.777855
23994	-66.76019	-227.7095	160.9494	0.838132	0.8545811	1.777855
24000	-65.0777	-226.7474	161.6697	0.8907086	0.2795004	1.633601
24006	-73.68457	-234.2711	160.5865	1.581232	0.4503595	1.853716
24012	-72.77336	-233.122	160.3486	1.270355	0.4607897	2.163758
24018	-76.17129	-236.4524	160.2811	0.5537784	0.7265477	2.54211
24024	-73.46829	-233.7465	160.2783	0.5537784	0.5069555	2.67969
24030	-77.01871	-238.1093	161.0906	0.7561789	0.9096228	1.708295
24036	-79.46682	-238.5335	159.0666	1.128365	0.77658	2.84579
24042	-70.98101	-231.4852	160.5041	1.131295	0.6132682	2.041208
24048	-70.17165	-231.8525	161.6809	0.5605742	0.9303962	1.456688
24054	-75.33688	-236.0713	160.7344	1.208853	0.9098535	1.631202
24060	-69.31867	-230.9865	161.6678	0.4277058	0.9132607	1.643111
24066	-66.96803	-228.6383	161.6702	0.1614398	0.4106802	2.40886
24072	-65.1264	-227.5237	162.3973	0.1614398	0.6832398	1.748986
24078	-73.80731	-234.1879	160.3806	0.856638	0.7965896	2.183507
24084	-69.5355	-232.2057	162.6702	0.2560562	1.352537	0.6228923
24090	-71.98766	-234.0643	162.0766	0.5271533	1.058487	1.063529
24096	-76.31864	-237.3298	161.0111	1.620776	0.9620226	1.119698
24102	-79.31766	-239.8713	160.5537	0.6783447	0.4775282	2.415835
24108	-87.29946	-247.4458	160.1463	0.6688394	0.08009354	2.919231
24114	-77.68135	-237.5265	159.8451	1.110273	0.4557665	2.575319
24120	-72.87647	-232.6027	159.7262	0.5422336	0.6192358	2.957927
24126	-69.22699	-229.9021	160.6751	0.7688561	0.6192358	2.174007
24132	-62.76251	-223.2947	160.5322	0.5275036	0.4360777	2.592113
24138	-69.39656	-231.0678	161.6712	0.8259189	1.005839	1.115037
24144	-74.97047	-236.0299	161.0594	0.7797776	0.4243748	2.041157
24150	-68.37103	-229.4121	161.0411	1.68347	0.8331226	1.169633
24156	-75.64804	-236.7789	161.1309	1.423283	0.6889325	1.368431
24162	-69.40788	-230.5681	161.1603	1.024601	0.8109253	1.516048
24168	-68.32718	-229.5535	161.2263	1.366365	0.7641718	1.2665
24174	-91.15912	-252.1464	160.9872	1.103025	0.4402147	1.850014
24180	-78.96348	-238.0164	159.0529	0.7853736	0.5634718	3.195619
24186	-77.39166	-238.0157	160.624	0.9527911	0.4160827	2.205146
24192	-74.8765	-235.4837	160.6072	1.122831	0.7524069	1.883899
24198	-69.00981	-229.6319	160.622	1.122831	0.2124892	2.230962
24204	-78.34784	-239.3615	161.0137	0.8665411	0.01557225	2.271761
24210	-90.02009	-249.6137	159.5937	2.814769	0.01328185	2.343826
24216	-78.37273	-238.2761	159.9034	1.228254	0.2438871	2.60553
24222	-82.55087	-242.2369	159.686	0.9144287	0.2886673	2.893992
24228	-69.76124	-231.0414	161.2801	0.1416866	0.4622021	2.662682
24234	-71.2258	-232.0796	160.8538	0.07418438	0.3467681	3.158183
24240	-69.94553	-232.3237	162.3782	0.1174838	0.2831208	2.139545
24246	-70.91764	-231.8958	160.9782	0.5751192	0.1833168	2.425513
24252	-72.50114	-233.9346	161.4334	0.4216755	0.09963412	2.352031
24258	-72.17996	-233.5989	161.4189	0.1377742	0.6001329	2.499891
24264	-67.89635	-230.2321	162.3357	0.2424501	1.062148	1.333866
24270	-63.84629	-224.0101	160.1638	1.629466	0.7026769	1.946564
24276	-67.95054	-228.2108	160.2602	2.102705	0.3169082	1.943255
24282	-73.96892	-235.8232	161.8543	0.6914371	1.227017	0.8734653
24288	-75.58245	-237.2955	161.713	0.5956491	1.227017	1.146286
24294	-75.37565	-236.774	161.3983	0.5159277	0.8825844	1.748115
24300	-72.23236	-233.7699	161.5375	0.8137705	0.8825844	1.343889
24306	-73.46825	-233.9235	160.4552	1.863181	0.9203658	1.477964
24312	-74.08822	-235.3511	161.2629	0.186531	0.207624	2.73737
24318	-84.17202	-245.894	161.722	0.1791369	0.6254038	2.201691
24324	-84.57105	-246.2309	161.6598	0.3822468	0.7064336	1.854481
24330	-82.03211	-243.7465	161.7144	0.3828628	0.6521006	1.853484
24336	-81.01377	-241.9339	160.9202	0.5231042	0.7296546	2.164764
24342	-85.21513	-247.0154	161.8003	0.7612994	0.7787424	1.265876
24348	-91.48339	-251.5096	160.0262	1.767628	0.2423686	2.278056
24354	-88.22646	-248.9039	160.6774	0.8071914	0.1730284	2.4284
24360	-80.50397	-241.007	160.5031	0.46109	0.3263217	2.745727
24366	-84.91492	-245.6683	160.7533	0.7115556	0.6024557	2.180591
24372	-84.69038	-244.0785	159.3881	1.151049	0.5759087	2.759749
24378	-86.60133	-246.6357	160.0344	2.316948	0.3079603	2.022511
24384	-85.81733	-245.3728	159.5555	0.8991836	0.3494748	2.945934
24390	-90.82778	-249.8533	159.0256	1.124901	0.4545545	3.066229
24396	-71.2812	-231.5153	160.2341	0.992324	0.2809858	2.512795
24402	-76.87692	-236.6032	159.7263	0.992324	0.0834904	2.94475
24408	-77.64187	-239.0848	161.443	0.2775757	0.5085676	2.280342
24414	-79.54721	-241.5834	162.0361	0.4046243	0.9484539	1.373326
24420	-78.98359	-240.4298	161.4462	0.6186433	1.18734	1.373326
24426	-78.8015	-240.9862	162.1847	0.3381885	0.8217286	1.460568
24432	-76.27624	-235.9587	159.6824	0.225912	0.5407244	3.413584
24438	-70.92691	-232.4026	161.4757	0.4436217	1.008355	1.691722
24444	-73.68114	-235.3588	161.6777	0.7809419	1.475032	0.5533505
24450	-75.38625	-236.8789	161.4926	0.6971859	1.348122	1.109643
24456	-77.68682	-238.7717	161.0849	0.8589356	1.402283	1.247257
24462	-78.82159	-240.2633	161.4417	0.4584691	0.904298	1.77027
24468	-81.87709	-242.0155	160.1384	1.649142	0.5326613	2.067683
24474	-74.31286	-234.3896	160.0767	0.9396464	0.6781075	2.3962
24480	-80.96616	-240.9541	159.9879	2.155603	0.5246298	1.966819
24486	-88.07278	-248.9092	160.8364	0.3423177	1.197411	2.131426
24492	-73.46935	-234.3131	160.8437	0.6752297	0.5272695	2.201577
24498	-67.64343	-229.0066	161.3631	0.9395405	0.5678365	1.609051
24504	-70.007	-231.2436	161.2366	0.489382	0.7999682	1.945662
24510	-77.14751	-238.084	160.9365	0.9153345	1.079238	1.565844
24516	-77.99799	-238.9464	160.9484	0.9153345	0.9858077	1.625221
24522	-68.00245	-229.8507	161.8482	0.5648839	0.9858077	1.275679
24528	-56.45529	-217.5087	161.0534	1.270658	1.063131	1.22605
24534	-73.06868	-234.0181	160.9494	0.6031482	1.276921	1.692533
24540	-77.61784	-239.5137	161.8959	0.6031482	1.467547	0.6293232
24546	-82.57558	-243.7604	161.1848	1.153233	1.587934	0.5169584
24552	-76.12746	-237.5034	161.3759	1.106595	1.375109	0.7022433
24558	-83.7352	-245.4536	161.7184	0.5338918	1.375109	1.092378
24564	-86.22462	-247.8745	161.6499	0.7852289	1.360739	0.8160907
24570	-93.45529	-255.0226	161.5673	0.4877912	1.046431	1.542286
24576	-82.88113	-245.1258	162.2446	0.4040289	1.009797	1.15043
24582	-85.68812	-247.3731	161.685	0.6478285	1.176435	1.15043
24588	-85.0132	-246.6576	161.6444	0.6294937	1.111377	1.262449
24594	-80.63291	-243.0943	162.4614	0.2343496	1.502577	0.8160386
24600	-81.74613	-243.8749	162.1288	0.4988928	1.303304	0.7881927
24606	-75.79921	-235.9143	160.1151	3.001858	1.44351	0.7718982
24612	-73.43295	-234.457	161.0241	0.5178001	0.6578392	2.149445
24618	-67.46086	-229.6855	162.2246	0.1905996	0.4361734	1.971969
24624	-79.12223	-238.9762	159.8539	0.4306189	0.7012771	2.945151
24630	-66.28381	-228.0139	161.7301	0.2244524	0.3259548	2.302187
24636	-73.60958	-235.2383	161.6288	0.3139165	0.36548	2.197796
24642	-69.25716	-230.7718	161.5146	0.3617463	1.021103	1.766074
24648	-69.50764	-231.6204	162.1128	0.2409177	1.074501	1.499884
24654	-70.24076	-231.6838	161.4431	0.7647929	0.8332531	1.499884
24660	-76.39037	-237.8948	161.5044	0.1582607	0.8076484	2.268674
24666	-72.24472	-235.2522	163.0075	0.1355247	1.274408	0.8076632
24672	-73.23253	-234.9118	161.6793	0.3122003	1.436242	1.421091
24678	-73.85894	-235.1305	161.2716	0.9474796	0.8859713	1.434042
24684	-68.30203	-228.9637	160.6617	0.7217227	0.4063044	2.356856
24690	-68.99772	-229.5647	160.567	0.7668044	0.09777938	2.574583
24696	-75.99471	-236.2976	160.3029	0.7382895	0.1119172	2.750177
24702	-79.99441	-239.8053	159.8109	0.2636242	0.3419678	3.3962
24708	-84.55906	-246.5802	162.0212	0.6870002	1.040805	0.902277
24714	-85.19298	-248.0457	162.8527	0.102119	1.370565	1.018964
24720	-73.86182	-235.9445	162.0826	0.3968752	1.054763	1.262192
24726	-67.22332	-229.098	161.8747	0.6690126	1.314986	0.7732332
24732	-75.94693	-236.8981	160.9511	0.5042009	0.8497125	2.086084
24738	-73.16491	-233.7255	160.5606	0.9447899	0.4321212	2.241072
24744	-70.00487	-231.0864	161.0816	0.765138	0.8939052	1.717981
24750	-77.91406	-239.5715	161.6575	0.2601965	1.179035	1.717981
24756	-76.21189	-238.1431	161.9313	0.449719	1.084305	1.281772
24762	-74.80263	-236.0943	161.2917	0.4857443	0.4985662	2.11322
24768	-73.99858	-236.8334	162.8349	0.2049689	0.601538	1.386378
24774	-68.55891	-231.1858	162.6269	0.2049689	1.00269	1.229889
24780	-73.42523	-235.7879	162.3626	0.6029624	0.1268451	1.501096
24786	-65.79426	-227.7695	161.9753	0.2360023	0.02441644	2.317917
24792	-68.26504	-227.8894	159.6243	0.6747436	0.03589506	3.252392
24798	-83.7071	-243.7391	160.032	0.4762421	0.5337353	2.890043
24804	-77.78577	-237.5016	159.7158	0.8954989	0.4294227	2.802909
24810	-69.71544	-230.956	161.2405	0.5424986	0.05074311	2.375049
24816	-77.78471	-236.8962	159.1115	1.122562	0.638351	2.905517
24822	-72.68099	-232.7197	160.0387	0.6029292	0.3484291	2.877664
24828	-74.2348	-235.1262	160.8914	1.177265	0.298887	1.965133
24834	-75.31042	-234.86	159.5496	0.4626768	0.3197241	3.319203
24840	-74.15436	-235.0395	160.8852	0.5774521	0.04145729	2.570157
24846	-68.46654	-228.1696	159.703	0.7549099	0.4066082	2.922889
24852	-68.37297	-227.9809	159.608	0.7549099	0.1076011	3.158716
24858	-68.93316	-229.7775	160.8443	0.8609374	0.5901074	2.011473
24864	-70.27939	-231.9023	161.6229	0.4578936	0.5240575	1.907633
24870	-73.36116	-234.8045	161.4433	0.4222266	0.9276805	1.798339
24876	-77.10928	-239.5272	162.4179	0.08077637	0.9463036	1.772156
24882	-81.5144	-241.6588	160.1444	0.5137584	0.7676939	2.640492
24888	-76.39247	-237.8194	161.427	0.4366612	0.391128	2.15111
24894	-85.57514	-245.1026	159.5274	0.1900862	0.4285552	3.630303
24900	-84.93568	-245.1268	160.1911	0.6350657	0.1974082	2.84918
24906	-82.70423	-243.3932	160.689	0.2515982	0.3412438	2.892703
24912	-81.49646	-242.2427	160.7462	0.663152	0.7259922	2.146378
24918	-69.7154	-230.1512	160.4358	0.455475	0.1805007	2.881282
24924	-65.09341	-226.4434	161.35	0.6024126	0.6597805	1.844307
24930	-80.14629	-237.5731	157.4269	1.877625	0.5059036	3.646465
24936	-83.31882	-243.4235	160.1047	0.7637773	1.129385	2.217
24942	-78.24307	-239.0184	160.7753	0.6893896	0.8666181	2.011593
24948	-77.25006	-239.3882	162.1381	0.1006535	0.9404776	1.908048
24954	-75.27149	-236.1835	160.912	0.1282807	0.6188745	2.822313
24960	-71.08146	-231.4495	160.368	1.367085	0.592761	2.012649
24966	-76.68756	-237.2041	160.5165	1.367085	0.4794343	1.989207
24972	-61.13588	-221.9134	160.7775	0.658777	0.6980029	2.148127
24978	-68.58087	-230.8611	162.2802	0.1717214	0.9895984	1.589526
24984	-73.73869	-234.5222	160.7835	0.9499212	0.5756061	1.99777
24990	-77.75756	-237.393	159.6354	1.280876	0.04120567	2.866402
24996	-91.47742	-252.1403	160.6628	0.7695378	0.7399515	2.10268
25002	-78.76638	-239.1358	160.3694	0.8987103	0.5309719	2.331525
25008	-66.5232	-227.0904	160.5672	0.8301464	0.2451413	2.435615
25014	-64.75601	-225.9495	161.1935	1.03773	0.6484429	1.601748
25020	-62.18488	-223.4528	161.268	1.03773	1.307932	0.998463
25026	-67.97492	-229.023	161.0481	0.7318593	1.014591	1.685425
25032	-69.50884	-231.0054	161.4966	0.3332939	1.213999	1.685425
25038	-68.74098	-231.0494	162.3084	0.2998146	0.9081467	1.364527
25044	-70.50841	-232.3168	161.8084	0.4170869	0.7963166	1.640298
25050	-70.48466	-232.3536	161.869	0.2645884	1.32571	1.447751
25056	-71.86189	-232.6803	160.8184	0.6439523	1.681991	1.448951
25062	-72.83958	-234.7323	161.8928	0.5727	1.293516	0.9420856
25068	-80.9594	-242.8576	161.8982	0.5727	1.480601	0.6904496
25074	-71.95605	-233.6173	161.6613	0.4677791	1.676456	0.9606518
25080	-79.92805	-242.1117	162.1837	0.116306	1.508623	1.422176
25086	-77.82811	-239.9098	162.0817	0.3019548	1.821482	0.640676
25092	-77.66304	-240.2628	162.5997	0.1497878	1.188554	1.245333
25098	-74.95393	-237.0665	162.1126	0.4335653	1.308879	0.936409
25104	-72.97792	-235.1175	162.1396	0.4505586	0.8522956	1.299886
25110	-69.85241	-231.3736	161.5212	0.1245638	0.5774577	2.48109
25116	-75.96595	-235.983	160.0171	0.3590696	0.4772519	3.065225
25122	-74.10118	-235.7975	161.6963	0.3225366	0.4913756	2.058732
25128	-75.12443	-236.7826	161.6582	0.1442709	1.012843	2.067075
25134	-63.5325	-224.3561	160.8236	0.5603792	0.9171292	2.067075
25140	-58.57709	-220.6088	162.0317	0.6497351	1.121967	0.8539967
25146	-68.09827	-229.0527	160.9544	1.000734	0.4978547	1.900285
25152	-76.68611	-236.1778	159.4917	0.5680032	0.7567363	2.992447
25158	-83.11523	-244.7991	161.6839	0.1467203	0.5886697	2.319601
25164	-81.75418	-242.9175	161.1633	0.4162536	0.6815421	2.158214
25170	-78.85385	-240.1834	161.3295	0.1734765	0.7400595	2.39091
25176	-90.18246	-249.7584	159.5759	0.1214994	0.9444269	3.439503
25182	-75.55224	-236.0358	160.4835	0.2295131	0.406927	3.012431
25188	-70.71517	-230.8683	160.1532	0.3064078	0.08941769	3.282807
25194	-84.54586	-245.2078	160.662	2.601908	0.06974	1.657212
25200	-82.52534	-242.5069	159.9816	1.637578	0.01560271	2.504403
25206	-75.82074	-236.3634	160.5427	0.7056311	0.3618911	2.472914
25212	-71.61268	-232.4706	160.858	0.5695176	0.2365079	2.472914
25218	-68.59798	-228.4026	159.8047	0.5818379	0.3811097	3.017562
25224	-65.7335	-228.1109	162.3774	0.4137893	1.095949	0.91986
25230	-70.8129	-233.047	162.2341	0.3481818	0.8063636	1.418189
25236	-84.72538	-246.5476	161.8222	0.3561609	1.400399	1.259367
25242	-73.75397	-236.3876	162.6336	0.187276	1.479574	0.7995336
25248	-72.6779	-235.6883	163.0104	0.09493385	1.503948	0.7036692
25254	-81.12147	-243.9271	162.8056	0.1266357	1.503948	0.815156
25260	-74.9713	-237.5201	162.5488	0.1726788	1.499214	0.931836
25266	-79.02389	-240.9583	161.9344	0.1360426	0.6719136	2.129155
25272	-80.1489	-241.5782	161.4293	0.2569126	0.8077965	2.129155
25278	-76.99607	-238.3758	161.3797	0.3157716	1.006743	1.936247
25284	-77.55914	-239.9908	162.4317	0.2528087	0.8309865	1.418687
25290	-79.57219	-240.7533	161.1811	0.3870018	0.2509595	2.457674
25296	-73.99669	-233.393	159.3963	0.5891635	0.3461089	3.274706
25302	-67.40724	-227.2555	159.8483	2.463378	0.4568261	1.997624
25308	-71.51985	-230.0131	158.4932	0.5779109	0.1268826	3.936208
25314	-88.05441	-247.1677	159.1133	0.7524442	0.1859414	3.406075
25320	-86.56905	-248.4654	161.8963	0.4883483	1.104648	1.23851
25326	-91.02599	-253.6419	162.6159	0.1646978	1.104648	1.259293
25332	-80.9495	-243.7032	162.7537	0.2859894	0.9306977	0.9829678
25338	-76.6271	-238.4616	161.8345	0.767858	0.7614941	1.245142
25344	-74.01692	-235.7494	161.7325	0.5574108	0.8797201	1.459661
25350	-78.71448	-241.2436	162.5291	0.1427732	1.074531	1.413409
25356	-78.65088	-241.8764	163.2255	0.07623909	0.8169608	1.281425
25362	-66.38118	-228.8718	162.4906	0.07628804	0.8702883	1.788883
25368	-75.98239	-239.0063	163.0239	0.05252628	0.6530629	1.64758
25374	-73.1801	-235.2896	162.1095	0.3498198	0.6833687	1.60079
25380	-77.37567	-239.1383	161.7627	1.044363	0.03176052	1.631488
25386	-68.67432	-228.8786	160.2042	0.394603	0.367281	2.97624
25392	-81.43472	-240.4909	159.0562	1.042273	0.2978693	3.187577
25398	-74.04868	-235.4108	161.3621	0.335465	0.4904162	2.258378
25404	-72.7671	-234.5116	161.7445	0.2497199	0.6136405	2.061942
25410	-73.11797	-232.125	159.007	1.445994	0.617758	2.818608
25416	-75.99557	-237.6869	161.6913	0.7923117	0.06818284	1.845387
25422	-67.58808	-228.4213	160.8332	1.171068	0.5829265	1.815327
25428	-64.24781	-225.2417	160.9939	0.9305267	1.014903	1.559123
25434	-64.89576	-225.5198	160.624	2.598885	1.026739	0.8844847
25440	-65.69094	-227.9845	162.2935	0.5067483	1.048281	0.8844847
25446	-69.25007	-230.404	161.154	1.116802	0.8757904	1.404884
25452	-68.36089	-229.2037	160.8428	2.361864	0.571175	1.223893
25458	-74.96455	-236.14	161.1755	2.215904	0.3155578	1.223893
25464	-69.35839	-229.7987	160.4403	1.671325	0.224003	2.062189
25470	-83.56244	-243.7019	160.1395	0.8878672	0.4772375	2.51767
25476	-87.35766	-246.9388	159.5811	1.751763	0.3185322	2.51767
25482	-84.67339	-244.4453	159.7719	1.751763	0.09822254	2.536045
25488	-83.71688	-243.1408	159.424	2.515299	0.01736551	2.536045
25494	-81.6953	-241.7476	160.0523	1.128114	0.3029603	2.531309
25500	-84.00751	-244.7126	160.7051	0.3254004	0.9961632	2.368921
25506	-73.99091	-235.1803	161.1894	0.2657782	0.3724324	2.544648
25512	-79.90309	-241.6584	161.7553	0.4927491	0.1948227	1.999786
25518	-79.37447	-240.4912	161.1168	1.001691	1.412071	1.078139
25524	-85.93555	-247.383	161.4475	0.7631485	1.556684	0.8572943
25530	-81.13743	-242.2788	161.1414	1.204079	1.556684	0.6334514
25536	-72.5738	-234.9036	162.3298	0.3044376	1.590048	0.5778671
25542	-79.03464	-241.2188	162.1842	0.3044376	1.739492	0.5624969
25548	-72.44549	-235.1763	162.7308	0.2484614	0.5961376	1.377476
25554	-71.47642	-232.9743	161.4979	0.9929395	0.929503	1.177214
25560	-62.60103	-224.659	162.058	0.2517462	1.428795	1.241182
25566	-64.9563	-226.7611	161.8048	0.3046012	1.428795	1.342185
25572	-68.41324	-229.3094	160.8961	1.134696	0.8619797	1.596425
25578	-67.55411	-228.9004	161.3463	0.3672703	0.8322052	2.001605
25584	-70.03348	-231.6331	161.5996	0.4633208	0.8322052	1.704064
25590	-78.50336	-238.8765	160.3732	0.6205695	0.6998731	2.439468
25596	-76.13294	-237.1312	160.9982	0.9882394	0.8709601	1.617547
25602	-89.92422	-250.3865	160.4623	0.6709207	0.8123036	2.267402
25608	-83.87853	-245.0746	161.196	0.3877462	0.7222827	2.146032
25614	-77.60382	-238.3556	160.7518	0.419621	0.5973497	2.470474
25620	-87.46278	-248.3309	160.8681	0.6693432	0.277765	2.350902
25626	-79.66703	-240.6367	160.9697	0.6693432	0.2956005	2.274707
25632	-84.06407	-244.1486	160.0845	1.453829	0.6076383	2.145546
25638	-75.79213	-236.3981	160.6059	0.6252325	0.7937728	2.227359
25644	-74.97174	-237.9128	162.941	0.1860808	1.227619	0.7240795
25650	-76.44271	-238.8622	162.4195	0.1860808	1.819615	0.4414587
25656	-82.93542	-244.9784	162.043	0.2858206	1.819615	0.2990319
25662	-74.15972	-236.1273	161.9676	0.2858206	2.006756	0.5147567
25668	-76.30604	-238.16	161.854	0.2355302	2.006756	0.2275995
25674	-74.22465	-236.4832	162.2585	0.1702304	2.006756	0.3842324
25680	-75.8788	-238.1727	162.2939	0.3976579	1.369546	0.7125667
25686	-73.4263	-235.7559	162.3296	0.2726113	1.673154	0.5473507
25692	-86.4543	-248.0851	161.6308	0.5286856	1.673154	0.8872861
25698	-85.0415	-247.4113	162.3698	0.2321115	1.210289	1.20657
25704	-75.56701	-236.9936	161.4266	1.217906	0.7576433	1.20657
25710	-81.0837	-241.4488	160.3651	0.8110754	0.6106284	2.34627
25716	-73.72971	-235.2898	161.5601	0.6921805	0.119837	1.983798
25722	-74.26175	-234.4515	160.1897	2.22009	0.09627663	2.093714
25728	-77.90175	-237.471	159.5693	3.879194	0.2202834	1.953008
25734	-75.25821	-234.646	159.3878	3.879194	0.1202212	2.139355
25740	-78.8421	-239.3659	160.5238	2.2391	0.1934868	1.796392
25746	-78.95666	-239.8159	160.8592	1.250564	0.5154701	1.796392
25752	-81.80913	-242.0077	160.1985	2.135193	0.5569054	1.809274
25758	-76.71349	-238.0985	161.385	0.5682044	0.936301	1.661715
25764	-75.31388	-236.5539	161.2401	0.8025	0.9878791	1.502295
25770	-77.76042	-238.5897	160.8293	0.8025	1.007307	1.783837
25776	-95.03651	-255.8259	160.7894	1.796408	0.6775561	1.440431
25782	-79.34779	-241.0215	161.6737	0.7097301	0.7501345	1.440431
25788	-70.85319	-232.5982	161.745	0.4948803	0.754794	1.616951
25794	-77.0556	-238.5433	161.4877	0.878561	1.24276	1.008481
25800	-83.61162	-242.4494	158.8378	0.8879984	0.4166521	3.340066
25806	-80.98434	-242.9898	162.0054	0.4344674	0.8510219	1.429657
25812	-69.67221	-230.0169	160.3447	0.9267578	0.5704387	2.302979
25818	-67.90164	-228.6628	160.7611	2.347905	0.8831752	1.022412
25824	-72.91116	-233.548	160.6369	2.086866	1.225808	0.9439264
25830	-79.11768	-240.5743	161.4567	0.7806822	1.221485	1.161541
25836	-78.89869	-240.5314	161.6327	0.3123859	1.137469	1.676051
25842	-78.30117	-239.7884	161.4872	0.3887072	0.6274224	2.015558
25848	-77.64789	-238.6921	161.0442	0.6676681	0.7059245	1.958601
25854	-84.22345	-245.507	161.2835	0.5298091	0.7432869	1.907736
25860	-78.31154	-239.2553	160.9438	0.7531316	0.2732109	2.236472
25866	-74.89478	-235.5733	160.6785	1.28534	0.6723115	1.792816
25872	-69.79465	-230.9915	161.1968	0.6986044	0.7554592	1.792816
25878	-75.77077	-237.8792	162.1084	0.5425006	0.66543	1.352104
25884	-65.44612	-225.8128	160.3667	0.7249906	0.2924275	2.610272
25890	-86.02641	-245.6207	159.5943	1.535834	0.06253722	2.75868
25896	-85.87156	-246.5396	160.6681	0.7834636	0.2813815	2.383675
25902	-82.46542	-243.8614	161.396	0.7834636	0.9934957	1.396202
25908	-84.44591	-245.2357	160.7898	1.870255	0.8789205	1.242411
25914	-86.49455	-248.3153	161.8208	0.2913174	0.6620215	1.90935
25920	-85.86932	-245.3115	159.4422	0.5854988	0.6620215	3.063145
25926	-74.02437	-233.8708	159.8464	0.9746638	0.174498	2.82789
25932	-75.57236	-235.7755	160.2032	0.2303674	0.1576771	3.325504
25938	-69.64486	-229.8437	160.1989	0.4195408	0.3320692	2.972071
25944	-71.64772	-231.1896	159.5418	0.9032155	0.4823163	2.871333
25950	-70.15048	-230.6018	160.4514	0.3088437	0.1184869	3.085368
25956	-70.39741	-230.1547	159.7573	0.6724005	0.2762856	3.032243
25962	-67.28079	-228.443	161.1622	0.3143873	0.691394	2.287632
25968	-73.62712	-235.9236	162.2964	0.5166802	0.4036351	1.441498
25974	-75.67161	-237.64	161.9684	0.2806339	0.318769	2.057338
25980	-71.20253	-230.8534	159.6508	1.021902	0.3672957	2.800813
25986	-68.94168	-230.3912	161.4495	1.021902	0.1317096	1.797479
25992	-72.68959	-233.1791	160.4895	1.966151	0.5215972	1.698516
25998	-77.74102	-238.844	161.103	0.6613879	0.1729531	2.274752
26004	-71.57736	-232.2309	160.6535	0.7324014	0.5296966	2.274752
26010	-79.04441	-240.516	161.4716	0.1043415	0.9130218	2.351891
26016	-80.07014	-240.2757	160.2056	1.38834	0.5658738	2.126516
26022	-69.32279	-230.4738	161.151	0.5595571	0.4409347	2.165315
26028	-77.95228	-237.8228	159.8705	1.162	0.2229696	2.674425
26034	-78.08959	-239.6428	161.5532	0.9937084	0.06052713	1.794429
26040	-70.79305	-231.6904	160.8974	0.7335321	0.6231779	2.054455
26046	-78.4957	-238.5482	160.0525	2.181501	0.7320017	1.771391
26052	-69.23232	-230.3392	161.1069	0.4587855	0.5732109	2.215005
26058	-69.77929	-229.5035	159.7242	1.224168	0.2359246	2.722884
26064	-69.81396	-230.8738	161.0598	0.4020422	0.5783838	2.308728
26070	-68.26606	-228.8691	160.6031	0.612069	0.15221	2.64483
26076	-83.26561	-243.2289	159.9633	0.5953519	0.2292381	3.001592
26082	-83.78537	-244.0785	160.2931	0.4687891	0.1002238	3.001592
26088	-67.95594	-229.1924	161.2365	0.4632892	0.1353991	2.406666
26094	-82.89199	-242.9159	160.0239	0.4926058	0.2979478	3.020197
26100	-76.22338	-237.7634	161.54	0.26448	0.04958634	2.529426
26106	-74.91423	-235.5557	160.6414	1.492956	0.1260043	2.077145
26112	-82.14365	-241.9305	159.7869	1.542167	0.1190167	2.602808
26118	-65.00965	-225.784	160.7743	1.085981	0.2210607	2.148909
26124	-71.61198	-231.7796	160.1676	0.502973	0.1025426	3.04085
26130	-65.31831	-225.9295	160.6111	0.8880169	0.2092981	2.389622
26136	-76.59208	-237.3989	160.8069	1.562917	0.8867092	1.386727
26142	-79.42402	-240.3039	160.8799	0.3912849	0.515493	2.475447
26148	-72.56957	-234.9524	162.3828	0.3589303	1.144952	0.9768968
26154	-66.19684	-227.5713	161.3745	1.250793	1.302952	0.5776076
26160	-72.67835	-235.265	162.5867	0.2355093	1.50417	0.4258456
26166	-68.55926	-231.1602	162.601	0.3142504	1.297517	0.5740545
26172	-70.88553	-233.2185	162.333	0.4063651	1.297517	0.7386097
26178	-80.07335	-241.2923	161.2189	0.3454518	1.335403	1.776892
26184	-74.61831	-237.2419	162.6236	0.1668433	1.623625	0.6957206
26190	-74.49961	-237.3749	162.8753	0.08837461	0.9897098	1.379206
26196	-76.95188	-238.3532	161.4013	0.5080209	0.5760574	1.9647
26202	-84.21806	-244.0628	159.8447	0.5080209	0.1201554	3.217603
26208	-85.02069	-244.9631	159.9424	0.3549866	0.6639132	3.003261
26214	-69.12257	-229.999	160.8765	0.7045816	0.5201149	2.159946
26220	-76.96793	-237.3022	160.3343	1.216832	0.198215	2.370566
26226	-82.89264	-242.4613	159.5686	1.57173	0.6230594	2.411102
26232	-73.65663	-235.0693	161.4127	0.6652151	1.234492	1.311011
26238	-78.17543	-240.2491	162.0737	0.1851702	2.165009	0.5766253
26244	-88.44953	-250.2512	161.8017	0.2891053	2.165009	0.4915359
26250	-84.39479	-245.9817	161.5869	0.8573059	1.225238	0.9491051
26256	-73.78431	-235.8487	162.0644	0.3941534	0.8955218	1.408334
26262	-70.35765	-232.13	161.7724	0.3550052	1.266456	1.408334
26268	-67.74591	-229.2895	161.5436	0.6472929	1.377773	1.097096
26274	-73.26836	-234.3571	161.0888	0.6132668	1.086272	1.718525
26280	-88.51697	-248.5962	160.0793	0.9987963	0.1919237	2.659938
26286	-74.94236	-235.1707	160.2283	0.7064337	0.2336954	2.746086
26292	-82.64626	-242.3554	159.7091	1.422159	0.05277437	2.746086
26298	-92.57193	-253.6122	161.0402	0.5243303	0.1335639	2.467186
26304	-66.27331	-226.5165	160.2432	0.5499566	0.09367551	2.955865
26310	-68.94564	-229.4498	160.5041	0.7248253	0.1108483	2.637684
26316	-70.28445	-231.3924	161.1079	1.036101	0.004012487	2.10388
26322	-75.17367	-235.7108	160.5371	0.6607439	0.004480952	2.734415
26328	-68.8501	-229.9983	161.1482	0.6607439	0.0365681	2.333581
26334	-70.96017	-231.8811	160.921	0.7645961	0.04483429	2.38776
26340	-73.16825	-233.7125	160.5443	1.009969	0.5011356	2.164114
26346	-88.71786	-248.8169	160.099	1.009969	0.5619547	2.410188
26352	-84.97739	-246.926	161.9486	0.395118	1.515645	0.9675424
26358	-78.32782	-239.6957	161.3679	0.9719682	1.345216	0.9237545
26364	-74.13584	-236.1889	162.0531	0.3843338	0.7263025	1.559098
26370	-80.30916	-240.5827	160.2735	0.6343438	0.5372804	2.591058
26376	-75.05345	-233.9649	158.9114	0.1392645	0.3851425	4.106592
26382	-71.67765	-233.5164	161.8388	0.1474881	0.08073184	2.540165
26388	-80.83759	-241.172	160.3345	0.9770252	0.01148889	2.627389
26394	-78.98693	-239.4889	160.502	0.8077006	0.1890659	2.527865
26400	-79.85383	-240.1487	160.2948	1.472781	0.5157707	2.058517
26406	-80.83595	-241.0608	160.2248	0.9290618	0.2771195	2.561568
26412	-82.50554	-243.3821	160.8765	0.6921651	0.3484483	2.281124
26418	-83.27584	-242.7995	159.5236	2.059282	0.1673545	2.530757
26424	-70.34482	-232.5255	162.1807	0.2937473	0.956328	1.43739
26430	-68.9855	-229.862	160.8765	0.2937473	0.9292539	2.348496
26436	-68.65263	-230.328	161.6754	0.1464375	0.3067041	2.503459
26442	-67.65729	-229.113	161.4557	0.1432102	0.9959505	2.212723
26448	-73.68265	-235.9381	162.2554	0.261981	0.7922031	1.562808
26454	-73.11809	-235.2697	162.1516	0.4110952	0.8000192	1.389502
26460	-69.52924	-232.1917	162.6625	0.2048201	1.157349	1.061242
26466	-74.59444	-237.2078	162.6133	0.2566303	1.281864	0.828617
26472	-73.38561	-235.7421	162.3565	0.2210145	1.281864	1.182955
26478	-69.00559	-230.5995	161.5939	0.8201391	1.281864	0.9263197
26484	-66.03099	-227.9198	161.8888	0.6488849	1.291716	0.8221218
26490	-80.14171	-241.9816	161.8399	0.8905985	0.9477727	0.9359086
26496	-72.46139	-233.3699	160.9085	0.378856	0.9302232	2.209145
26502	-72.67392	-234.0761	161.4022	0.4426104	0.778573	1.903192
26508	-85.55731	-246.0629	160.5056	1.206248	0.8423372	1.841041
26514	-77.45875	-238.6101	161.1514	0.3565878	0.8906068	2.106414
26520	-76.39721	-238.4506	162.0534	0.3234608	0.9339562	1.4993
26526	-82.23349	-244.0848	161.8513	0.3392539	1.034436	1.549265
26532	-85.57423	-246.0429	160.4686	1.077104	0.7729827	1.99208
26538	-89.8749	-250.2384	160.3635	2.057949	1.040599	1.366431
26544	-77.89117	-238.9943	161.1031	0.2921477	1.007183	2.15516
26550	-84.13738	-246.1693	162.032	0.3958244	0.5806574	1.663697
26556	-84.9128	-246.393	161.4802	0.3054916	0.6601281	2.115239
26562	-67.74775	-229.1075	161.3598	0.5881323	0.8511006	1.71901
26568	-74.24294	-237.1091	162.8662	0.2004869	1.122849	0.9015122
26574	-75.09489	-236.5805	161.4856	0.8148895	1.037739	1.258962
26580	-90.44916	-252.6636	162.2144	0.355271	1.010484	1.258962
26586	-87.07564	-248.3141	161.2385	1.187409	1.010484	1.173602
26592	-70.48379	-232.2083	161.7245	0.2688854	1.004268	1.778081
26598	-68.32294	-230.1556	161.8326	0.589036	0.3369962	1.747045
26604	-74.32081	-237.2596	162.9388	0.2065027	1.140591	0.7659623
26610	-89.05958	-249.1967	160.1371	1.37218	2.24381	0.2424978
26616	-90.67141	-251.4523	160.7809	0.6008277	2.24381	0.1831189
26622	-82.63964	-244.3054	161.6658	0.2040414	2.230007	0.206857
26628	-77.06379	-238.5892	161.5254	0.2881307	2.135105	0.2025567
26634	-88.35174	-249.7435	161.3917	0.1535714	2.481997	0.1553852
26640	-87.18923	-249.7602	162.571	0.2133652	1.541701	0.6794021
26646	-78.65027	-241.3659	162.7157	0.2688242	1.2893	0.5794085
26652	-80.10147	-241.947	161.8455	0.6746963	1.258766	0.8725214
26658	-74.68986	-236.7049	162.015	0.3925236	1.006224	1.362883
26664	-74.32863	-237.3281	162.9995	0.2897934	0.6457801	1.013021
26670	-79.26627	-240.6131	161.3468	0.4032013	0.6457801	2.077686
26676	-84.2321	-245.664	161.4319	1.299658	0.5286303	1.334397
26682	-79.624	-241.0151	161.3911	1.565287	0.7010303	1.045306
26688	-78.72766	-239.6575	160.9298	1.356846	0.3123673	1.827836
26694	-68.9914	-230.2757	161.2842	0.8867206	1.735434	0.4130406
26700	-89.77669	-250.5808	160.8041	0.8644266	1.993429	0.2188408
26706	-94.97544	-255.9796	161.0041	0.8911984	1.993429	0.3800896
26712	-90.12859	-252.1585	162.03	0.2652163	1.993429	0.4686642
26718	-82.13279	-243.4312	161.2984	0.6590369	1.993429	0.4026628
26724	-85.91967	-246.7924	160.8728	0.7785474	2.102603	0.253861
26730	-85.41392	-246.1481	160.7342	0.9266623	2.07292	0.2532492
26736	-84.45731	-246.5444	162.0871	0.3859412	1.665454	0.4536308
26742	-87.63114	-247.9165	160.2854	1.358027	0.7488536	1.968409
26748	-92.71522	-252.4197	159.7045	2.538051	0.4455958	2.076042
26754	-79.75125	-239.895	160.1438	1.154455	0.1195813	2.573649
26760	-86.37749	-247.7147	161.3372	0.8960069	1.474155	0.9035185
26766	-70.75445	-233.0158	162.2614	0.4594525	0.9825808	1.067541
26772	-75.88073	-236.3496	160.4688	0.4791172	1.105781	2.260271
26778	-77.65513	-237.6394	159.9843	2.901304	0.9401316	1.412882
26784	-79.59501	-240.2648	160.6698	0.6138663	0.6886902	2.264249
26790	-91.84906	-252.1802	160.3311	0.3369274	0.5472133	2.862405
26796	-85.74039	-247.1062	161.3658	0.6873289	1.199529	1.352949
26802	-85.58024	-245.2185	159.6382	1.959825	0.3471075	2.382437
26808	-86.13048	-246.4798	160.3493	0.9508646	0.3694315	2.411569
26814	-79.84485	-240.249	160.4041	0.7718735	0.5151083	2.411569
26820	-81.5318	-241.8823	160.3504	1.692344	0.8395893	1.693925
26826	-85.36371	-245.3231	159.9594	2.658245	0.4206596	1.883852
26832	-77.06561	-236.9091	159.8435	0.9043964	0.1913598	2.864078
26838	-77.18538	-235.8213	158.6359	1.579336	0.06775997	3.311034
26844	-88.10741	-247.9519	159.8445	0.7429137	0.07405474	3.046603
26850	-84.23848	-245.2803	161.0418	0.7268804	0.2993529	2.17739
26856	-76.68587	-237.1321	160.4463	1.757288	0.2456437	2.006198
26862	-65.68124	-226.4008	160.7196	0.7527426	0.06372267	2.511559
26868	-66.92954	-226.8673	159.9377	1.54395	0.1136835	2.511559
26874	-75.21848	-236.1682	160.9497	1.436723	0.587991	1.574517
26880	-78.80089	-240.5512	161.7503	0.4939047	0.8803377	1.5221
26886	-73.44336	-234.7036	161.2602	0.6051613	1.197973	1.5221
26892	-76.41627	-238.4066	161.9904	0.5183186	1.525343	0.4477522
26898	-77.09655	-238.4787	161.3822	0.9436899	1.47843	0.7800542
26904	-71.26555	-232.1907	160.9252	0.6524762	0.9210778	1.907687
26910	-80.95761	-242.5616	161.604	0.2519992	1.070806	1.845028
26916	-79.23146	-239.9149	160.6835	0.7159466	0.5838947	2.234115
26922	-99.6349	-259.8905	160.2556	0.2618507	0.9566188	2.766144
26928	-83.40419	-244.9756	161.5714	0.3084852	0.4813954	2.167818
26934	-87.30793	-248.5963	161.2884	0.9467366	0.8624709	1.439759
26940	-67.89026	-228.5323	160.642	0.9467366	0.6124783	2.069313
26946	-71.78271	-233.729	161.9462	0.5622415	0.7168799	1.414958
26952	-81.78691	-241.7352	159.9483	0.2008413	0.7157298	3.196347
26958	-78.82909	-239.6388	160.8097	0.4263179	0.6084779	2.419276
26964	-79.19085	-240.3645	161.1736	0.5412725	0.5880753	2.072715
26970	-76.27698	-235.816	159.539	1.570266	0.1646543	2.714983
26976	-73.83894	-233.1829	159.3439	1.737217	0.2460269	2.714983
26982	-74.69406	-235.597	160.903	0.5802324	0.5618001	2.227472
26988	-74.69086	-235.0781	160.3873	1.58169	1.027242	1.587085
26994	-62.21048	-222.9984	160.7879	0.6171453	0.4520861	2.336983
27000	-66.2227	-226.908	160.6853	0.8043527	0.5902301	2.158628
27006	-85.6705	-246.4429	160.7724	0.6671158	1.085906	1.886026
27012	-77.04848	-238.4065	161.358	0.7272434	1.203059	1.315112
27018	-62.19715	-225.1342	162.9371	0.2075571	0.8335921	1.099556
27024	-73.33961	-235.5904	162.2508	0.3523471	0.9910713	1.249944
27030	-69.36999	-230.6306	161.2606	0.4942091	0.9092875	1.849688
27036	-74.06035	-232.831	158.7706	0.6560744	0.6794934	3.390895
27042	-75.83869	-237.2833	161.4446	0.6294136	0.7227771	1.707759
27048	-69.26573	-229.8902	160.6245	0.7012133	0.2586214	2.489961
27054	-65.12477	-226.6633	161.5386	0.3162792	0.09725915	2.423151
27060	-76.87229	-237.9052	161.0329	0.5671107	0.5951012	2.134347
27066	-70.86416	-232.0313	161.1672	1.739903	0.02878932	1.667322
27072	-76.11095	-237.0893	160.9784	0.9784474	0.2163214	2.087216
27078	-81.57874	-242.878	161.2992	0.8742848	0.005830204	2.087216
27084	-71.87416	-232.8137	160.9395	0.8742848	0.001861916	2.322433
27090	-79.98885	-240.599	160.6102	0.8742848	0.264801	2.364648
27096	-72.71058	-232.4828	159.7723	0.8159987	0.1278097	3.004961
27102	-68.84189	-229.2562	160.4144	1.898474	0.4390726	1.836893
27108	-72.63928	-233.7175	161.0782	0.6141439	0.2528079	2.281636
27114	-73.21774	-233.9116	160.6938	1.279793	0.01254492	2.225398
27120	-61.0082	-222.1603	161.1521	1.108625	0.7816195	1.484084
27126	-71.05421	-232.0349	160.9806	1.529769	1.04891	1.126868
27132	-73.79759	-234.4751	160.6775	1.703442	1.293918	1.069704
27138	-78.53348	-240.0644	161.5309	1.003645	1.077116	0.9998957
27144	-85.06152	-246.2902	161.2287	1.003645	1.099931	1.25202
27150	-89.07767	-249.875	160.7973	2.386725	0.8462992	1.003384
27156	-77.48343	-238.4409	160.9575	1.570733	1.185367	0.9916727
27162	-72.05004	-232.5837	160.5336	2.019429	0.8459367	1.403036
27168	-84.79325	-245.8662	161.073	1.549244	0.8134016	1.238816
27174	-85.83112	-247.7317	161.9006	0.3898048	1.387334	1.145158
27180	-78.74408	-239.88	161.1359	1.384421	0.5532788	1.49198
27186	-76.47783	-236.9429	160.465	1.384421	0.7735044	1.815406
27192	-80.69371	-241.2868	160.5931	1.031795	0.8619361	1.877527
27198	-71.40871	-231.2051	159.7964	1.431254	0.265087	2.557166
27204	-75.40432	-236.4174	161.0131	1.431254	0.941078	1.254932
27210	-63.96539	-225.3096	161.3443	1.410182	1.116864	0.7563494
27216	-66.88486	-227.8917	161.0068	1.272572	0.749163	1.50952
27222	-59.93296	-220.692	160.759	1.370306	0.4940149	1.813038
27228	-63.24303	-224.6309	161.3879	1.370306	0.631721	1.239678
27234	-64.96036	-225.5821	160.6217	1.004845	0.4951774	2.120823
27240	-80.21185	-240.5234	160.3116	1.004845	0.4415964	2.355045
27246	-82.47806	-241.9461	159.468	2.221324	0.4122769	2.355045
27252	-78.56412	-238.7971	160.2329	0.7003901	0.2456917	2.740702
27258	-73.90245	-233.4087	159.5063	1.304524	0.357434	2.740702
27264	-73.84161	-233.9209	160.0793	1.296613	0.471947	2.315967
27270	-75.95399	-236.354	160.4	0.5247928	1.012277	2.315967
27276	-73.06244	-232.9737	159.9113	1.048606	0.1730442	2.744548
27282	-81.67723	-241.7912	160.1139	1.89413	0.06811794	2.28251
27288	-81.14561	-241.4986	160.3529	0.8284909	0.6973929	2.285834
27294	-78.73393	-240.1874	161.4534	0.3821501	0.2156418	2.313826
27300	-75.91842	-236.0646	160.1462	3.221761	0.08638249	1.81777
27306	-64.62436	-224.9441	160.3198	0.985892	0.1666479	2.534688
27312	-67.59952	-227.9592	160.3596	1.588328	0.1123445	2.224932
27318	-82.86539	-242.0577	159.1923	2.256506	0.7819773	2.283114
27324	-75.23427	-235.1302	159.8959	1.146537	0.5136429	2.486985
27330	-70.22898	-232.1512	161.9223	0.3656566	0.636451	1.744401
27336	-74.06721	-236.5356	162.4684	0.2143416	1.280765	1.101221
27342	-72.46317	-234.3374	161.8742	0.7547276	0.7351406	1.247368
27348	-73.96146	-233.7054	159.744	0.7547276	0.1654736	3.043281
27354	-75.11653	-235.7425	160.6259	0.5319888	0.9852753	2.180655
27360	-67.03303	-228.8289	161.7959	0.4933976	1.230098	1.210228
27366	-67.71967	-229.655	161.9353	0.3901171	1.182644	1.289024
27372	-70.37235	-230.3998	160.0274	1.689721	0.4168081	2.197938
27378	-74.30707	-235.4925	161.1854	0.9313108	0.2025801	1.991465
27384	-71.75843	-232.0695	160.3111	0.9313108	0.4713262	2.384262
27390	-63.59322	-225.4217	161.8285	0.3699774	0.9201272	1.602662
27396	-64.63578	-226.726	162.0902	0.5326751	1.260682	0.8231269
27402	-69.28409	-231.1634	161.8793	0.6321217	1.050426	1.108648
27408	-60.94383	-222.9296	161.9857	0.5237386	1.200225	1.019879
27414	-68.51955	-230.2003	161.6808	0.8131842	0.7588789	1.328812
27420	-67.53385	-228.5168	160.983	0.650306	0.5966953	2.087524
27426	-65.85978	-227.6241	161.7643	0.3754455	0.9371073	1.628865
27432	-67.7483	-228.1933	160.445	0.6211588	0.4960884	2.521602
27438	-69.7668	-231.6322	161.8654	0.1962758	0.698269	2.02517
27444	-82.03514	-243.1342	161.0991	0.6753746	0.8176388	1.838493
27450	-77.88321	-238.8977	161.0145	0.6382416	0.846171	1.911252
27456	-72.76873	-233.9423	161.1736	0.9709428	0.6221662	1.682814
27462	-67.28725	-229.7211	162.4338	0.3860036	1.317566	0.5551657
27468	-68.13461	-230.7505	162.6158	0.1322871	1.317566	1.175637
27474	-67.94383	-230.1998	162.256	0.446326	1.105486	0.9751252
27480	-89.14668	-249.6436	160.497	1.109715	0.4337532	2.176565
27486	-80.35453	-240.5283	160.1738	1.056387	0.09564653	2.626233
27492	-76.20419	-235.2329	159.0287	1.056387	0.1838383	3.263272
27498	-89.27285	-250.0929	160.8201	0.8156539	0.460389	2.146833
27504	-83.97326	-244.4766	160.5033	0.4627989	0.5123724	2.629445
27510	-91.08035	-252.0118	160.9315	1.041761	0.7938695	1.682765
27516	-86.60682	-246.2593	159.6524	1.891647	0.5044727	2.299559
27522	-88.67373	-247.6647	158.991	4.32392	0.6478026	1.955703
27528	-81.91658	-241.5919	159.6754	4.32392	0.4793266	1.596165
27534	-73.55372	-233.6551	160.1014	3.140214	0.9102767	1.262518
27540	-84.88554	-247.0352	162.1497	0.2466778	1.313044	1.27215
27546	-80.47478	-241.6704	161.1956	0.6453048	0.900185	1.742564
27552	-93.26725	-254.3769	161.1097	0.4422229	0.2902699	2.412479
27558	-91.57377	-253.1992	161.6254	0.972573	0.5651059	1.388503
27564	-83.17672	-244.9326	161.7558	0.4706969	0.6358323	1.723361
27570	-77.52848	-239.177	161.6485	0.1836336	0.405558	2.38021
27576	-82.14496	-241.7322	159.5872	0.6153282	0.5579434	3.012682
27582	-75.27642	-236.0285	160.7521	0.2890725	0.2155422	2.874084
27588	-73.10418	-233.7585	160.6543	0.8908169	0.6002552	2.108465
27594	-71.86715	-233.2478	161.3807	0.3467318	0.6788464	2.108465
27600	-73.84796	-234.8505	161.0025	0.4319073	0.8895004	2.108465
27606	-82.92162	-243.8691	160.9474	2.096654	0.3679496	1.418431
27612	-72.50374	-233.9783	161.4746	0.8527463	0.5117536	1.637164
27618	-72.93798	-235.0933	162.1554	0.2251449	0.8879623	1.637164
27624	-58.4557	-220.6609	162.2052	0.3161238	1.025015	1.32385
27630	-66.29655	-228.3369	162.0403	0.6591915	1.082527	0.8752101
27636	-82.64543	-244.9677	162.3222	0.3846205	1.082527	1.047089
27642	-83.84466	-246.3177	162.4731	0.2462741	1.246179	1.047089
27648	-78.26272	-240.0153	161.7526	0.8046323	1.116706	0.9525798
27654	-79.41069	-240.8856	161.4749	0.9166839	0.758174	1.40077
27660	-79.95076	-241.6197	161.669	0.9166839	1.03529	0.9933083
27666	-70.46293	-231.372	160.909	1.591511	1.235563	0.9749547
27672	-85.02158	-244.3804	159.3588	0.4789638	0.6952793	3.193486
27678	-82.87112	-242.7758	159.9047	1.541646	0.6131667	2.21673
27684	-80.27966	-240.6406	160.361	0.9342518	0.1226187	2.569562
27690	-73.47584	-233.7766	160.3007	0.6468734	0.03719045	2.869904
27696	-80.82178	-241.5278	160.706	0.6468734	0.01307486	2.637
27702	-73.83198	-234.3047	160.4727	2.074595	0.003226544	2.021586
27708	-70.94684	-232.3778	161.431	0.7932427	0.0085691	2.059751
27714	-69.33408	-229.2277	159.8937	1.422437	0.005854065	2.661523
27720	-63.58002	-224.8158	161.2358	0.9140534	0.009841029	2.097867
27726	-79.35067	-238.295	158.9444	0.7182269	0.006414149	3.634225
27732	-94.40882	-254.5254	160.1166	1.53628	0.08491673	2.420862
27738	-80.31247	-240.5699	160.2574	1.432242	0.03926686	2.409442
27744	-74.73054	-234.6314	159.9008	0.9054247	0.5722367	2.595106
27750	-72.4956	-232.7383	160.2427	0.9054247	0.7614475	2.260565
27756	-83.13491	-241.3369	158.202	1.498242	0.326866	3.44784
27762	-82.99378	-243.7487	160.755	1.048143	0.367886	2.089064
27768	-80.40723	-240.4603	160.0531	0.3908258	0.374721	3.066771
27774	-86.65273	-246.3158	159.6631	1.417022	0.7444842	2.346592
27780	-78.40086	-239.4752	161.0743	0.7890613	0.6601122	1.865204
27786	-69.14609	-230.243	161.0969	0.8888375	0.7611206	1.700196
27792	-72.61569	-232.6856	160.0699	0.8888375	0.6903074	2.427062
27798	-76.13834	-236.7026	160.5643	0.5677851	0.4695144	2.512505
27804	-79.66159	-240.7927	161.1311	0.6182486	0.1632216	2.301351
27810	-79.10979	-239.9142	160.8045	0.6777048	0.4389772	2.281552
27816	-86.49907	-246.2143	159.7152	2.229837	0.2758145	2.281552
27822	-76.21872	-237.8428	161.6241	0.6533547	0.6936796	1.575757
27828	-77.76373	-239.0648	161.301	1.123822	0.3890233	1.652756
27834	-78.38006	-238.8924	160.5123	3.505284	0.1933209	1.393338
27840	-77.6783	-238.2721	160.5938	1.33707	0.4408942	1.97926
27846	-80.83568	-242.7977	161.962	0.8339774	0.9033631	0.9202478
27852	-78.61756	-240.2597	161.6422	0.8339774	1.02468	1.115885
27858	-90.05048	-251.3282	161.2777	0.8339774	1.02468	1.417862
27864	-76.63114	-238.2563	161.6252	0.8339774	1.046592	1.11142
27870	-90.26567	-252.7466	162.4809	0.1780114	1.783846	0.4422245
27876	-77.43453	-239.0953	161.6607	0.701406	1.590477	0.5574023
27882	-70.77296	-232.2809	161.5079	0.8263966	1.590477	0.5574023
27888	-69.41525	-231.0391	161.6238	0.5505373	1.486919	1.051828
27894	-77.47855	-240.2225	162.7439	0.1506597	1.345495	0.9665093
27900	-82.10496	-244.1952	162.0903	0.3233446	1.347915	1.134729
27906	-80.90843	-243.0875	162.1791	0.4315699	1.347915	0.8176223
27912	-85.2634	-245.2084	159.945	2.49734	0.1582158	2.119898
27918	-78.1899	-238.3768	160.1869	1.780205	0.08819127	2.268648
27924	-77.40746	-237.1426	159.7352	1.654031	0.623381	2.268648
27930	-84.74494	-246.377	161.632	0.9457646	1.244038	0.7547238
27936	-81.35863	-242.1382	160.7796	0.6369041	0.4030667	2.355745
27942	-78.54837	-239.6817	161.1333	1.809631	0.1592406	1.564841
27948	-80.99551	-242.7119	161.7164	0.5813815	0.8209133	1.488922
27954	-72.65064	-234.2905	161.6399	0.5309252	0.9371709	1.517184
27960	-78.4904	-238.7732	160.2828	1.28655	0.8238754	1.958577
27966	-75.92308	-238.2537	162.3306	0.2335573	0.661552	1.657225
27972	-74.8092	-236.3323	161.5231	1.205842	0.7512507	1.137054
27978	-66.62504	-228.7992	162.1742	0.4116862	1.177424	1.047863
27984	-65.41057	-227.513	162.1024	0.3092897	1.291957	1.200733
27990	-76.61493	-237.7019	161.087	0.4064583	0.9869814	2.019769
27996	-92.37764	-253.0108	160.6331	0.6219182	0.3243231	2.510714
28002	-119.4183	-277.5766	158.1583	1.412208	0.2349603	3.564653
28008	-108.3552	-269.1645	160.8093	1.412208	0.719782	1.594473
28014	-91.94409	-252.9574	161.0133	0.4535684	0.9916745	2.008106
28020	-88.39886	-249.4215	161.0227	0.2426845	0.8809479	2.36759
28026	-80.41298	-241.7589	161.3459	0.5419805	0.9120537	1.735185
28032	-79.45785	-240.1641	160.7063	0.9032305	0.6124808	2.05736
28038	-85.22783	-247.0431	161.8153	0.8500479	0.691496	1.239197
28044	-81.69773	-243.8761	162.1784	0.1955921	1.504245	1.208665
28050	-79.33505	-241.7547	162.4197	0.2223472	1.437827	0.9746577
28056	-78.33819	-240.756	162.4178	0.2694987	1.340714	0.9478904
28062	-86.19115	-247.8266	161.6355	0.8540706	1.421408	0.5952803
28068	-82.15696	-243.9316	161.7746	0.7187572	1.421408	0.6528324
28074	-80.32572	-242.2895	161.9638	0.5812349	1.170721	0.9826703
28080	-78.55403	-239.3088	160.7548	0.2662102	0.6713562	2.628119
28086	-71.91523	-232.9539	161.0387	0.4694501	0.8132529	2.090972
28092	-69.86026	-231.0618	161.2015	0.6677042	0.8132529	1.777863
28098	-79.30989	-241.6666	162.3568	0.2861022	1.043712	1.241551
